origen_id,destino_id,distancia_km,tiempo_min
0,0,0.0,0.0
0,1,15.28638,19.922833333333333
0,2,18.95092,23.56433333333333
0,3,105.02782,69.24516666666666
0,4,134.01444,130.977
0,5,34.51613,37.683
0,6,19.00046,22.661
0,7,36.089940000000006,42.462833333333336
0,8,63.45639,55.72533333333333
0,9,29.94074,35.82783333333334
0,10,107.68313,92.16866666666667
0,11,83.45139,73.5085
0,12,18.46032,29.884333333333334
0,13,52.62116,40.3855
0,14,44.12561,45.37966666666667
0,15,54.67465,59.27383333333333
0,16,138.91685999999999,99.01566666666666
0,17,35.8468,38.21516666666666
0,18,33.06282,37.173
0,19,22.182299999999998,31.385833333333334
0,20,48.23804,46.345
0,21,47.24171,49.888333333333335
0,22,41.760940000000005,30.667333333333332
0,23,22.57478,29.255499999999998
0,24,79.49885,55.4375
0,25,56.38368,54.32266666666667
0,26,93.79736,67.60183333333333
0,27,45.80043,33.342
0,28,48.53944,43.28883333333333
0,29,131.03949,91.2415
0,30,59.14678,65.08016666666667
0,31,22.63286,32.973333333333336
0,32,19.037689999999998,25.195
0,33,51.18764,45.559999999999995
0,34,88.53898,80.59316666666668
0,35,102.83149,104.61833333333334
0,36,98.4842,89.69466666666668
0,37,12.385219999999999,21.9915
0,38,78.3852,72.29583333333333
0,39,51.34174,43.01133333333333
0,40,115.79577,84.11149999999999
0,41,56.51407,38.86866666666666
0,42,7.529109999999999,14.150666666666666
0,43,98.77016,63.65116666666667
0,44,30.42199,34.88166666666667
0,45,117.01236,78.27083333333333
0,46,76.48842,53.70283333333334
0,47,54.53879,47.8625
0,48,20.97887,27.597666666666665
0,49,42.59645,43.324333333333335
0,50,113.69933999999999,76.57383333333334
0,51,24.30182,32.75216666666667
0,52,135.03863,131.26766666666668
0,53,37.35774,38.25833333333333
0,54,125.43609,82.83716666666666
0,55,43.50206,40.461666666666666
0,56,36.68598,50.00633333333334
0,57,94.11495,68.15833333333333
0,58,57.19752,41.50383333333333
0,59,124.12577,80.89733333333334
0,60,70.05134,59.2355
0,61,82.48874,53.59666666666667
0,62,82.62128,80.35483333333333
0,63,31.21959,31.750333333333334
0,64,21.69801,27.839499999999997
0,65,68.83337,54.77966666666667
0,66,119.73257000000001,83.5685
0,67,115.72377,79.33966666666667
0,68,39.55836,33.912166666666664
0,69,63.58546,54.40466666666667
0,70,71.4133,53.624
0,71,117.25079,116.54633333333332
0,72,37.67855,44.709833333333336
0,73,94.34816000000001,63.5185
0,74,19.25093,16.6705
0,75,36.37851,33.3155
0,76,17.4178,27.351333333333333
0,77,59.37169,44.9435
0,78,116.40085,80.20716666666667
0,79,88.14408999999999,88.04033333333334
0,80,87.10409,76.80866666666667
0,81,54.835260000000005,50.89183333333334
0,82,101.0356,85.35616666666667
0,83,75.76298,52.57983333333333
0,84,93.98899,87.71116666666667
0,85,14.50191,26.766166666666667
0,86,91.36674000000001,72.46366666666667
0,87,30.728189999999998,34.440000000000005
0,88,136.68376999999998,87.06833333333334
0,89,61.97661,51.973499999999994
0,90,116.00616000000001,77.96700000000001
0,91,29.908369999999998,41.0115
0,92,18.77687,24.227666666666668
0,93,113.57547,104.86149999999999
0,94,38.3191,38.992333333333335
0,95,24.87842,30.27316666666667
0,96,114.30866999999999,82.562
0,97,56.21296,50.280499999999996
0,98,19.075470000000003,25.995333333333335
0,99,32.30137,34.551500000000004
0,100,27.04318,25.10983333333333
0,101,27.37278,35.227
0,102,62.25204,58.03
0,103,92.62967,75.96116666666667
0,104,33.871230000000004,40.165333333333336
0,105,65.46288,65.9365
0,106,52.62631,50.479
0,107,36.15601,36.883833333333335
0,108,17.77368,26.396
0,109,20.28717,27.326999999999998
0,110,16.58916,20.831166666666665
0,111,16.48661,19.7655
0,112,13.25742,15.801333333333334
0,113,17.30195,22.958666666666666
0,114,20.60762,24.6835
0,115,23.51454,29.088166666666666
0,116,18.63414,24.487166666666667
0,117,7.41571,14.401166666666667
0,118,222.17516,149.75933333333333
0,119,97.28502999999999,61.436166666666665
0,120,258.13192000000004,169.17916666666667
0,121,148.15352,93.55866666666667
0,122,105.56204,75.28633333333333
1,0,14.72106,17.63
1,1,0.0,0.0
1,2,22.060950000000002,30.786
1,3,102.92144,74.1785
1,4,113.42737,127.82383333333334
1,5,22.85002,26.215666666666667
1,6,22.110490000000002,29.882833333333334
1,7,24.04064,31.43933333333333
1,8,56.86734,59.158
1,9,18.27462,24.360500000000002
1,10,105.57674,97.10216666666666
1,11,71.78527,62.04116666666666
1,12,17.25896,27.059666666666665
1,13,50.51478,45.318999999999996
1,14,32.45949,33.912333333333336
1,15,43.00854,47.8065
1,16,136.81047,103.949
1,17,24.18069,26.747833333333332
1,18,21.39671,25.705666666666666
1,19,10.51618,19.918499999999998
1,20,30.77901,37.61
1,21,35.57559,38.42100000000001
1,22,53.135169999999995,41.32216666666667
1,23,10.90866,17.788166666666665
1,24,72.9098,58.87033333333333
1,25,41.17463,49.438833333333335
1,26,87.20831,71.03466666666667
1,27,39.21139,36.774833333333326
1,28,36.87332,31.8215
1,29,128.9331,96.175
1,30,47.48066,53.612833333333334
1,31,10.96674,21.505999999999997
1,32,7.371569999999999,13.727666666666666
1,33,39.521519999999995,34.092666666666666
1,34,76.87286999999999,69.12583333333333
1,35,87.62244,99.7345
1,36,91.89515,93.1275
1,37,15.6511,25.2405
1,38,81.49522999999999,79.5175
1,39,54.451769999999996,50.233
1,40,113.68939,89.045
1,41,67.8883,49.5235
1,42,14.51399,23.351
1,43,92.18111999999999,67.084
1,44,18.75588,23.41433333333333
1,45,114.90598,83.20433333333334
1,46,69.89938000000001,57.135666666666665
1,47,42.87267,36.39516666666667
1,48,9.31275,16.130333333333333
1,49,30.93033,31.856833333333334
1,50,111.59295,81.50733333333332
1,51,12.6357,21.28483333333333
1,52,152.79627,125.05583333333334
1,53,25.69162,26.790833333333335
1,54,123.3297,87.77066666666666
1,55,31.835939999999997,28.994333333333334
1,56,40.75396,51.38466666666667
1,57,87.5259,71.59116666666667
1,58,68.57175,52.15866666666667
1,59,122.01938,85.83083333333335
1,60,63.46229,62.66816666666667
1,61,75.8997,57.029333333333334
1,62,70.95516,68.8875
1,63,29.11321,36.68366666666667
1,64,10.031889999999999,16.37216666666667
1,65,66.72698,59.713166666666666
1,66,117.62619000000001,88.502
1,67,113.61739,84.27316666666667
1,68,42.66839,41.133833333333335
1,69,66.69549,61.626333333333335
1,70,69.30692,58.5575
1,71,110.66174000000001,119.979
1,72,26.012430000000002,33.2425
1,73,92.24177,68.452
1,74,30.62515,27.325333333333333
1,75,47.752739999999996,43.97033333333333
1,76,13.27818,21.005
1,77,57.2653,49.876999999999995
1,78,114.29447,85.14066666666666
1,79,72.93503999999999,83.15650000000001
1,80,80.51504,80.24133333333333
1,81,43.16914,39.424499999999995
1,82,98.92922,90.28966666666666
1,83,73.65659,57.513333333333335
1,84,87.39995,91.144
1,85,18.56988,28.1445
1,86,79.70063,60.99633333333334
1,87,18.67889,23.4165
1,88,134.57738,92.00183333333332
1,89,50.31049,40.506
1,90,113.89977,82.90033333333334
1,91,18.24225,29.54416666666667
1,92,7.11075,12.760333333333334
1,93,106.98642,108.29433333333333
1,94,26.65298,27.525
1,95,13.212299999999999,18.805833333333332
1,96,112.20228999999999,87.49549999999999
1,97,46.18459,53.61633333333334
1,98,7.409350000000001,14.527999999999999
1,99,20.63525,23.084166666666665
1,100,34.64329,32.70066666666666
1,101,15.70666,23.759666666666664
1,102,50.58593,46.56266666666667
1,103,90.52328999999999,80.89450000000001
1,104,22.20511,28.698
1,105,51.80201,64.65166666666667
1,106,35.16728,41.744
1,107,34.04963,41.81733333333333
1,108,6.37009,14.7935
1,109,9.478399999999999,17.31433333333333
1,110,5.78038,10.818333333333333
1,111,8.04472,15.007666666666667
1,112,4.54213,8.455499999999999
1,113,5.11057,10.701666666666666
1,114,11.503,21.984666666666666
1,115,11.9733,21.660500000000003
1,116,7.82536,14.474333333333334
1,117,8.84597,14.800833333333333
1,118,220.06877,154.69283333333334
1,119,108.65925999999999,72.09116666666667
1,120,256.02555,174.11266666666668
1,121,141.56447,96.99133333333333
1,122,93.89592,63.818999999999996
2,0,19.65161,24.008333333333333
2,1,21.88708,30.558333333333334
2,2,0.0,0.0
2,3,86.48795,61.031
2,4,127.22048,129.5095
2,5,39.26938,48.223499999999994
2,6,3.36653,7.22
2,7,45.32817,44.191833333333335
2,8,56.66243,54.25783333333333
2,9,41.625510000000006,41.95399999999999
2,10,89.14324,83.95466666666667
2,11,88.20463000000001,84.04899999999999
2,12,33.67832,49.0675
2,13,34.08129,32.1715
2,14,48.87885,55.92016666666667
2,15,59.42789,69.81433333333332
2,16,120.37697999999999,90.8015
2,17,40.60004,48.75566666666667
2,18,37.81606,47.713499999999996
2,19,26.93554,41.92633333333333
2,20,41.44408,44.877500000000005
2,21,52.36434,52.4425
2,22,48.03809,43.87766666666666
2,23,27.32801,39.79600000000001
2,24,72.70488,53.97
2,25,49.58972,52.85516666666667
2,26,87.0034,66.13433333333333
2,27,39.00647,31.8745
2,28,53.29268,53.82933333333334
2,29,112.49961,83.02749999999999
2,30,64.26941000000001,67.63433333333333
2,31,26.81418,42.74283333333334
2,32,23.79093,35.7355
2,33,55.94088,56.100500000000004
2,34,93.29222999999999,91.13366666666667
2,35,96.03753,103.15083333333334
2,36,91.69023,88.22716666666666
2,37,30.65075,41.85066666666667
2,38,65.67846,65.47416666666666
2,39,38.635,36.18966666666667
2,40,97.25589,75.89750000000001
2,41,62.79121,52.07899999999999
2,42,10.69591,16.41133333333333
2,43,91.97619999999999,62.18366666666667
2,44,35.175230000000006,45.42216666666666
2,45,98.47247999999999,70.05666666666666
2,46,69.69446,52.23533333333333
2,47,59.29203,58.403
2,48,25.732110000000002,38.138000000000005
2,49,47.34969,53.86466666666667
2,50,95.15946000000001,68.35983333333334
2,51,29.055049999999998,43.29266666666667
2,52,128.24466,129.8
2,53,42.110980000000005,48.79866666666667
2,54,106.89621000000001,74.62316666666668
2,55,48.255300000000005,51.00216666666667
2,56,54.95151,69.86533333333334
2,57,71.98827,64.52283333333334
2,58,63.474669999999996,54.714000000000006
2,59,105.58588,72.68333333333334
2,60,63.25737,57.768
2,61,75.69478,52.12916666666667
2,62,87.37452,90.89533333333334
2,63,14.15778,23.469
2,64,26.45125,38.38
2,65,50.29349,46.5655
2,66,101.19269,75.35433333333334
2,67,97.1839,71.12566666666666
2,68,26.85161,27.090500000000002
2,69,50.87872,47.583
2,70,52.873419999999996,45.40983333333334
2,71,110.45682000000001,115.07883333333332
2,72,42.43179,55.25033333333333
2,73,75.80828,55.3045
2,74,25.528080000000003,29.880666666666666
2,75,34.44836,36.23066666666667
2,76,29.69754,43.01283333333333
2,77,40.83181,36.7295
2,78,97.86097,71.993
2,79,81.35013000000001,86.57283333333334
2,80,80.31013,75.34116666666667
2,81,59.5885,61.43233333333333
2,82,82.49572,77.14200000000001
2,83,57.223099999999995,44.36583333333333
2,84,87.19502,86.24366666666667
2,85,32.76743,46.62516666666667
2,86,96.11998,83.00416666666666
2,87,39.96642,36.169
2,88,118.14388000000001,78.85416666666667
2,89,66.72985,62.51383333333333
2,90,97.46628,69.75283333333333
2,91,32.193220000000004,51.4715
2,92,23.53011,34.768166666666666
2,93,106.78151,103.394
2,94,43.07234,49.53283333333333
2,95,29.63166,40.81366666666667
2,96,95.7688,74.348
2,97,49.419,48.813
2,98,23.828709999999997,36.535833333333336
2,99,37.054610000000004,45.092
2,100,18.82651,18.65716666666667
2,101,28.93458,45.674166666666665
2,102,67.00528,68.5705
2,103,74.08979,67.747
2,104,38.62446,50.70583333333333
2,105,58.668910000000004,64.469
2,106,45.83235,49.0115
2,107,19.094189999999998,28.602500000000003
2,108,20.43082,33.66683333333334
2,109,21.05634,31.93316666666667
2,110,16.71875,24.092
2,111,15.629389999999999,21.809
2,112,16.30932,23.318499999999997
2,113,20.57656,31.3045
2,114,17.352130000000002,25.1165
2,115,32.75278,30.817166666666665
2,116,18.54915,27.041
2,117,18.40434,26.145666666666667
2,118,203.63527,141.54516666666666
2,119,103.56218,74.6465
2,120,239.59205,160.96516666666668
2,121,141.35954999999998,92.091
2,122,110.31528,85.82666666666667
3,0,105.7638,70.61933333333333
3,1,103.88447000000001,76.10516666666668
3,2,86.87091000000001,62.186
3,3,0.0,0.0
3,4,141.28909,146.84383333333332
3,5,119.64818,92.99549999999999
3,6,83.82892,56.103500000000004
3,7,112.92445,84.36433333333333
3,8,95.99953,88.42933333333333
3,9,106.54127,81.78283333333334
3,10,41.698910000000005,42.647666666666666
3,11,166.64273,123.75150000000001
3,12,121.04238000000001,94.40216666666667
3,13,54.28718,37.10466666666667
3,14,129.25766000000002,100.69233333333334
3,15,137.866,109.51683333333334
3,16,34.079519999999995,33.50633333333334
3,17,120.97883999999999,93.52766666666666
3,18,118.19487,92.4855
3,19,109.4478,86.90733333333333
3,20,116.7736,85.10916666666667
3,21,119.96063000000001,92.615
3,22,106.33055999999999,88.74833333333332
3,23,106.56828,81.14699999999999
3,24,62.55557,57.65333333333333
3,25,124.91925,93.08683333333333
3,26,52.77307,61.186166666666665
3,27,72.47617,64.37416666666667
3,28,133.67148,98.60133333333333
3,29,26.202150000000003,25.732333333333333
3,30,131.86569,107.80666666666666
3,31,108.85910000000001,85.83283333333334
3,32,105.19499,80.95916666666668
3,33,136.31969,100.87266666666666
3,34,171.73033999999998,130.83616666666666
3,35,126.01644999999999,128.752
3,36,105.75885000000001,105.5615
3,37,116.76293,88.46149999999999
3,38,70.74634,64.2335
3,39,68.02755,61.82183333333333
3,40,21.76162,26.87183333333333
3,41,129.86684,100.42483333333332
3,42,100.78052000000001,66.825
3,43,39.18259,42.56483333333333
3,44,115.55403,90.19416666666666
3,45,12.17502,12.761500000000002
3,46,48.18423000000001,40.93216666666667
3,47,137.73014,98.10549999999999
3,48,108.471,83.76299999999999
3,49,125.7878,93.56716666666667
3,50,8.862,11.064666666666666
3,51,109.43386,88.06466666666667
3,52,142.31328,147.13433333333333
3,53,120.54908999999999,88.50116666666666
3,54,20.59875,17.328
3,55,128.63410000000002,95.77416666666666
3,56,141.06369,116.47633333333333
3,57,29.8934,25.81566666666667
3,58,130.55029,103.06
3,59,19.28843,15.388
3,60,77.32598,75.10233333333333
3,61,52.850120000000004,51.10366666666666
3,62,165.81264000000002,130.59783333333334
3,63,79.60985000000001,56.09666666666667
3,64,109.19014,84.00483333333334
3,65,51.07174,39.91833333333333
3,66,17.98602,19.8665
3,67,21.689619999999998,22.099833333333333
3,68,84.38774000000001,67.8325
3,69,71.90757,64.13266666666667
3,70,51.61306,40.78416666666667
3,71,107.39076,121.279
3,72,128.81578,98.24966666666666
3,73,12.24663,12.802166666666666
3,74,92.66499,77.292
3,75,92.08296,77.52616666666667
3,76,112.43642999999999,88.63766666666668
3,77,49.99593,35.022166666666664
3,78,11.56351,14.697833333333334
3,79,118.73131,119.5325
3,80,75.18749000000001,81.4935
3,81,139.9673,106.20433333333334
3,82,67.70974000000001,56.36233333333333
3,83,31.57963,23.441333333333333
3,84,85.60906,94.75233333333334
3,85,118.87961999999999,93.23616666666666
3,86,174.55809,122.70666666666666
3,87,107.56269999999999,76.3415
3,88,31.84643,21.559
3,89,145.16797,102.21633333333332
3,90,14.25961,14.264999999999999
3,91,125.02602,94.079
3,92,106.269,80.393
3,93,120.85013000000001,120.72833333333332
3,94,123.45114,94.30483333333333
3,95,108.06977,80.51616666666668
3,96,33.00882,32.81766666666667
3,97,98.90044999999999,88.083
3,98,106.5676,82.16066666666667
3,99,117.43341000000001,89.864
3,100,81.62,63.86416666666666
3,101,112.50514,87.46900000000001
3,102,147.38407999999998,113.3425
3,103,57.630089999999996,44.93483333333334
3,104,119.00327,95.47783333333334
3,105,103.76686,99.45100000000001
3,106,121.16188000000001,89.24316666666667
3,107,81.72028,60.62233333333334
3,108,102.11436,78.12133333333333
3,109,99.42339,71.10383333333333
3,110,98.0553,67.298
3,111,97.11296,65.48916666666666
3,112,98.79780000000001,69.73083333333334
3,113,101.75616000000001,76.25316666666666
3,114,94.92527,62.67100000000001
3,115,100.34905,70.98966666666666
3,116,96.96727,65.41383333333333
3,117,104.51652,72.75666666666666
3,118,117.33781,84.25
3,119,170.6378,122.9925
3,120,153.29459,103.66983333333333
3,121,95.89195,74.64633333333333
3,122,190.69407999999999,130.59883333333335
4,0,133.79119,129.68383333333333
4,1,113.29127,128.187
4,2,127.59248,129.90883333333332
4,3,140.545,145.24766666666667
4,4,0.0,0.0
4,5,125.85086,133.3165
4,6,122.08933999999999,125.80633333333334
4,7,90.7793,101.97250000000001
4,8,76.09608999999999,84.62049999999999
4,9,99.97247999999999,113.6215
4,10,158.24798,167.54116666666667
4,11,66.38039,85.90966666666667
4,12,127.24506,134.72316666666669
4,13,115.20871000000001,134.68016666666668
4,14,135.46033,141.01333333333332
4,15,120.89245,137.13583333333332
4,16,174.43403,175.01816666666667
4,17,127.18152,133.84866666666667
4,18,124.39753999999999,132.8065
4,19,115.65048,127.22833333333332
4,20,83.81227,95.34616666666668
4,21,85.95675,95.78150000000001
4,22,172.2053,153.37616666666665
4,23,109.1004,121.09016666666666
4,24,78.34238,88.61200000000001
4,25,72.75157,80.7805
4,26,111.18416,121.20283333333333
4,27,89.1643,99.65566666666668
4,28,139.87416000000002,138.92233333333334
4,29,166.55667000000003,167.24416666666667
4,30,74.90401,86.04466666666667
4,31,111.39122,125.77600000000001
4,32,111.33909,121.56433333333332
4,33,142.52236,141.19366666666667
4,34,114.28009,112.664
4,35,25.77586,31.433
4,36,35.343540000000004,40.56316666666667
4,37,122.80626,136.81466666666665
4,38,153.98722,173.0925
4,39,159.98329999999999,149.35583333333335
4,40,151.31295,160.11416666666668
4,41,186.95842000000002,161.5775
4,42,128.80791,125.88966666666667
4,43,116.15696000000001,117.25216666666667
4,44,121.75671000000001,130.51516666666666
4,45,152.52953,154.27349999999998
4,46,93.46226,106.07950000000001
4,47,130.96984,114.69166666666666
4,48,116.46791,127.70450000000001
4,49,108.81425,121.18633333333334
4,50,149.21652,152.5765
4,51,115.63654,128.38566666666668
4,52,13.71243,17.15666666666667
4,53,95.83647,106.8125
4,54,149.24452,151.81866666666667
4,55,134.83678,136.09516666666667
4,56,147.90913,162.959
4,57,111.08878,120.53516666666665
4,58,187.64188000000001,164.2125
4,59,159.64294,156.9
4,60,63.56279,72.07016666666667
4,61,99.87553999999999,107.19766666666666
4,62,159.05232999999998,147.18400000000003
4,63,111.16894,118.43233333333333
4,64,117.18705,127.94633333333333
4,65,115.51039,129.86716666666666
4,66,139.52597,142.376
4,67,151.24095,155.34233333333336
4,68,148.19992000000002,140.25683333333333
4,69,172.22702999999998,160.74916666666667
4,70,134.85395,149.64316666666667
4,71,41.848,52.08316666666666
4,72,117.91117,128.864
4,73,127.62098,133.96983333333333
4,74,149.69528,139.37933333333334
4,75,155.79666,149.397
4,76,120.43334,132.57916666666668
4,77,117.83203,131.7405
4,78,151.91803,156.20966666666666
4,79,41.1593,48.072
4,80,74.40188,90.5925
4,81,146.16998,146.52533333333335
4,82,167.17538000000002,179.36683333333335
4,83,130.12002999999999,144.71883333333332
4,84,64.23928,78.09433333333332
4,85,125.72503999999999,139.71866666666668
4,86,75.31469,90.58083333333335
4,87,97.13395,108.78099999999999
4,88,172.20094,163.071
4,89,115.18858999999999,102.62483333333333
4,90,138.34814,141.72333333333333
4,91,114.12142,124.69333333333334
4,92,113.7015,124.22716666666666
4,93,19.978369999999998,24.660666666666668
4,94,129.65382,134.62583333333333
4,95,103.68719999999999,116.834
4,96,149.55789000000001,157.71116666666666
4,97,74.85097999999999,89.87116666666667
4,98,113.1107,125.56833333333334
4,99,123.63609,130.185
4,100,140.17481,131.8235
4,101,108.96754,124.56
4,102,153.58677,153.6635
4,103,157.09572,167.93933333333334
4,104,121.42667999999999,133.78533333333334
4,105,67.13205,80.72516666666667
4,106,78.45414,87.17516666666667
4,107,101.44083,115.48183333333333
4,108,107.08671000000001,122.37266666666666
4,109,103.97142,115.25866666666667
4,110,106.28572,121.73949999999999
4,111,121.76728,121.69266666666667
4,112,107.99431,124.84683333333334
4,113,109.35603,122.24933333333334
4,114,102.94937,117.06066666666668
4,115,99.25612,111.15116666666667
4,116,103.19271,118.126
4,117,128.18193,130.31833333333333
4,118,257.69232999999997,225.762
4,119,227.72939000000002,184.145
4,120,293.64909,245.18183333333334
4,121,143.23195,126.15033333333334
4,122,196.89677,170.91983333333334
5,0,33.39606,34.27433333333333
5,1,23.00523,27.047666666666665
5,2,40.735949999999995,47.43033333333334
5,3,119.85163,90.9845
5,4,125.32817,135.10066666666665
5,5,0.0,0.0
5,6,40.785489999999996,46.527166666666666
5,7,35.941449999999996,38.716166666666666
5,8,75.21555000000001,71.7945
5,9,28.37098,30.28533333333333
5,10,122.50692,113.90799999999999
5,11,81.88163,67.96583333333334
5,12,11.98874,17.513666666666666
5,13,67.44496000000001,62.12483333333333
5,14,13.67458,17.6175
5,15,22.2592,28.665166666666668
5,16,153.74066,120.75500000000001
5,17,6.81253,10.817499999999999
5,18,7.13859,12.378833333333334
5,19,11.83511,13.3515
5,20,42.679809999999996,44.886833333333335
5,21,40.22216,43.7395
5,22,71.81017,57.96666666666667
5,23,18.34738,21.72716666666667
5,24,91.25802,71.50683333333333
5,25,53.07543,56.71566666666667
5,26,105.55653,83.67116666666668
5,27,57.559599999999996,49.41133333333333
5,28,18.48547,16.457833333333333
5,29,145.86328,112.981
5,30,52.127230000000004,58.93116666666666
5,31,16.21657,19.57766666666667
5,32,16.23666,16.276
5,33,21.13367,18.729166666666668
5,34,86.96923,75.05066666666667
5,35,99.52324,107.01133333333334
5,36,110.24336,105.764
5,37,24.5057,25.684666666666665
5,38,100.17022999999999,96.162
5,39,73.12677000000001,66.87733333333333
5,40,130.61957,105.85100000000001
5,41,86.5633,66.16783333333333
5,42,33.18899,39.99533333333333
5,43,110.52933,79.72049999999999
5,44,4.22042,6.948166666666666
5,45,131.83616,100.01016666666666
5,46,88.24759,69.77216666666666
5,47,52.96903,42.32
5,48,20.00646,23.974833333333333
5,49,23.333740000000002,28.7575
5,50,128.52314,98.31333333333333
5,51,9.51963,18.909499999999998
5,52,162.89263,130.9805
5,53,30.338189999999997,32.10933333333333
5,54,140.25989,104.57666666666667
5,55,13.44809,13.630666666666666
5,56,46.01161,50.47383333333333
5,57,105.87411,84.22766666666666
5,58,87.24675,68.80300000000001
5,59,138.94956,102.63666666666667
5,60,81.8105,75.30483333333333
5,61,94.24791,69.66583333333332
5,62,44.042910000000006,61.79083333333333
5,63,46.04339,53.48966666666667
5,64,14.45942,18.842
5,65,83.65716,76.519
5,66,133.89834,104.84433333333332
5,67,130.54758,101.079
5,68,61.34339,57.77833333333333
5,69,85.3705,78.27066666666666
5,70,86.23710000000001,75.36333333333333
5,71,129.00995,132.6155
5,72,8.227649999999999,10.064166666666667
5,73,109.17196000000001,85.258
5,74,49.300160000000005,43.96966666666666
5,75,66.42774,60.61466666666667
5,76,19.57646,22.615000000000002
5,77,74.19547999999999,66.683
5,78,131.22464000000002,101.9465
5,79,84.83583999999999,90.43333333333334
5,80,98.86325,92.878
5,81,24.781290000000002,24.060833333333335
5,82,115.8594,107.09549999999999
5,83,90.58678,74.31933333333333
5,84,105.74816,103.7805
5,85,23.82753,27.233666666666668
5,86,89.79697999999999,66.921
5,87,30.5797,30.69333333333333
5,88,151.50755999999998,108.80766666666666
5,89,60.40685,46.43083333333333
5,90,130.82996,99.70633333333333
5,91,12.516219999999999,16.232
5,92,17.96776,20.442666666666664
5,93,125.33463,120.93083333333334
5,94,4.06537,6.404
5,95,23.30866,24.7305
5,96,129.13248,104.30133333333333
5,97,58.0854,60.893
5,98,15.417729999999999,17.1295
5,99,2.99489,5.193
5,100,53.31829,49.345
5,101,17.838990000000003,21.670166666666667
5,102,32.19807,31.199
5,103,107.45347,97.70049999999999
5,104,4.29596,7.276
5,105,63.70281,71.9285
5,106,47.06808,49.020833333333336
5,107,55.19753,55.219
5,108,19.60109,23.325499999999998
5,109,22.08877,25.915833333333335
5,110,22.81394,27.554166666666667
5,111,25.18805,32.314499999999995
5,112,23.258490000000002,26.128833333333333
5,113,19.247439999999997,21.278166666666667
5,114,32.05448,35.69166666666667
5,115,26.45125,28.950666666666667
5,116,23.803459999999998,28.831
5,117,27.41484,31.984666666666666
5,118,236.99895,171.49866666666668
5,119,127.33427,88.7355
5,120,272.95572,190.91850000000002
5,121,159.91267000000002,109.62783333333333
5,122,75.50806,48.455333333333336
6,0,19.65619,22.982333333333333
6,1,21.891659999999998,29.532500000000002
6,2,3.35322,7.327333333333333
6,3,83.5553,55.524499999999996
6,4,120.12864,124.66833333333334
6,5,39.27395,47.1975
6,6,0.0,0.0
6,7,38.23633,39.35066666666667
6,8,49.570589999999996,49.416666666666664
6,9,34.53368,37.112833333333334
6,10,86.2106,78.44816666666667
6,11,84.41358,80.20283333333333
6,12,33.682900000000004,48.0415
6,13,31.14864,26.665000000000003
6,14,48.88343,54.89433333333333
6,15,55.63684,65.96816666666668
6,16,117.44434,85.295
6,17,40.60463,47.72966666666667
6,18,37.82064,46.6875
6,19,26.94012,40.900333333333336
6,20,34.352239999999995,40.03633333333333
6,21,45.272510000000004,47.60133333333333
6,22,47.63332,43.69566666666666
6,23,24.339119999999998,37.598333333333336
6,24,65.61305,49.12883333333333
6,25,42.497879999999995,48.014
6,26,79.91156,61.29316666666667
6,27,31.914630000000002,27.033333333333335
6,28,53.29726,52.80333333333333
6,29,109.56696000000001,77.521
6,30,57.17758,62.79316666666667
6,31,26.818759999999997,41.716833333333334
6,32,23.79551,34.709500000000006
6,33,55.94546,55.074666666666666
6,34,89.50117999999999,87.2875
6,35,88.9457,98.30966666666667
6,36,84.5984,83.386
6,37,30.655330000000003,40.824666666666666
6,38,69.07405,63.352833333333336
6,39,42.42893,38.113166666666665
6,40,94.32325,70.391
6,41,62.386449999999996,51.89683333333333
6,42,9.780569999999999,15.657333333333334
6,43,84.88436999999999,57.3425
6,44,35.179809999999996,44.396166666666666
6,45,95.53984,64.55016666666667
6,46,62.60263,47.39416666666667
6,47,55.500980000000006,54.55683333333333
6,48,25.73669,37.11216666666667
6,49,43.55864,50.0185
6,50,92.22681,62.85333333333333
6,51,29.059639999999998,42.266666666666666
6,52,121.15283000000001,124.95883333333333
6,53,38.31993,44.9525
6,54,103.96356,69.11666666666666
6,55,48.259879999999995,49.97616666666667
6,56,54.956089999999996,68.8395
6,57,69.05563000000001,59.016333333333336
6,58,63.069900000000004,54.532000000000004
6,59,102.65324000000001,67.17666666666666
6,60,56.16553,52.926833333333335
6,61,68.60294999999999,47.288000000000004
6,62,83.58347,87.04899999999999
6,63,11.22513,17.9625
6,64,26.455830000000002,37.354
6,65,47.360839999999996,41.059
6,66,98.26005,69.84783333333333
6,67,94.25125,65.61916666666667
6,68,30.64555,29.014
6,69,54.67266,49.506499999999996
6,70,49.94078,39.90333333333333
6,71,103.36498,110.2375
6,72,42.436370000000004,54.224333333333334
6,73,72.87563,49.798
6,74,25.12331,29.698666666666668
6,75,38.242290000000004,38.154333333333334
6,76,29.70212,41.98683333333334
6,77,37.89916,31.223000000000003
6,78,94.92833,66.4865
6,79,74.2583,81.73166666666665
6,80,73.21829,70.5
6,81,59.59308,60.406333333333336
6,82,79.56308,71.63550000000001
6,83,54.290459999999996,38.85933333333333
6,84,80.10319,81.40249999999999
6,85,32.77201,45.599333333333334
6,86,92.32893,79.15783333333334
6,87,32.87458,31.327833333333334
6,88,115.21124,73.34783333333333
6,89,62.9388,58.66766666666667
6,90,94.53363,64.24633333333334
6,91,32.1978,50.44566666666666
6,92,23.534689999999998,33.74216666666667
6,93,99.68966999999999,98.55283333333334
6,94,43.07692,48.50683333333333
6,95,25.84061,36.9675
6,96,92.83614999999999,68.8415
6,97,42.327160000000006,43.97183333333333
6,98,23.83329,35.50983333333333
6,99,37.05919,44.066
6,100,22.62045,20.580666666666666
6,101,30.27597,43.92016666666667
6,102,67.00986,67.5445
6,103,71.15714999999999,62.2405
6,104,38.62905,49.679833333333335
6,105,51.57707,59.627833333333335
6,106,38.74051,44.17033333333333
6,107,16.16155,23.096
6,108,20.4354,32.64083333333333
6,109,17.19423,27.555166666666665
6,110,16.72334,23.066
6,111,15.63397,20.783
6,112,16.3139,22.2925
6,113,20.581139999999998,30.2785
6,114,12.6961,19.122333333333334
6,115,25.66094,25.976
6,116,14.73811,21.865000000000002
6,117,18.40892,25.119833333333336
6,118,200.70263,136.03883333333334
6,119,103.15741,74.4645
6,120,236.65941,155.4586666666667
6,121,134.26772,87.24983333333333
6,122,110.31986,84.80083333333333
7,0,33.86854,37.27033333333333
7,1,23.477700000000002,30.043666666666663
7,2,36.74677,43.49066666666667
7,3,114.59392999999999,81.70183333333333
7,4,91.4166,102.09483333333333
7,5,36.03729,35.17316666666667
7,6,32.74071,38.966
7,7,0.0,0.0
7,8,36.90466000000001,44.13616666666667
7,9,9.64154,14.517333333333333
7,10,117.24923,104.6255
7,11,67.62469999999999,58.635
7,12,37.43149,36.57983333333333
7,13,62.18727,52.842333333333336
7,14,45.64677,42.87
7,15,38.847970000000004,44.400333333333336
7,16,148.48297,111.47233333333334
7,17,37.36796,35.705333333333336
7,18,34.583980000000004,34.66316666666667
7,19,25.83692,29.084999999999997
7,20,17.550369999999997,22.61
7,21,8.08328,12.310666666666666
7,22,72.28264,60.96266666666667
7,23,19.286830000000002,22.946833333333334
7,24,77.59638000000001,57.572
7,25,20.48116,25.5115
7,26,91.89489999999999,69.73633333333333
7,27,43.89797,35.4765
7,28,50.06059,40.778999999999996
7,29,140.60559,103.69833333333332
7,30,19.988349999999997,27.5025
7,31,21.577650000000002,27.63266666666667
7,32,21.52552,23.421
7,33,52.70879,43.050333333333334
7,34,72.7123,65.71966666666667
7,35,65.61167,74.0055
7,36,66.99666,74.3115
7,37,32.99269,38.67133333333334
7,38,100.11269,89.53016666666667
7,39,77.58919,63.492
7,40,125.36188,96.56833333333334
7,41,87.03577,69.16383333333333
7,42,46.4138,40.02583333333334
7,43,96.8677,65.78566666666667
7,44,31.943150000000003,32.371833333333335
7,45,126.57847,90.72749999999999
7,46,74.58596,55.837333333333326
7,47,38.71211,32.989
7,48,26.65434,29.56116666666667
7,49,26.76977,28.450666666666667
7,50,123.26545,89.03066666666668
7,51,25.82297,30.24233333333333
7,52,92.44078999999999,102.38533333333334
7,53,10.15417,17.403666666666666
7,54,135.00220000000002,95.29400000000001
7,55,45.02321,37.95183333333333
7,56,58.09555,64.81566666666667
7,57,92.21248,70.29283333333333
7,58,87.71923,71.79899999999999
7,59,133.69188,93.35416666666667
7,60,50.669129999999996,59.52966666666667
7,61,80.58628,55.731
7,62,66.7946,65.48133333333334
7,63,41.19202,40.2205
7,64,27.37348,29.803
7,65,71.68997,66.83983333333333
7,66,120.23671,90.9095
7,67,125.28988000000001,91.7965
7,68,65.8058,54.393
7,69,89.83291,74.88550000000001
7,70,80.97941,66.08066666666667
7,71,89.2199,101.84483333333333
7,72,29.867900000000002,32.657833333333336
7,73,103.91427,75.97533333333334
7,74,49.77263,46.96566666666667
7,75,73.40255,63.533166666666666
7,76,30.61977,34.435833333333335
7,77,68.93780000000001,57.400333333333336
7,78,125.96696,92.66383333333333
7,79,50.92427,57.4275
7,80,67.66150999999999,78.34466666666667
7,81,56.356410000000004,48.382
7,82,110.60171000000001,97.81283333333334
7,83,85.32909,65.03666666666666
7,84,72.73298,87.42333333333333
7,85,35.911480000000005,41.57533333333333
7,86,75.54005000000001,57.59016666666666
7,87,6.8030100000000004,9.676833333333333
7,88,146.24988000000002,99.52516666666666
7,89,46.14993,37.09983333333333
7,90,119.05888,90.25683333333333
7,91,26.078139999999998,28.487166666666667
7,92,23.88793,26.083833333333335
7,93,82.08794999999999,89.47833333333332
7,94,39.84025,36.482499999999995
7,95,13.35626,17.729833333333332
7,96,123.87478,95.01883333333333
7,97,32.955949999999994,38.61633333333334
7,98,23.297130000000003,27.425
7,99,33.82252,32.041666666666664
7,100,57.780699999999996,45.959666666666664
7,101,18.63661,25.45583333333333
7,102,63.773199999999996,55.52016666666667
7,103,102.19578,88.41783333333333
7,104,33.383410000000005,37.57899999999999
7,105,32.26555,41.501
7,106,14.27581,17.389166666666664
7,107,41.53589,41.28416666666667
7,108,17.273139999999998,24.229333333333333
7,109,14.15785,17.115333333333336
7,110,18.809009999999997,24.0365
7,111,18.92979,26.458833333333335
7,112,20.51761,27.143833333333337
7,113,19.54246,24.105999999999998
7,114,18.39285,21.756833333333336
7,115,12.78961,15.015833333333335
7,116,15.71601,20.423000000000002
7,117,25.554759999999998,34.714166666666664
7,118,231.74127,162.21616666666665
7,119,127.80673,91.73150000000001
7,120,267.69803,181.636
7,121,146.25105,95.693
7,122,107.08319999999999,72.7765
8,0,64.25787,56.8545
8,1,57.15739,59.36866666666666
8,2,58.059160000000006,57.0795
8,3,94.69563000000001,84.404
8,4,76.78909,86.28583333333333
8,5,75.82983999999999,69.20316666666666
8,6,52.55601,52.97716666666667
8,7,36.90323,44.102999999999994
8,8,0.0,0.0
8,9,46.031169999999996,55.053666666666665
8,10,112.39861,106.6975
8,11,73.28960000000001,89.20066666666666
8,12,77.22403999999999,70.60966666666667
8,13,44.11035,58.945
8,14,85.43930999999999,76.89983333333333
8,15,67.01638,79.26633333333332
8,16,122.7808,113.69733333333333
8,17,77.16050999999999,69.73533333333333
8,18,74.37652,68.69316666666667
8,19,65.62947,63.11483333333333
8,20,26.08071,34.00116666666666
8,21,32.08067,37.911833333333334
8,22,102.67197999999999,80.54683333333334
8,23,59.07938,56.97666666666667
8,24,29.538619999999998,34.29716666666666
8,25,17.96484,21.774166666666666
8,26,64.92182,59.13483333333333
8,27,18.065939999999998,23.9205
8,28,89.85314,74.809
8,29,120.70729,106.4005
8,30,44.29287,53.51466666666667
8,31,61.3702,61.6625
8,32,61.31807,57.451
8,33,92.50134,77.08016666666667
8,34,100.88071000000001,100.58566666666667
8,35,61.51643,68.194
8,36,41.25884,45.0035
8,37,72.78523,72.70133333333334
8,38,82.88887,97.35733333333333
8,39,90.44998,76.5265
8,40,105.46357,99.2705
8,41,117.42511,88.74816666666668
8,42,59.274589999999996,53.06033333333333
8,43,69.89461999999999,55.18416666666667
8,44,71.7357,66.40183333333333
8,45,106.68016,93.42966666666666
8,46,47.61288,45.23583333333333
8,47,66.88052,67.855
8,48,66.44689,63.591166666666666
8,49,54.93818,63.31666666666667
8,50,103.36714,91.73283333333333
8,51,65.61552,64.27233333333334
8,52,77.81327,86.57633333333334
8,53,41.96039,48.94283333333333
8,54,102.98218,89.75066666666666
8,55,84.81576,71.98183333333333
8,56,97.88808999999999,98.84549999999999
8,57,65.2394,59.69133333333333
8,58,118.10856,91.38333333333334
8,59,113.79356,96.05633333333334
8,60,14.75902,17.755166666666664
8,61,53.6132,45.12966666666667
8,62,94.96301,100.34716666666667
8,63,35.98735,44.85433333333334
8,64,67.16602999999999,63.833
8,65,45.837720000000004,55.2535
8,66,93.26363,80.30799999999999
8,67,105.39158,94.49866666666667
8,68,78.6666,67.4275
8,69,102.69371000000001,87.91983333333333
8,70,63.75559,73.90783333333334
8,71,63.48207,72.53683333333333
8,72,64.0351,70.9945
8,73,81.77161,73.12616666666666
8,74,80.16197,66.55
8,75,86.26334,76.56766666666667
8,76,70.41232000000001,68.46583333333334
8,77,46.73367,56.00516666666667
8,78,106.06864999999999,95.366
8,79,47.46199,52.50483333333333
8,80,31.7514,36.570166666666665
8,81,96.14896,82.412
8,82,93.37788,105.64
8,83,61.39028,71.56416666666668
8,84,36.82288,45.64883333333333
8,85,75.70402,75.60533333333333
8,86,103.70846,92.45616666666666
8,87,38.894040000000004,49.268166666666666
8,88,126.35155999999999,102.22716666666666
8,89,74.31833999999999,71.96583333333334
8,90,92.0858,79.65533333333333
8,91,60.24535,66.82383333333333
8,92,63.68048,60.11383333333333
8,93,56.35011,60.17033333333333
8,94,79.6328,70.5125
8,95,60.580870000000004,56.34583333333333
8,96,103.70852000000001,96.8675
8,97,12.897870000000001,17.460166666666666
8,98,63.08967,61.45483333333333
8,99,73.61506,66.07166666666667
8,100,70.6415,58.994166666666665
8,101,65.01623000000001,63.29866666666667
8,102,103.56574,89.55016666666667
8,103,88.36596,94.78466666666667
8,104,75.18493,71.6855
8,105,8.38514,12.881333333333334
8,106,24.57807,29.305666666666664
8,107,30.342470000000002,39.74666666666667
8,108,55.10227,56.9515
8,109,50.7519,49.077
8,110,51.79318,49.69883333333333
8,111,52.233959999999996,48.8635
8,112,54.63238,53.653
8,113,55.07394,57.42633333333333
8,114,47.576,44.39516666666667
8,115,49.08487,44.818666666666665
8,116,49.50093,45.439166666666665
8,117,58.64861,57.48916666666666
8,118,211.84295,164.91816666666668
8,119,158.19608,111.31583333333333
8,120,247.79973,184.3381666666667
8,121,119.27797,85.09166666666667
8,122,146.87573,106.80633333333334
9,0,29.32863,33.150999999999996
9,1,18.93779,25.924333333333333
9,2,29.06168,42.117333333333335
9,3,106.90884,80.3285
9,4,99.30388,112.29316666666666
9,5,27.79514,29.579166666666666
9,6,25.05563,37.592666666666666
9,7,9.126959999999999,14.444833333333333
9,8,44.791940000000004,54.334500000000006
9,9,0.0,0.0
9,10,109.56415,103.25216666666667
9,11,60.472089999999994,51.31733333333333
9,12,29.18934,30.985666666666667
9,13,54.50219,51.469
9,14,37.40461,37.27583333333334
9,15,31.69536,37.08283333333333
9,16,140.79788,110.09899999999999
9,17,29.12581,30.111333333333334
9,18,26.34182,29.069166666666668
9,19,17.59477,23.490833333333335
9,20,21.921529999999997,27.40983333333333
9,21,15.97055,22.509
9,22,67.74273,56.843333333333334
9,23,10.80768,16.846166666666665
9,24,73.71725,56.358333333333334
9,25,28.36843,35.709833333333336
9,26,88.01577,68.52266666666667
9,27,40.01883,34.26283333333333
9,28,41.81844,35.184999999999995
9,29,132.92051999999998,102.325
9,30,27.875619999999998,37.700833333333335
9,31,13.0985,21.532
9,32,13.283370000000001,17.826999999999998
9,33,44.46664,37.45616666666667
9,34,65.55969,58.402166666666666
9,35,73.49895,84.20383333333332
9,36,74.88394,84.50983333333333
9,37,24.75054,33.077333333333335
9,38,92.42760000000001,88.15683333333332
9,39,73.71005000000001,62.2785
9,40,117.6768,95.195
9,41,82.49586000000001,65.0445
9,42,42.53466,38.81216666666667
9,43,92.98855999999999,64.572
9,44,23.70099,26.777833333333334
9,45,118.89338000000001,89.35416666666667
9,46,70.70683,54.623666666666665
9,47,31.55949,25.671499999999998
9,48,18.41219,23.967166666666667
9,49,19.617150000000002,21.133166666666668
9,50,115.58036,87.65733333333333
9,51,17.58082,24.648333333333333
9,52,100.32806,112.58366666666667
9,53,14.37845,16.067166666666665
9,54,127.31711,93.92066666666666
9,55,36.78106,32.35783333333333
9,56,49.8534,59.2215
9,57,88.33333999999999,69.07916666666667
9,58,83.17931,67.67966666666668
9,59,126.00679,91.98066666666666
9,60,64.26973000000001,60.156333333333336
9,61,76.70714,54.51733333333333
9,62,59.64199,58.16366666666667
9,63,37.31288,39.00683333333333
9,64,19.131330000000002,24.209
9,65,67.81084,65.62616666666666
9,66,116.35757000000001,89.69583333333334
9,67,117.6048,90.423
9,68,61.92667,53.17933333333334
9,69,85.95377,73.67183333333334
9,70,73.29433,64.70733333333334
9,71,97.10717,112.04316666666666
9,72,22.71529,25.340333333333334
9,73,96.22919,74.602
9,74,45.23272,42.846333333333334
9,75,62.3603,59.49133333333334
9,76,22.37762,28.841833333333334
9,77,61.25271,56.027
9,78,118.28188,91.29050000000001
9,79,58.811550000000004,67.62583333333333
9,80,81.32248,77.7295
9,81,48.11426,42.788000000000004
9,82,102.91663,96.4395
9,83,77.64401,63.663333333333334
9,84,88.20739,88.632
9,85,27.66932,35.98133333333333
9,86,68.38745,50.2725
9,87,9.82142,13.216333333333333
9,88,138.56477999999998,98.15166666666667
9,89,38.99732,29.782333333333334
9,90,115.17974000000001,89.04316666666666
9,91,18.92553,21.169666666666668
9,92,15.64578,20.489833333333333
9,93,89.97522000000001,99.67666666666668
9,94,31.5981,30.8885
9,95,6.20364,10.412333333333333
9,96,116.1897,93.6455
9,97,36.1099,43.3365
9,98,15.054969999999999,21.83083333333333
9,99,25.58037,26.447666666666667
9,100,53.90157,44.746
9,101,11.48399,18.138333333333332
9,102,55.531040000000004,49.92616666666667
9,103,94.5107,87.0445
9,104,26.230790000000002,30.2615
9,105,40.15282,51.699333333333335
9,106,22.16309,27.587333333333333
9,107,37.656760000000006,40.0705
9,108,10.77559,19.7925
9,109,8.17685,13.383166666666666
9,110,12.792159999999999,20.9715
9,111,13.157620000000001,24.375
9,112,14.50076,24.078833333333332
9,113,15.15865,20.661333333333335
9,114,14.51372,20.543166666666664
9,115,8.91048,13.802166666666666
9,116,9.94383,18.339166666666664
9,117,23.3474,30.861333333333334
9,118,224.05617,160.84266666666664
9,119,123.26683,87.61216666666665
9,120,260.01295,180.2625
9,121,142.37191,94.47933333333334
9,122,98.84103999999999,67.18233333333333
10,0,119.71642,93.08649999999999
10,1,117.83709,98.57233333333333
10,2,100.82354,84.65333333333334
10,3,40.95225,40.879
10,4,158.84084,169.47083333333333
10,5,133.6008,115.46283333333334
10,6,97.78155000000001,78.57083333333334
10,7,126.87708,106.8315
10,8,113.55127,111.05633333333334
10,9,120.4939,104.25
10,10,0.0,0.0
10,11,180.59536,146.21866666666668
10,12,134.995,116.86933333333333
10,13,68.2398,59.57183333333333
10,14,143.21028,123.1595
10,15,151.81863,131.984
10,16,74.84128,70.64933333333333
10,17,134.93147,115.99483333333333
10,18,132.14748,114.95266666666666
10,19,123.40043,109.3745
10,20,130.72623,107.57633333333334
10,21,133.91325,115.08216666666667
10,22,97.39235000000001,94.05516666666668
10,23,120.52091,103.61433333333333
10,24,80.10732,80.28033333333333
10,25,138.87188,115.55416666666666
10,26,79.57794,88.28999999999999
10,27,86.42880000000001,86.84133333333332
10,28,147.62410999999997,121.06866666666666
10,29,66.96391,62.87533333333333
10,30,145.81831,130.274
10,31,122.81173,108.30016666666667
10,32,119.14761999999999,103.4265
10,33,150.27231,123.33983333333335
10,34,185.68297,153.30349999999999
10,35,143.56819000000002,151.379
10,36,123.31058999999999,128.1885
10,37,130.71555,110.92883333333333
10,38,49.16609,60.57933333333334
10,39,55.30471,64.16383333333333
10,40,25.51578,35.54333333333333
10,41,111.89788,104.74016666666667
10,42,114.73315,89.29233333333333
10,43,66.41309,70.56333333333333
10,44,129.50666,112.66149999999999
10,45,52.93678,49.90466666666667
10,46,65.73597,63.55916666666667
10,47,151.68276999999998,120.57283333333334
10,48,122.42363,106.23016666666668
10,49,139.74042,116.0345
10,50,40.451589999999996,47.641333333333336
10,51,123.38647999999999,110.532
10,52,159.86503,169.76133333333334
10,53,134.50172,110.96849999999999
10,54,61.360510000000005,54.471000000000004
10,55,142.58673000000002,118.2415
10,56,155.01631,138.94366666666667
10,57,47.44515,48.44266666666667
10,58,112.58134,107.37533333333334
10,59,60.05019,52.531166666666664
10,60,94.87773,97.72933333333334
10,61,79.65498,78.2075
10,62,179.76527,153.065
10,63,93.56248,78.56400000000001
10,64,123.14277,106.472
10,65,65.02436,62.385666666666665
10,66,55.65699,55.20233333333333
10,67,22.96521,28.882
10,68,65.89075,74.94250000000001
10,69,58.518269999999994,65.0085
10,70,38.2205,41.712333333333326
10,71,134.52698,149.28816666666668
10,72,142.76841000000002,120.71683333333334
10,73,31.42747,35.69283333333333
10,74,86.13616999999999,96.15116666666667
10,75,83.28977,94.1805
10,76,126.38905,111.10483333333333
10,77,63.94856,57.4895
10,78,38.052870000000006,44.43383333333334
10,79,136.28306,142.1595
10,80,102.32373,109.50266666666667
10,81,153.91992000000002,128.6715
10,82,13.40562,16.759166666666665
10,83,42.223,40.99616666666667
10,84,112.74529,122.7615
10,85,132.83225,115.7035
10,86,188.51072,145.17383333333333
10,87,121.51532,98.80866666666667
10,88,44.79963,53.4225
10,89,159.12059,124.68366666666667
10,90,51.930589999999995,49.60066666666667
10,91,138.97864,116.54616666666668
10,92,120.22163,102.86016666666666
10,93,138.40188,143.35533333333333
10,94,137.40376999999998,116.77199999999999
10,95,122.02239999999999,102.98333333333333
10,96,9.001370000000001,11.314833333333333
10,97,116.45219999999999,110.71000000000001
10,98,120.52023,104.628
10,99,131.38603,112.33133333333333
10,100,75.09119,82.72333333333333
10,101,126.45777000000001,109.93616666666667
10,102,161.3367,135.80983333333333
10,103,15.072719999999999,16.373833333333334
10,104,132.95589,117.945
10,105,121.3186,122.078
10,106,135.1145,111.7105
10,107,95.67291,83.08966666666667
10,108,116.06698,100.58866666666667
10,109,113.37602000000001,93.57116666666667
10,110,112.00792999999999,89.76516666666666
10,111,111.06559,87.9565
10,112,112.75041999999999,92.19800000000001
10,113,115.70879,98.72033333333334
10,114,108.87789,85.13816666666666
10,115,114.30167999999999,93.45683333333334
10,116,110.91989,87.881
10,117,118.46915,95.22399999999999
10,118,88.45212,86.33283333333334
10,119,136.31867000000003,117.69133333333333
10,120,154.84461,131.17916666666667
10,121,117.22429,104.09899999999999
10,122,204.6467,153.06599999999997
11,0,82.40478,69.28716666666666
11,1,72.01395,62.060500000000005
11,2,89.74466000000001,82.44316666666667
11,3,167.28225,122.76666666666667
11,4,66.37675999999999,85.69883333333334
11,5,80.87128999999999,65.71533333333333
11,6,85.42903,80.03083333333333
11,7,68.75061,61.04483333333334
11,8,73.09447999999999,89.71083333333333
11,9,60.87856,51.482
11,10,169.93756,145.69016666666667
11,11,0.0,0.0
11,12,82.26549,67.12183333333333
11,13,114.87559,93.907
11,14,90.48077,73.412
11,15,64.70796,61.88416666666667
11,16,201.17128,152.53716666666665
11,17,82.20196,66.24733333333333
11,18,79.41798,65.20516666666667
11,19,70.67092,59.626999999999995
11,20,56.03023,71.8905
11,21,41.07105,52.32833333333333
11,22,120.81888000000001,92.97933333333334
11,23,63.88383,52.982166666666664
11,24,136.02660999999998,101.28116666666666
11,25,56.67098,71.08616666666667
11,26,150.32513,113.4455
11,27,102.3282,79.18566666666668
11,28,94.89459,71.32116666666667
11,29,193.29392,144.76316666666668
11,30,29.088759999999997,36.13616666666667
11,31,66.17465,57.668
11,32,66.35952,53.963
11,33,97.5428,73.59233333333333
11,34,36.19032,42.88066666666667
11,35,41.39298,58.33016666666666
11,36,61.613870000000006,79.11383333333333
11,37,77.8267,69.21333333333334
11,38,152.80102,130.595
11,39,122.13548,101.89016666666666
11,40,178.05020000000002,137.63316666666665
11,41,135.57201999999998,101.18066666666667
11,42,82.1977,75.008
11,43,155.29792,109.49483333333333
11,44,76.77714999999999,62.914
11,45,179.26678,131.79233333333335
11,46,133.01619,99.5465
11,47,38.23289,38.073
11,48,71.48834,60.10316666666667
11,49,52.62975,45.9345
11,50,175.95377,130.0955
11,51,70.65697,60.78433333333333
11,52,67.40095,85.98933333333333
11,53,54.27764,45.77816666666667
11,54,187.69052,136.35866666666666
11,55,89.85722,68.494
11,56,102.92955,95.35766666666667
11,57,150.64272,114.002
11,58,136.25547,103.81583333333333
11,59,186.38019,134.41883333333334
11,60,126.57909,105.07916666666667
11,61,139.01651999999999,99.44033333333333
11,62,66.31539,70.56516666666667
11,63,99.62225,83.92966666666666
11,64,72.20747999999999,60.345
11,65,131.0878,108.30116666666666
11,66,178.66694,134.61866666666666
11,67,177.97820000000002,132.86116666666666
11,68,110.35210000000001,92.791
11,69,134.37922,113.2835
11,70,133.66773,107.1455
11,71,82.06674000000001,104.51116666666667
11,72,68.34759,58.60466666666667
11,73,156.60259,117.04016666666666
11,74,98.30888,78.9825
11,75,115.43646000000001,95.6275
11,76,75.45377,64.978
11,77,121.62612,98.46516666666666
11,78,178.65528,133.72866666666667
11,79,42.34938,68.11783333333334
11,80,143.63183999999998,122.65233333333335
11,81,101.19041,78.92399999999999
11,82,163.29003,138.87766666666667
11,83,138.01741,106.1015
11,84,90.50961,116.645
11,85,80.74548,72.1175
11,86,15.569120000000002,19.559833333333334
11,87,69.34331,60.191833333333335
11,88,198.93819,140.58983333333333
11,89,22.45165,26.006166666666665
11,90,178.26059,131.48850000000002
11,91,64.55784,54.43416666666667
11,92,68.72194,56.62583333333334
11,93,64.96396,84.9785
11,94,74.84876,66.60483333333333
11,95,59.60163,48.121833333333335
11,96,176.56311,136.08350000000002
11,97,69.58288,85.271
11,98,68.13113,57.967
11,99,78.65652,62.583666666666666
11,100,102.32701,84.35766666666667
11,101,64.88198,55.847833333333334
11,102,108.60719999999999,86.06216666666666
11,103,154.88411,129.48266666666666
11,104,71.8631,63.525999999999996
11,105,68.45537,87.07566666666666
11,106,50.46563,62.96366666666667
11,107,99.96613,84.99333333333334
11,108,68.58846000000001,58.845
11,109,67.44772999999999,55.475500000000004
11,110,72.06305,63.063833333333335
11,111,73.02455,66.5465
11,112,72.2672,61.141666666666666
11,113,68.2348,56.7975
11,114,76.82308,65.466
11,115,71.21983999999999,58.725
11,116,69.81077,60.510666666666665
11,117,76.42355,66.9975
11,118,284.42959,203.28083333333333
11,119,176.34298,123.74833333333332
11,120,320.38634,222.70066666666668
11,121,204.68128,139.40216666666666
11,122,151.91719,103.3185
12,0,17.85577,28.1635
12,1,17.25786,25.902333333333335
12,2,34.98858,46.28516666666667
12,3,120.20985,90.38866666666667
12,4,125.68639999999999,134.50483333333332
12,5,11.850940000000001,17.334999999999997
12,6,35.03812,45.38183333333333
12,7,36.29968,38.1205
12,8,75.57378,71.19883333333334
12,9,28.72921,29.6895
12,10,122.86515,113.31233333333333
12,11,82.23986000000001,67.37016666666666
12,12,0.0,0.0
12,13,67.8032,61.52916666666667
12,14,15.10341,18.584
12,15,35.34857,42.94383333333334
12,16,154.09889,120.15916666666666
12,17,10.94384,17.618166666666664
12,18,5.01691,7.485
12,19,12.193340000000001,12.755833333333333
12,20,43.03804,44.29116666666666
12,21,46.03018,43.75
12,22,58.41838,54.524166666666666
12,23,18.705599999999997,21.131333333333334
12,24,91.61624,70.911
12,25,53.43366,56.11983333333333
12,26,105.91476,83.07533333333335
12,27,57.91783,48.815666666666665
12,28,26.176599999999997,23.753833333333333
12,29,146.22152,112.38516666666666
12,30,57.93525,58.941833333333335
12,31,16.5748,18.981833333333334
12,32,16.59488,15.680166666666667
12,33,28.8248,26.025166666666667
12,34,87.32745,74.45483333333333
12,35,99.88147000000001,106.41566666666667
12,36,110.60159,105.16816666666666
12,37,6.39618,10.021833333333332
12,38,94.42286999999999,95.01666666666667
12,39,67.37939999999999,65.73216666666666
12,40,130.9778,105.25516666666667
12,41,73.1715,62.725500000000004
12,42,24.18654,38.0075
12,43,110.88755,79.12466666666666
12,44,13.555719999999999,16.286166666666666
12,45,132.19439000000003,99.4145
12,46,88.60582000000001,69.17633333333333
12,47,53.32726,41.72416666666666
12,48,12.6372,13.307166666666665
12,49,41.38492,37.185833333333335
12,50,128.88137,97.7175
12,51,15.12626,18.599666666666668
12,52,163.25086,130.38483333333335
12,53,36.146209999999996,32.11983333333333
12,54,140.61810999999997,103.98083333333334
12,55,21.13922,20.92683333333333
12,56,30.093799999999998,33.50833333333333
12,57,106.23234,83.632
12,58,73.85496,65.3605
12,59,139.30778,102.041
12,60,82.16873,74.709
12,61,94.60614,69.07016666666667
12,62,81.40975,74.2165
12,63,46.40162,52.89383333333333
12,64,8.34166,13.677833333333332
12,65,84.01539,75.92333333333333
12,66,134.25656,104.24849999999999
12,67,130.9058,100.48333333333333
12,68,55.596019999999996,56.633
12,69,79.62313,77.12533333333334
12,70,86.59533,74.76766666666667
12,71,129.36818,132.01983333333334
12,72,17.507150000000003,25.548333333333336
12,73,109.53019,84.66216666666666
12,74,35.90836,40.52733333333333
12,75,53.03595,57.17216666666666
12,76,6.5216,10.053166666666668
12,77,74.55372,66.08716666666666
12,78,131.58288000000002,101.35066666666667
12,79,85.19407000000001,89.8375
12,80,99.22148,92.28216666666667
12,81,21.5145,26.771833333333333
12,82,116.21763,106.49966666666666
12,83,90.94501,73.7235
12,84,106.10638,103.18466666666667
12,85,7.90973,10.268166666666668
12,86,90.15521000000001,66.32533333333333
12,87,30.93792,30.097666666666665
12,88,151.86578,108.212
12,89,60.765080000000005,45.835
12,90,131.18819,99.1105
12,91,18.950490000000002,25.41466666666667
12,92,15.5801,18.1655
12,93,125.69287,120.33500000000001
12,94,15.95626,19.457333333333334
12,95,23.66689,24.134833333333333
12,96,129.4907,103.70566666666667
12,97,58.44363,60.297333333333334
12,98,15.77596,16.533666666666665
12,99,9.63617,14.2035
12,100,47.57092,48.199666666666666
12,101,18.19722,21.0745
12,102,27.15963,32.36466666666667
12,103,107.8117,97.10466666666666
12,104,13.69983,21.003833333333333
12,105,64.06104,71.33283333333334
12,106,47.42631,48.42516666666667
12,107,55.55575,54.62316666666666
12,108,19.959319999999998,22.729833333333332
12,109,22.447,25.32
12,110,23.172159999999998,26.9585
12,111,21.01371,31.535666666666668
12,112,17.51112,24.983666666666668
12,113,19.60566,20.682333333333336
12,114,32.41271,35.096000000000004
12,115,26.80947,28.355
12,116,24.16168,28.235333333333333
12,117,21.66747,30.839499999999997
12,118,237.35717000000002,170.903
12,119,113.94247,85.29299999999999
12,120,273.31394,190.32283333333334
12,121,160.27091000000001,109.03216666666667
12,122,83.19919999999999,55.751333333333335
13,0,52.61057,40.730000000000004
13,1,50.73124,46.21583333333333
13,2,33.71768,32.29666666666667
13,3,53.54982,35.45216666666667
13,4,115.53417999999999,134.14316666666667
13,5,66.49495,63.10616666666667
13,6,30.67569,26.214166666666664
13,7,59.77122,54.475
13,8,44.081129999999995,57.41233333333333
13,9,53.38805,51.8935
13,10,56.26764,58.223
13,11,113.48951,93.86216666666665
13,12,67.88916,64.51283333333333
13,13,0.0,0.0
13,14,76.10443,70.80300000000001
13,15,84.71277,79.6275
13,16,87.43885,65.22266666666667
13,17,67.82562,63.638333333333335
13,18,65.04164,62.59616666666667
13,19,56.29458,57.018
13,20,63.62038,55.219833333333334
13,21,66.8074,62.72566666666667
13,22,53.177330000000005,58.859
13,23,53.41505,51.257666666666665
13,24,53.71264,56.04533333333333
13,25,71.76602,63.1975
13,26,68.46884,69.48266666666667
13,27,25.85331,33.04016666666667
13,28,80.51826,68.712
13,29,79.56147999999999,57.448499999999996
13,30,78.71247,77.9175
13,31,55.70588,55.9435
13,32,52.041760000000004,51.069833333333335
13,33,83.16645,70.98333333333333
13,34,118.57711,100.94683333333334
13,35,118.21383,113.49333333333334
13,36,80.00393,92.86083333333333
13,37,63.6097,58.57216666666667
13,38,39.13108999999999,43.12766666666666
13,39,24.23801,33.163666666666664
13,40,64.31777,50.3185
13,41,76.71361,70.5355
13,42,47.627300000000005,36.93566666666666
13,43,57.68932,59.405166666666666
13,44,62.40081,60.304833333333335
13,45,65.53435,44.477833333333336
13,46,39.34129,39.32416666666666
13,47,84.57691,68.21616666666667
13,48,55.317769999999996,53.873666666666665
13,49,72.63457000000001,63.678
13,50,62.22134,42.780833333333334
13,51,56.280629999999995,58.175333333333334
13,52,116.55837,134.43366666666668
13,53,67.39587,58.611999999999995
13,54,73.95809,49.04416666666667
13,55,75.48088,65.88483333333333
13,56,87.91047,86.587
13,57,39.05015,38.943999999999996
13,58,77.39706,73.17066666666666
13,59,72.64775999999999,47.10433333333334
13,60,51.57107,62.401500000000006
13,61,57.160230000000006,55.4775
13,62,112.65941000000001,100.7085
13,63,26.45663,26.207333333333334
13,64,56.036910000000006,54.1155
13,65,17.35536,20.986666666666668
13,66,68.25456,49.7755
13,67,64.24577,45.54666666666667
13,68,31.23452,37.94316666666667
13,69,40.29232,43.026666666666664
13,70,19.99781,19.678166666666666
13,71,98.77052,119.71233333333333
13,72,75.66255,68.36033333333333
13,73,42.870160000000006,29.725666666666665
13,74,39.51177,47.402833333333334
13,75,38.929730000000006,47.636833333333335
13,76,59.283199999999994,58.748333333333335
13,77,5.89777,10.812666666666667
13,78,64.92285,46.41416666666667
13,79,103.52642999999999,96.91533333333334
13,80,68.62382000000001,79.97466666666666
13,81,86.81408,76.315
13,82,49.620110000000004,51.410333333333334
13,83,24.28498,18.786833333333334
13,84,75.50873,90.87733333333334
13,85,65.72639,63.34683333333333
13,86,121.40486,92.81733333333334
13,87,54.40947,46.45216666666667
13,88,85.20576,53.275333333333336
13,89,92.01473,72.32716666666667
13,90,64.52816,44.174
13,91,71.8728,64.18966666666667
13,92,53.11577,50.50366666666666
13,93,95.09519999999999,108.02766666666666
13,94,70.29791,64.4155
13,95,54.91655,50.62683333333334
13,96,62.83067,48.769
13,97,71.59530000000001,59.15533333333334
13,98,53.414370000000005,52.27133333333334
13,99,64.28018,59.974666666666664
13,100,28.46678,33.974833333333336
13,101,59.351910000000004,57.57966666666667
13,102,94.23086,83.45316666666666
13,103,41.21418,42.01533333333334
13,104,65.85003999999999,65.5885
13,105,51.84845,68.43416666666667
13,106,68.00864999999999,59.353833333333334
13,107,28.56705,30.733
13,108,48.96113,48.232166666666664
13,109,46.270160000000004,41.2145
13,110,44.90207,37.40866666666667
13,111,43.95973,35.6
13,112,45.64457,39.841499999999996
13,113,48.602940000000004,46.36383333333333
13,114,41.772040000000004,32.781666666666666
13,115,47.19583,41.10033333333333
13,116,43.81404,35.524499999999996
13,117,51.3633,42.867333333333335
13,118,170.69716,115.96633333333332
13,119,117.48458000000001,93.10316666666667
13,120,206.65392,135.38616666666667
13,121,107.07266,89.3125
13,122,137.54085999999998,100.70949999999999
14,0,42.42879,40.481833333333334
14,1,32.03795,33.25516666666667
14,2,49.76867,53.63783333333333
14,3,128.88434,97.19200000000001
14,4,134.36089,141.30816666666666
14,5,13.664719999999999,17.508666666666667
14,6,49.81821,52.73466666666666
14,7,44.97417,44.92366666666667
14,8,84.24828,78.002
14,9,37.4037,36.492666666666665
14,10,131.53964000000002,120.11550000000001
14,11,90.91435,74.17333333333333
14,12,15.12806,18.6755
14,13,76.47769,68.33233333333332
14,14,0.0,0.0
14,15,30.89062,39.7405
14,16,162.77338,126.9625
14,17,8.13147,11.774833333333333
14,18,11.94016,15.389666666666667
14,19,20.86783,19.559
14,20,51.712540000000004,51.09433333333333
14,21,54.70467,50.55333333333333
14,22,80.84289,64.17416666666666
14,23,27.3801,27.934666666666665
14,24,100.29073,77.71433333333333
14,25,62.10815,62.92316666666667
14,26,114.58925,89.8785
14,27,66.59232,55.618833333333335
14,28,21.987209999999997,21.276666666666664
14,29,154.89602,119.18833333333333
14,30,66.60974,65.74499999999999
14,31,25.249290000000002,25.785
14,32,25.26938,22.4835
14,33,24.63541,23.547833333333333
14,34,96.00195,81.258
14,35,108.55596000000001,113.21883333333334
14,36,119.27608000000001,111.9715
14,37,21.52404,28.697
14,38,109.20296,102.3695
14,39,82.15949,73.08483333333334
14,40,139.6523,112.05833333333334
14,41,95.59602000000001,72.37533333333334
14,42,42.22171,46.20283333333334
14,43,119.56205,85.92800000000001
14,44,19.37902,21.488999999999997
14,45,140.86888000000002,106.21766666666667
14,46,97.28031,75.9795
14,47,62.00175,48.5275
14,48,29.03918,30.182166666666667
14,49,32.24338,41.1025
14,50,137.55586,104.52066666666666
14,51,23.80075,25.402833333333334
14,52,171.92534,137.18800000000002
14,53,44.820699999999995,38.92316666666667
14,54,149.29261,110.784
14,55,16.949830000000002,18.4495
14,56,29.5619,42.35183333333334
14,57,114.90684,90.43516666666666
14,58,96.27947,75.01050000000001
14,59,147.98228,108.84416666666667
14,60,90.84322,81.51216666666666
14,61,103.28063,75.87333333333332
14,62,52.67432,72.86616666666667
14,63,55.07611,59.697
14,64,23.49214,25.049500000000002
14,65,92.68989,82.7265
14,66,142.93106,111.05166666666668
14,67,139.5803,107.28649999999999
14,68,70.37611,63.98583333333333
14,69,94.40322,84.47816666666667
14,70,95.26982000000001,81.57083333333334
14,71,138.04267000000002,138.82299999999998
14,72,17.13729,22.409
14,73,118.20468,91.46533333333333
14,74,58.332879999999996,50.17716666666667
14,75,75.46046000000001,66.82216666666666
14,76,21.64947,28.728333333333335
14,77,83.22821,72.89033333333333
14,78,140.25738,108.154
14,79,93.86856,96.64083333333333
14,80,107.89598,99.08533333333334
14,81,7.08217,11.659166666666666
14,82,124.89211999999999,113.30300000000001
14,83,99.6195,80.52666666666667
14,84,114.78088000000001,109.988
14,85,23.037599999999998,28.94333333333333
14,86,98.8297,73.1285
14,87,39.61242,36.90083333333334
14,88,160.54028,115.01516666666666
14,89,69.43957,52.638333333333335
14,90,139.86269000000001,105.91383333333333
14,91,21.42586,28.576833333333333
14,92,27.00048,26.65
14,93,134.36736,127.13833333333334
14,94,11.49831,16.254166666666666
14,95,32.34138,30.938
14,96,138.16519,110.50883333333333
14,97,67.11811999999999,67.1005
14,98,24.45045,23.336833333333335
14,99,13.332930000000001,16.485
14,100,62.35101,55.5525
14,101,26.87171,27.877666666666666
14,102,12.7273,17.252
14,103,116.48619000000001,103.90799999999999
14,104,17.96068,24.784666666666666
14,105,72.73554,78.136
14,106,56.1008,55.22833333333333
14,107,64.23025,61.42633333333333
14,108,28.63381,29.533
14,109,31.12149,32.12316666666667
14,110,31.84666,33.76166666666667
14,111,34.220769999999995,38.522000000000006
14,112,32.29121,32.336333333333336
14,113,28.28016,27.485500000000002
14,114,41.087199999999996,41.899166666666666
14,115,35.48397,35.158166666666666
14,116,32.83618,35.0385
14,117,36.447559999999996,38.19216666666667
14,118,246.03167000000002,177.7061666666667
14,119,136.36698,94.943
14,120,281.98844,197.126
14,121,168.94539,115.83533333333334
14,122,79.00981,53.274
15,0,53.36966,53.549
15,1,42.97882,46.32233333333333
15,2,60.70955,66.705
15,3,138.24713,107.0285
15,4,121.22242999999999,136.114
15,5,22.55075,28.971333333333334
15,6,56.393910000000005,64.29266666666666
15,7,39.715489999999996,45.306666666666665
15,8,66.71047999999999,78.15533333333333
15,9,31.843439999999998,35.743833333333335
15,10,140.90244,129.95216666666667
15,11,65.00421,62.537166666666664
15,12,39.84715,43.0955
15,13,85.84048,78.16883333333334
15,14,30.94304,40.131499999999996
15,15,0.0,0.0
15,16,172.13617000000002,136.799
15,17,24.08099,33.33166666666667
15,18,30.65593,38.341833333333334
15,19,35.0859,38.55866666666667
15,20,52.40831,58.647166666666664
15,21,35.12648,41.67016666666667
15,22,91.78377,77.24116666666667
15,23,34.84871,37.244
15,24,106.99149,85.54299999999999
15,25,50.28698,59.53066666666667
15,26,121.29001,97.70733333333332
15,27,73.29308,63.4475
15,28,28.46648,32.06933333333333
15,29,164.25879999999998,129.025
15,30,47.03155,56.861999999999995
15,31,37.13953,41.929833333333335
15,32,37.324400000000004,38.22483333333333
15,33,24.69224,26.839333333333332
15,34,51.47408,65.77633333333333
15,35,95.4175,108.02466666666666
15,36,96.80249,108.33066666666667
15,37,47.75649,50.891666666666666
15,38,123.76589,114.85683333333333
15,39,93.10037,86.152
15,40,149.01507999999998,121.895
15,41,106.53689,85.44250000000001
15,42,53.162589999999994,59.269999999999996
15,43,126.2628,93.75666666666666
15,44,26.77116,35.9195
15,45,150.23167,116.05416666666666
15,46,103.98107,83.80833333333334
15,47,24.30135,32.881
15,48,42.45322,44.365
15,49,12.23847,17.157
15,50,146.91864,114.35733333333333
15,51,38.01882,44.40233333333333
15,52,146.01520000000002,125.55166666666668
15,53,25.24252,30.040000000000003
15,54,158.65539,120.62066666666666
15,55,23.24326,28.5975
15,56,69.2624,75.68083333333334
15,57,121.60759,98.26383333333334
15,58,107.22034,88.07766666666666
15,59,157.34508,118.68066666666667
15,60,97.54397999999999,89.341
15,61,109.98139,83.70216666666667
15,62,21.96743,34.79083333333333
15,63,70.58713,68.19149999999999
15,64,37.71021,44.049
15,65,102.05268,92.563
15,66,149.63181,118.8805
15,67,148.94308999999998,117.123
15,68,81.31698,77.05283333333334
15,69,105.34409,97.54533333333333
15,70,104.63261,91.40733333333333
15,71,119.02572,135.864
15,72,24.88886,30.841333333333335
15,73,127.56747,101.30199999999999
15,74,69.27375,63.24433333333333
15,75,86.40133999999999,79.88933333333333
15,76,42.82725,47.822
15,77,92.591,82.727
15,78,149.62016,117.99050000000001
15,79,80.73008999999999,91.44666666666667
15,80,114.59673,106.91416666666667
15,81,34.7623,39.672333333333334
15,82,134.25491,123.1395
15,83,108.98228999999999,90.36333333333333
15,84,121.48163000000001,117.81666666666666
15,85,47.07832,52.440666666666665
15,86,72.91956,61.49216666666667
15,87,40.3082,44.45366666666666
15,88,169.90308,124.85166666666667
15,89,43.52944,41.001999999999995
15,90,149.22547,115.75033333333334
15,91,28.00669,35.091499999999996
15,92,39.686809999999994,40.88766666666667
15,93,111.89377,123.4975
15,94,20.108349999999998,26.054166666666667
15,95,30.566509999999997,32.38366666666666
15,96,147.52798,120.34549999999999
15,97,63.19889,73.7155
15,98,39.096,42.228833333333334
15,99,25.54564,34.16433333333334
15,100,73.29188,68.6195
15,101,35.84686,40.10966666666666
15,102,42.17908,46.810500000000005
15,103,125.84898,113.7445
15,104,26.846709999999998,36.24733333333334
15,105,62.07138,75.52016666666667
15,106,44.08164,51.40833333333333
15,107,70.93101,69.25516666666667
15,108,39.55334,43.106833333333334
15,109,38.41261,39.7375
15,110,43.02793,47.32566666666666
15,111,43.98943,50.80833333333333
15,112,43.23209,45.4035
15,113,39.19968,41.059333333333335
15,114,47.78796,49.727999999999994
15,115,42.18472,42.986999999999995
15,116,40.77565,44.7725
15,117,47.38843,51.25933333333333
15,118,255.39447,187.54266666666666
15,119,147.30785999999998,108.01016666666666
15,120,291.35125,206.9625
15,121,175.64616,123.664
15,122,85.48908,64.06683333333334
16,0,138.97064,99.18216666666667
16,1,137.09131,104.66799999999999
16,2,120.07776,90.74883333333334
16,3,34.088660000000004,33.952666666666666
16,4,174.49594,175.40666666666667
16,5,152.85503,121.55833333333334
16,6,117.03577,84.66633333333333
16,7,146.13129999999998,112.92716666666666
16,8,123.69211,115.36616666666667
16,9,139.74813,110.34566666666666
16,10,74.90576,71.2105
16,11,199.84957999999997,152.31433333333334
16,12,154.24923,122.96499999999999
16,13,87.49403,65.6675
16,14,162.4645,129.25516666666667
16,15,171.07283999999999,138.07966666666667
16,16,0.0,0.0
16,17,154.18569,122.0905
16,18,151.40172,121.04833333333333
16,19,142.65466,115.47016666666667
16,20,149.98045000000002,113.672
16,21,153.16747,121.17783333333334
16,22,139.53741,117.31116666666667
16,23,139.77513000000002,109.70983333333334
16,24,95.76241999999999,86.21616666666667
16,25,158.12609,121.64966666666666
16,26,69.7063,82.6775
16,27,107.18502000000001,92.52066666666666
16,28,166.87832999999998,127.16416666666667
16,29,9.20767,15.726166666666668
16,30,165.07254999999998,136.3695
16,31,142.06595000000002,114.39566666666666
16,32,138.40183,109.52199999999999
16,33,169.52653,129.4355
16,34,204.93719000000002,159.399
16,35,159.2233,157.31483333333333
16,36,138.96569,134.12433333333334
16,37,149.96978,117.02433333333333
16,38,103.95319,92.79633333333332
16,39,101.2344,90.38466666666666
16,40,42.865970000000004,56.6695
16,41,163.07369,128.98766666666668
16,42,133.98738,95.38783333333335
16,43,56.11583,64.05616666666667
16,44,148.76088000000001,118.757
16,45,22.12322,29.837666666666667
16,46,81.39107000000001,69.49499999999999
16,47,170.93698,126.66833333333334
16,48,141.67784,112.32583333333334
16,49,158.99466,122.13000000000001
16,50,28.57593,35.415
16,51,142.6407,116.6275
16,52,175.52013,175.69716666666667
16,53,153.75594,117.06400000000001
16,54,20.15348,24.288666666666664
16,55,161.84095000000002,124.337
16,56,174.27055,145.03916666666666
16,57,63.10025,54.3785
16,58,163.75714000000002,131.62283333333332
16,59,16.290770000000002,24.654333333333334
16,60,110.53284,103.66516666666666
16,61,69.78335000000001,72.595
16,62,199.01948000000002,159.16066666666666
16,63,112.8167,84.6595
16,64,142.39698,112.56766666666667
16,65,84.27859,68.48116666666667
16,66,30.53382,36.3785
16,67,38.18007,47.57116666666666
16,68,117.59459,96.39533333333334
16,69,105.11442,92.6955
16,70,84.81991000000001,69.347
16,71,124.32399000000001,142.77033333333333
16,72,162.02263,126.8125
16,73,45.453480000000006,41.365
16,74,125.87183999999999,105.85483333333333
16,75,125.28981,106.089
16,76,145.64328,117.20049999999999
16,77,83.20278,63.585
16,78,28.37485,37.42833333333333
16,79,151.93816,148.09533333333331
16,80,92.12073,102.98483333333334
16,81,173.17416,134.76716666666667
16,82,100.91659,84.92516666666667
16,83,64.78648,52.00416666666667
16,84,102.5423,116.24366666666667
16,85,152.08647,121.79899999999999
16,86,207.76494,151.2695
16,87,140.76954999999998,104.90433333333334
16,88,16.60118,22.148333333333333
16,89,178.37481,130.77916666666667
16,90,33.77411,40.783500000000004
16,91,158.23288,122.64183333333334
16,92,139.47584,108.95583333333335
16,93,154.05697,149.29116666666667
16,94,156.65798,122.86766666666668
16,95,141.27663,109.079
16,96,66.21567,61.3805
16,97,126.59303,115.01983333333332
16,98,139.77445,110.7235
16,99,150.64025,118.42683333333333
16,100,114.82685000000001,92.42699999999999
16,101,145.71198,116.03183333333332
16,102,180.59094,141.90533333333332
16,103,90.83693,73.49766666666666
16,104,152.21011,124.04066666666667
16,105,131.45944,126.38783333333335
16,106,154.36872,117.806
16,107,114.92713,89.18516666666666
16,108,135.3212,106.68416666666667
16,109,132.63023,99.66666666666667
16,110,131.26216,95.86083333333333
16,111,130.31980000000001,94.05216666666666
16,112,132.00464000000002,98.29366666666667
16,113,134.96302,104.816
16,114,128.13212,91.23383333333332
16,115,133.55591,99.5525
16,116,130.17412,93.97666666666667
16,117,137.72338,101.3195
16,118,101.63788000000001,86.31316666666666
16,119,203.84466,151.55533333333332
16,120,137.91134,108.66283333333334
16,121,84.33187,67.96666666666667
16,122,223.90092,159.1616666666667
17,0,33.611959999999996,32.09283333333333
17,1,23.221130000000002,24.86616666666667
17,2,40.95185,45.24883333333333
17,3,120.06752,88.80283333333334
17,4,125.54408000000001,132.91916666666665
17,5,6.731859999999999,9.816166666666668
17,6,41.00139,44.345666666666666
17,7,36.15735,36.534666666666666
17,8,75.43146,69.613
17,9,28.58688,28.103666666666665
17,10,122.72283,111.7265
17,11,82.09752999999999,65.78433333333334
17,12,16.81227,15.706833333333332
17,13,67.66086999999999,59.943333333333335
17,14,8.19058,11.023833333333332
17,15,23.957759999999997,32.04816666666667
17,16,153.95656,118.57333333333332
17,17,0.0,0.0
17,18,6.16773,10.648
17,19,12.05101,11.17
17,20,42.89571,42.705333333333336
17,21,45.88785,42.16416666666667
17,22,72.02607,55.785
17,23,18.56328,19.5455
17,24,91.47391,69.32533333333335
17,25,53.29133,54.534
17,26,105.77243,81.48949999999999
17,27,57.7755,47.22983333333333
17,28,15.054350000000001,13.584166666666667
17,29,146.07919,110.79933333333334
17,30,57.792919999999995,57.356
17,31,16.432470000000002,17.396
17,32,16.452560000000002,14.094333333333333
17,33,17.70255,15.855333333333334
17,34,87.18513,72.869
17,35,99.73914,104.82983333333333
17,36,110.45927,103.58233333333332
17,37,24.7216,23.503
17,38,100.38614,93.98033333333333
17,39,73.34267,64.69583333333334
17,40,130.83547000000002,103.66933333333333
17,41,86.7792,63.98633333333333
17,42,33.40489,37.81366666666667
17,43,110.74522999999999,77.539
17,44,10.5622,13.1
17,45,132.05206,97.82866666666668
17,46,88.46349000000001,67.59049999999999
17,47,53.18493,40.138333333333335
17,48,20.222360000000002,21.793166666666664
17,49,25.31052,33.41
17,50,128.73904,96.13166666666666
17,51,14.98393,17.013833333333334
17,52,163.10853,128.799
17,53,36.003879999999995,30.534166666666668
17,54,140.47578,102.395
17,55,10.016969999999999,10.757
17,56,46.22751,48.29233333333333
17,57,106.09002000000001,82.04616666666668
17,58,87.46266,66.6215
17,59,139.16547,100.45516666666667
17,60,82.0264,73.12316666666668
17,61,94.46381,67.48433333333334
17,62,45.74146,65.17366666666666
17,63,46.25929,51.308
17,64,14.67533,16.6605
17,65,83.87307000000001,74.3375
17,66,134.11423000000002,102.66266666666667
17,67,130.76348,98.89750000000001
17,68,61.559290000000004,55.59666666666667
17,69,85.5864,76.08916666666667
17,70,86.453,73.18183333333333
17,71,129.22585,130.434
17,72,10.20443,14.7165
17,73,109.38786,83.07633333333334
17,74,49.516059999999996,41.78816666666667
17,75,66.64364,58.433166666666665
17,76,19.792360000000002,20.433333333333334
17,77,74.41139,64.50133333333333
17,78,131.44055,99.765
17,79,85.05174000000001,88.25183333333332
17,80,99.07916,90.69633333333333
17,81,14.646840000000001,19.375999999999998
17,82,116.0753,104.914
17,83,90.80268,72.13766666666668
17,84,105.96405,101.59899999999999
17,85,24.04343,25.05216666666667
17,86,90.01288000000001,64.73949999999999
17,87,30.7956,28.511833333333335
17,88,151.72347,106.62616666666666
17,89,60.62275,44.24933333333333
17,90,131.04586,97.52466666666666
17,91,14.493,20.884333333333334
17,92,18.18367,18.261000000000003
17,93,125.55054,118.74933333333334
17,94,4.56545,8.561666666666667
17,95,23.52456,22.549
17,96,129.34838,102.11983333333333
17,97,58.301300000000005,58.7115
17,98,15.633629999999998,14.947833333333334
17,99,4.26588,7.3053333333333335
17,100,53.53419,47.163333333333334
17,101,18.05489,19.488666666666667
17,102,20.29196,24.968833333333336
17,103,107.66938,95.51883333333333
17,104,11.64216,16.906166666666667
17,105,63.91871,69.747
17,106,47.28398,46.839333333333336
17,107,55.41343,53.03733333333333
17,108,19.81699,21.144000000000002
17,109,22.30468,23.734166666666667
17,110,23.02984,25.372666666666664
17,111,25.403950000000002,30.133
17,112,23.47439,23.947333333333333
17,113,19.46334,19.0965
17,114,32.27038,33.51016666666666
17,115,26.667150000000003,26.769166666666667
17,116,24.01936,26.6495
17,117,27.630740000000003,29.803166666666666
17,118,237.21486,169.31716666666668
17,119,127.55016,86.554
17,120,273.17163,188.737
17,121,160.12858,107.44633333333333
17,122,72.07695,45.5815
18,0,31.28508,31.941
18,1,20.89425,24.714333333333332
18,2,38.624970000000005,45.097
18,3,117.74064,88.65116666666667
18,4,123.21719999999999,132.76733333333334
18,5,7.097729999999999,12.152833333333332
18,6,38.674519999999994,44.19383333333334
18,7,33.83047,36.38283333333333
18,8,73.10458,69.46116666666667
18,9,26.26,27.951999999999998
18,10,120.39595,111.57483333333333
18,11,79.77064999999999,65.63266666666667
18,12,5.035279999999999,7.684166666666667
18,13,65.33399,59.791666666666664
18,14,11.933879999999998,15.497333333333334
18,15,30.59536,37.7615
18,16,151.62967,118.42166666666667
18,17,6.90416,11.882666666666667
18,18,0.0,0.0
18,19,7.17725,10.613166666666666
18,20,40.568839999999994,42.5535
18,21,43.560970000000005,42.0125
18,22,69.69919999999999,55.63333333333333
18,23,16.2364,19.393833333333337
18,24,89.14703999999999,69.1735
18,25,50.96445,54.382333333333335
18,26,103.44555,81.33783333333334
18,27,55.448620000000005,47.077999999999996
18,28,21.423389999999998,18.571666666666665
18,29,143.75231,110.64766666666667
18,30,55.46604,57.20433333333334
18,31,14.10559,17.244333333333334
18,32,14.125680000000001,13.942666666666666
18,33,24.07159,20.84283333333333
18,34,84.85825,72.71733333333333
18,35,97.41227,104.67800000000001
18,36,108.13238,103.43066666666667
18,37,11.43127,17.705666666666666
18,38,98.05926,93.82866666666668
18,39,71.0158,64.544
18,40,128.50859,103.51766666666667
18,41,84.45232,63.834666666666664
18,42,31.07801,37.662
18,43,108.41835,77.38716666666666
18,44,8.23532,12.948333333333332
18,45,129.72518,97.67683333333333
18,46,86.13662,67.43883333333333
18,47,50.858050000000006,39.986666666666665
18,48,17.67229,20.99116666666667
18,49,38.91571,35.44833333333334
18,50,126.41216,95.98
18,51,12.65705,16.862000000000002
18,52,160.78164,128.64716666666666
18,53,33.677,30.382333333333335
18,54,138.14891,102.24333333333334
18,55,16.38601,15.744499999999999
18,56,35.1289,41.19216666666667
18,57,103.76313,81.89433333333334
18,58,85.13577000000001,66.46966666666667
18,59,136.83857999999998,100.30333333333333
18,60,79.69952,72.9715
18,61,92.13692999999999,67.33266666666667
18,62,52.379059999999996,70.88716666666666
18,63,43.932410000000004,51.156333333333336
18,64,9.63692,15.375166666666667
18,65,81.54619,74.18566666666668
18,66,131.78735999999998,102.511
18,67,128.4366,98.74566666666666
18,68,59.23241,55.445
18,69,83.25952000000001,75.93733333333333
18,70,84.12613,73.03
18,71,126.89898,130.28216666666668
18,72,12.75394,20.366
18,73,107.06098,82.92466666666665
18,74,47.18918,41.6365
18,75,64.31676999999999,58.281333333333336
18,76,11.55669,17.737000000000002
18,77,72.08451,64.34966666666666
18,78,129.11366999999998,99.61316666666667
18,79,82.72486,88.1
18,80,96.75227000000001,90.54466666666667
18,81,18.34497,23.685166666666664
18,82,113.74842,104.76216666666666
18,83,88.4758,71.986
18,84,103.63717999999999,101.44716666666666
18,85,12.94482,17.951999999999998
18,86,87.686,64.58766666666666
18,87,28.46872,28.36
18,88,149.39658,106.47433333333333
18,89,58.29588,44.0975
18,90,128.71898,97.373
18,91,16.48129,23.67716666666667
18,92,15.85679,18.109333333333332
18,93,123.22366000000001,118.59750000000001
18,94,11.20305,14.275166666666667
18,95,21.197689999999998,22.397333333333332
18,96,127.02149,101.96816666666668
18,97,55.974419999999995,58.55983333333334
18,98,13.30675,14.796166666666666
18,99,4.88296,9.021333333333333
18,100,51.20731,47.01166666666666
18,101,15.72801,19.337
18,102,23.990099999999998,29.278166666666667
18,103,105.34249000000001,95.36716666666666
18,104,8.946620000000001,15.821499999999999
18,105,61.59184,69.59516666666667
18,106,44.95711,46.6875
18,107,53.08655,52.885666666666665
18,108,17.49011,20.992166666666666
18,109,19.9778,23.5825
18,110,20.702959999999997,25.220833333333335
18,111,23.07707,29.981333333333335
18,112,21.147509999999997,23.7955
18,113,17.13646,18.944833333333335
18,114,29.94351,33.358333333333334
18,115,24.34027,26.61733333333333
18,116,21.69248,26.497666666666664
18,117,25.30386,29.6515
18,118,234.88797,169.16533333333334
18,119,125.22328999999999,86.40216666666667
18,120,270.84475,188.58516666666668
18,121,157.8017,107.2945
18,122,78.44597999999999,50.568999999999996
19,0,22.56671,26.346333333333334
19,1,12.17588,19.119666666666667
19,2,29.906599999999997,39.50233333333333
19,3,109.02227,83.0565
19,4,114.49882000000001,127.17266666666666
19,5,12.024329999999999,13.873833333333332
19,6,29.956139999999998,38.59916666666666
19,7,25.112099999999998,30.788166666666665
19,8,64.38621,63.866499999999995
19,9,17.54163,22.357333333333333
19,10,111.67758,105.98016666666668
19,11,71.05228,60.03783333333333
19,12,11.433969999999999,14.944833333333333
19,13,56.615610000000004,54.19683333333333
19,14,21.6338,21.5705
19,15,35.2196,38.6695
19,16,142.91131,112.827
19,17,13.355,14.405833333333334
19,18,7.17573,10.4915
19,19,0.0,0.0
19,20,31.850459999999998,36.95883333333334
19,21,34.8426,36.417833333333334
19,22,60.98082,50.03866666666667
19,23,7.5180299999999995,13.799166666666668
19,24,80.42866000000001,63.578833333333336
19,25,42.24608,48.787666666666674
19,26,94.72717999999999,75.74316666666667
19,27,46.73025,41.483333333333334
19,28,26.04763,19.479666666666667
19,29,135.03394,105.05300000000001
19,30,46.74767,51.60966666666666
19,31,5.0454799999999995,10.5225
19,32,5.407310000000001,8.348
19,33,28.69583,21.750833333333333
19,34,76.13988,67.1225
19,35,88.69389,99.08333333333333
19,36,99.41400999999999,97.836
19,37,10.95641,21.371333333333332
19,38,89.34089,88.234
19,39,62.297419999999995,58.949333333333335
19,40,119.79022,97.923
19,41,75.73395,58.24
19,42,22.35964,32.06733333333333
19,43,99.69998,71.7925
19,44,7.93018,11.0725
19,45,121.0068,92.08216666666667
19,46,77.41824000000001,61.844166666666666
19,47,42.13968,34.392
19,48,8.30066,14.969833333333334
19,49,30.19734,29.853666666666665
19,50,117.69378999999999,90.38533333333334
19,51,2.61983,9.377833333333333
19,52,152.06328,123.0525
19,53,24.95863,24.787666666666667
19,54,129.43054,96.64866666666667
19,55,21.01025,16.6525
19,56,35.62669,45.941833333333335
19,57,95.04477,76.29966666666665
19,58,76.4174,60.875
19,59,128.12021000000001,94.70866666666667
19,60,70.98115,67.37666666666667
19,61,83.41856,61.737833333333334
19,62,70.22216999999999,66.88416666666667
19,63,35.214040000000004,45.56166666666666
19,64,3.70257,7.6675
19,65,72.82782,68.591
19,66,123.06899,96.91633333333333
19,67,119.71822999999999,93.15100000000001
19,68,50.51404,49.85033333333333
19,69,74.54114999999999,70.34266666666667
19,70,75.40775,67.43533333333333
19,71,118.18060000000001,124.6875
19,72,15.18674,20.9005
19,73,98.34261000000001,77.33
19,74,38.47081,36.041666666666664
19,75,55.59839,52.68666666666666
19,76,6.90471,13.789666666666667
19,77,63.36614,58.755
19,78,120.3953,94.01849999999999
19,79,74.00649,82.50533333333333
19,80,88.03391,84.95
19,81,32.343450000000004,27.0825
19,82,105.03005,99.1675
19,83,79.75743,66.39133333333334
19,84,94.9188,95.85249999999999
19,85,13.44261,22.701666666666664
19,86,78.96763,58.993
19,87,19.750349999999997,22.765333333333334
19,88,140.67822,100.87966666666667
19,89,49.5775,38.502833333333335
19,90,120.00061,91.77833333333334
19,91,9.34291,17.249166666666667
19,92,6.23538,12.465833333333334
19,93,114.50528999999999,113.00283333333333
19,94,15.827290000000001,15.183
19,95,12.47931,16.802666666666667
19,96,118.30313000000001,96.37333333333332
19,97,47.25605,52.96516666666666
19,98,4.58838,9.201500000000001
19,99,9.80956,10.742166666666666
19,100,42.48894,41.417
19,101,6.6678999999999995,12.615166666666665
19,102,39.76023,34.22083333333333
19,103,96.62411999999999,89.77250000000001
19,104,11.37942,16.356
19,105,52.87346,64.0005
19,106,36.238730000000004,41.09283333333334
19,107,44.36818,47.291000000000004
19,108,8.77174,15.3975
19,109,11.25942,17.987833333333334
19,110,11.98459,19.626166666666666
19,111,14.3587,24.3865
19,112,12.42914,18.200833333333332
19,113,8.41809,13.350166666666667
19,114,21.22513,27.763666666666666
19,115,15.6219,21.022666666666666
19,116,12.974110000000001,20.903000000000002
19,117,16.58549,24.056833333333334
19,118,226.16960999999998,163.57066666666665
19,119,116.50491000000001,80.80749999999999
19,120,262.12638,182.9905
19,121,149.08333,101.69983333333333
19,122,83.07023,51.477
20,0,40.61795,44.652166666666666
20,1,30.22712,37.42550000000001
20,2,42.87211,47.76383333333333
20,3,117.58706,86.275
20,4,83.69067,94.89
20,5,42.786699999999996,42.555166666666665
20,6,37.36896,43.66133333333333
20,7,17.1963,23.503833333333333
20,8,26.34531,33.633833333333335
20,9,20.69859,25.637333333333334
20,10,120.24237,109.1985
20,11,55.746550000000006,71.2825
20,12,44.180910000000004,43.961666666666666
20,13,65.18041000000001,57.415333333333336
20,14,52.39618,50.25183333333334
20,15,51.35539,58.621833333333335
20,16,151.47609,116.04549999999999
20,17,44.11738,43.087333333333326
20,18,41.33339,42.044999999999995
20,19,32.586330000000004,36.466833333333334
20,20,0.0,0.0
20,21,14.53763,19.993666666666666
20,22,79.03206,68.3445
20,23,26.03625,30.328666666666667
20,24,58.32709,51.89333333333333
20,25,11.43793,16.505
20,26,72.6256,64.05766666666666
20,27,24.69862,29.45133333333333
20,28,56.810010000000005,48.160999999999994
20,29,143.59873000000002,108.2715
20,30,26.74982,35.5965
20,31,28.327060000000003,35.0145
20,32,28.27493,30.803
20,33,59.45821,50.43216666666667
20,34,85.21972,79.94116666666667
20,35,57.88574,66.80066666666667
20,36,52.57871,66.20633333333333
20,37,39.742110000000004,46.05333333333333
20,38,103.10582000000001,94.10333333333332
20,39,75.26293,67.21083333333334
20,40,128.35502,101.1415
20,41,93.78519,76.54583333333333
20,42,44.08755,43.74466666666667
20,43,77.59841,60.107
20,44,38.69256,39.75383333333333
20,45,129.57159,95.30066666666667
20,46,55.316660000000006,50.15866666666667
20,47,51.219519999999996,47.21066666666666
20,48,33.403760000000005,36.943
20,49,39.27718,42.672333333333334
20,50,126.25858,93.60383333333333
20,51,32.57238,37.62433333333333
20,52,84.71485000000001,95.18066666666667
20,53,24.41735,31.02466666666667
20,54,110.68596000000001,94.6735
20,55,51.77263,45.33383333333334
20,56,64.84496,72.1975
20,57,72.94319,64.61416666666666
20,58,94.46864,79.181
20,59,136.685,97.92716666666666
20,60,38.68225,48.4335
20,61,61.31698,50.0525
20,62,79.30202,79.70283333333333
20,63,26.444029999999998,35.62683333333334
20,64,34.1229,37.18483333333334
20,65,52.47039,60.78433333333333
20,66,100.96741,85.23083333333334
20,67,128.28302,96.3695
20,68,63.47955,58.111666666666665
20,69,87.50666,78.60416666666667
20,70,83.97255,70.65383333333332
20,71,74.80194,93.73966666666666
20,72,42.37532,46.879333333333335
20,73,89.47539,78.04899999999999
20,74,56.52205,54.34766666666667
20,75,71.07629,67.252
20,76,37.36919,41.81783333333333
20,77,53.366339999999994,61.53616666666667
20,78,128.96009,97.23700000000001
20,79,43.198339999999995,50.22266666666667
20,80,55.73501,66.00666666666667
20,81,63.105830000000005,55.76383333333333
20,82,113.59483999999999,102.386
20,83,88.32222,69.60983333333334
20,84,62.619910000000004,76.90916666666666
20,85,42.66089,48.95733333333333
20,86,88.04748,71.81166666666667
20,87,13.56145,19.85183333333333
20,88,149.243,104.09816666666667
20,89,58.65734,51.3215
20,90,99.78958999999999,84.57816666666666
20,91,38.58556,42.70883333333334
20,92,30.637349999999998,33.465833333333336
20,93,67.66998,81.37316666666668
20,94,46.58967,43.864333333333335
20,95,27.537740000000003,29.69783333333333
20,96,126.86791000000001,99.59183333333334
20,97,16.44789,20.6825
20,98,30.04654,34.80683333333333
20,99,40.57193,39.42366666666667
20,100,55.454449999999994,49.67833333333333
20,101,31.9731,36.650666666666666
20,102,70.52261,62.902166666666666
20,103,105.18891,92.991
20,104,42.1418,45.03733333333333
20,105,22.06531,31.718
20,106,5.2999,8.663
20,107,26.78791,36.6905
20,108,24.022560000000002,31.611333333333334
20,109,20.90727,24.497166666666665
20,110,25.55843,31.418333333333333
20,111,25.679209999999998,33.840833333333336
20,112,27.26703,34.525666666666666
20,113,26.291880000000003,31.488
20,114,25.14227,29.13883333333333
20,115,19.53903,22.39783333333333
20,116,22.465419999999998,27.80483333333333
20,117,32.30418,42.09616666666667
20,118,234.73439000000002,166.78916666666666
20,119,134.55616,99.1135
20,120,270.69115999999997,186.209
20,121,126.98175,90.0145
20,122,113.83261,80.15833333333333
21,0,46.170379999999994,45.79666666666667
21,1,35.77955,38.570166666666665
21,2,44.01415,52.655499999999996
21,3,121.86132,90.86666666666666
21,4,86.31593,95.93933333333332
21,5,44.63689,42.225
21,6,40.0081,48.130833333333335
21,7,7.71576,12.033166666666666
21,8,31.803990000000002,37.98066666666667
21,9,16.90892,23.682166666666667
21,10,124.51661999999999,113.79033333333334
21,11,41.06787,52.05433333333334
21,12,46.031099999999995,43.631499999999996
21,13,69.45466,62.00716666666666
21,14,54.246370000000006,49.92166666666667
21,15,35.088339999999995,42.70583333333333
21,16,155.75035999999997,120.63716666666666
21,17,45.96757,42.757
21,18,43.18358,41.71483333333333
21,19,34.43653,36.13666666666666
21,20,14.73974,20.160500000000003
21,21,0.0,0.0
21,22,84.58449,69.489
21,23,27.64943,29.491833333333332
21,24,84.86377,66.73683333333334
21,25,15.38048,19.356166666666663
21,26,99.16228,78.90116666666667
21,27,38.03382,44.501
21,28,58.660199999999996,47.830666666666666
21,29,147.87298,112.86316666666667
21,30,12.071129999999998,16.368333333333332
21,31,29.94025,34.17766666666667
21,32,30.125130000000002,30.472666666666665
21,33,61.3084,50.102
21,34,68.95267999999999,64.02516666666666
21,35,60.511,67.85
21,36,61.89599,68.156
21,37,41.5923,45.723
21,38,107.38007,98.695
21,39,84.85657,72.65683333333332
21,40,132.62927,105.73316666666666
21,41,99.33762,77.69033333333333
21,42,53.68118,49.190666666666665
21,43,104.13508999999999,74.95049999999999
21,44,40.54275,39.42366666666667
21,45,133.84586,99.89233333333333
21,46,81.85334,65.00216666666667
21,47,34.95248,31.294666666666668
21,48,35.253949999999996,36.612833333333334
21,49,23.01014,26.756333333333334
21,50,130.53284,98.1955
21,51,34.42258,37.29416666666667
21,52,87.34012,96.23
21,53,10.03236,12.3825
21,54,142.26958,104.45883333333333
21,55,53.62282,45.00366666666666
21,56,66.69516,71.86733333333333
21,57,99.47986999999999,79.45766666666667
21,58,100.02107000000001,80.32549999999999
21,59,140.95925,102.51883333333333
21,60,45.56845,53.37416666666666
21,61,87.85366,64.89583333333333
21,62,63.034980000000004,63.786833333333334
21,63,48.4594,49.38533333333333
21,64,35.97309,36.85466666666667
21,65,65.80559,75.834
21,66,127.50408999999999,100.07433333333333
21,67,132.55727,100.96133333333334
21,68,73.07319,63.55783333333333
21,69,97.1003,84.05016666666667
21,70,88.24680000000001,75.24549999999999
21,71,84.11922,95.68933333333332
21,72,32.10707,34.434
21,73,111.18166000000001,85.14016666666666
21,74,62.07448,55.49216666666667
21,75,79.20206,72.13716666666666
21,76,39.219379999999994,41.4875
21,77,76.20519,66.56516666666667
21,78,133.23434,101.82866666666668
21,79,45.8236,51.272000000000006
21,80,62.56083,72.18916666666668
21,81,64.95602,55.43366666666667
21,82,117.86909,106.97766666666666
21,83,92.59648,74.2015
21,84,67.6323,81.26783333333333
21,85,44.51108,48.62716666666667
21,86,71.78043,55.89566666666666
21,87,14.0704,18.841666666666665
21,88,153.51727,108.69
21,89,42.3903,35.405499999999996
21,90,126.32627000000001,99.42166666666667
21,91,28.317310000000003,30.2635
21,92,32.48754,33.1355
21,93,76.98727000000001,83.32283333333334
21,94,38.608230000000006,42.43416666666667
21,95,23.36723,24.631500000000003
21,96,131.14217000000002,104.18366666666667
21,97,28.29239,33.54083333333333
21,98,31.896729999999998,34.47666666666667
21,99,42.422129999999996,39.093333333333334
21,100,65.04809,55.1245
21,101,28.64758,32.3575
21,102,72.3728,62.57183333333333
21,103,109.46316,97.58266666666667
21,104,35.62257,39.355333333333334
21,105,27.16487,35.3455
21,106,9.175139999999999,11.233666666666666
21,107,48.80328,50.449
21,108,24.54053,33.39416666666667
21,109,21.425240000000002,26.280166666666666
21,110,26.076400000000003,33.20133333333333
21,111,26.19718,35.623666666666665
21,112,27.785,36.3085
21,113,26.809849999999997,33.270833333333336
21,114,25.66024,30.921666666666667
21,115,20.057,24.180666666666664
21,116,22.98339,29.587833333333332
21,117,40.18916,43.50716666666666
21,118,239.00864,171.381
21,119,140.10858,100.258
21,120,274.96540999999996,190.80083333333332
21,121,153.51844,104.85783333333333
21,122,115.6828,79.82816666666666
22,0,42.35274,30.4465
22,1,53.58841,41.3755
22,2,47.77405,43.61516666666667
22,3,105.25783,87.03366666666668
22,4,172.31647,152.42983333333333
22,5,72.81816,59.13583333333334
22,6,47.823589999999996,42.71183333333333
22,7,74.39197,63.91566666666667
22,8,101.75842,77.17800000000001
22,9,68.24277000000001,57.28066666666667
22,10,97.44417,93.93350000000001
22,11,121.75341999999999,94.96116666666667
22,12,59.426970000000004,56.181666666666665
22,13,52.851169999999996,58.174
22,14,82.42764,66.8325
22,15,92.97669,80.72666666666667
22,16,139.14685999999998,116.80416666666666
22,17,74.14883999999999,59.667833333333334
22,18,71.36485,58.62566666666667
22,19,60.48433,52.83866666666667
22,20,86.54008,67.79766666666667
22,21,85.54373,71.34116666666667
22,22,0.0,0.0
22,23,60.8768,50.708333333333336
22,24,117.80088,76.89033333333333
22,25,94.68572,75.7755
22,26,132.09939000000003,89.0545
22,27,84.10247,54.79483333333334
22,28,86.84147999999999,64.74166666666666
22,29,131.2695,109.03
22,30,97.44881,86.53299999999999
22,31,60.93489,54.42616666666667
22,32,57.33972,46.647666666666666
22,33,89.48967,67.01283333333333
22,34,126.84102,102.046
22,35,141.13353,126.07116666666667
22,36,136.78623000000002,111.14750000000001
22,37,53.351870000000005,48.28866666666667
22,38,54.69788,63.7985
22,39,48.961760000000005,44.90466666666667
22,40,116.02577000000001,101.9
22,41,20.51505,19.77
22,42,38.92316,30.088833333333334
22,43,137.0722,85.104
22,44,68.72402000000001,56.334500000000006
22,45,117.24236,96.05933333333334
22,46,114.79046000000001,75.1555
22,47,92.84082000000001,69.31533333333333
22,48,59.2809,49.050333333333334
22,49,80.89847999999999,64.777
22,50,113.92934,94.36233333333332
22,51,62.60385,54.205000000000005
22,52,173.34066,152.72033333333331
22,53,75.65977000000001,59.711
22,54,125.66609,100.62566666666666
22,55,81.80409,61.9145
22,56,77.65263,76.3035
22,57,132.41698000000002,89.61116666666666
22,58,16.607020000000002,22.182000000000002
22,59,124.35577,98.68583333333332
22,60,108.35337,80.68816666666666
22,61,120.79077000000001,75.04933333333334
22,62,120.92331,101.80749999999999
22,63,69.52163,53.202999999999996
22,64,60.00004,49.29216666666667
22,65,69.06338000000001,72.56816666666667
22,66,119.96258,101.357
22,67,115.95378,97.12816666666666
22,68,37.17838,35.80566666666667
22,69,39.89814,45.90716666666666
22,70,64.44555,64.69883333333333
22,71,155.55281,137.999
22,72,75.98058999999999,66.1625
22,73,94.57816,81.307
22,74,27.30343,22.612833333333334
22,75,20.817490000000003,20.403833333333335
22,76,58.384449999999994,53.64866666666667
22,77,59.601699999999994,62.732166666666664
22,78,116.63085000000001,97.99566666666666
22,79,126.44613000000001,109.49316666666667
22,80,125.40612,98.26133333333334
22,81,93.13729,72.3445
22,82,84.16359,77.70883333333333
22,83,75.99298,70.36833333333334
22,84,132.29102,109.164
22,85,55.46855,53.06333333333334
22,86,129.66877,93.91633333333333
22,87,69.03022,55.892833333333336
22,88,136.91377,104.85683333333333
22,89,100.27864,73.42616666666666
22,90,116.23616,95.7555
22,91,68.21039999999999,62.464166666666664
22,92,57.078900000000004,45.68033333333334
22,93,151.8775,126.31433333333332
22,94,76.62113000000001,60.445
22,95,63.18045,51.726
22,96,114.53868,100.3505
22,97,94.515,71.73316666666666
22,98,57.3775,47.448166666666665
22,99,70.6034,56.00416666666667
22,100,33.77224,28.110666666666667
22,101,65.67481,56.679833333333335
22,102,100.55408,79.48266666666667
22,103,87.49,89.91166666666666
22,104,72.17326,61.618
22,105,103.76491,87.38916666666667
22,106,90.92833999999999,71.93166666666666
22,107,74.45804,58.336666666666666
22,108,56.07571,47.84866666666667
22,109,58.5892,48.779833333333336
22,110,54.89119,42.283833333333334
22,111,54.78864,41.21816666666667
22,112,51.55945,37.254
22,113,55.60398,44.41133333333333
22,114,58.90965,46.13616666666667
22,115,61.81657,50.541000000000004
22,116,56.93617,45.93983333333333
22,117,52.00046,38.07866666666666
22,118,262.04663,165.1843333333333
22,119,61.28601999999999,42.3375
22,120,258.36194,186.96766666666664
22,121,186.45555,115.01133333333334
22,122,143.86408,96.739
23,0,20.8838,22.855
23,1,10.49297,15.628333333333334
23,2,28.223689999999998,36.01116666666667
23,3,106.36798,77.80333333333333
23,4,109.18249,119.91183333333333
23,5,19.35031,19.283166666666666
23,6,24.51476,35.0675
23,7,19.79577,23.527333333333335
23,8,59.06988,56.60566666666667
23,9,10.43551,14.129166666666666
23,10,109.02328,100.727
23,11,63.946160000000006,51.80983333333334
23,12,20.74452,20.689833333333336
23,13,53.96132,48.94383333333334
23,14,28.95979,26.98
23,15,35.16943,37.57516666666667
23,16,140.25701999999998,107.57383333333334
23,17,20.680979999999998,19.815333333333335
23,18,17.897,18.77316666666667
23,19,9.14995,13.195
23,20,26.53413,29.698
23,21,27.73648,28.189666666666668
23,22,59.29791,46.547333333333334
23,23,0.0,0.0
23,24,75.11234,56.31783333333333
23,25,36.92975,41.526666666666664
23,26,89.41085000000001,68.48216666666667
23,27,41.41392,34.2225
23,28,33.37362,24.889
23,29,132.37964000000002,99.79983333333332
23,30,39.64155,43.381499999999996
23,31,3.57308,9.1645
23,32,2.28666,6.539
23,33,36.02182,27.16033333333333
23,34,69.03377,58.8945
23,35,83.37756,91.8225
23,36,94.09768,90.575
23,37,16.30572,22.781333333333336
23,38,87.65798,84.74266666666668
23,39,60.61452,55.45816666666666
23,40,117.13592,92.66983333333333
23,41,74.05104,54.748666666666665
23,42,20.67673,28.576
23,43,94.38364999999999,64.53166666666667
23,44,15.256170000000001,16.481833333333334
23,45,118.35251,86.829
23,46,72.10191,54.58316666666666
23,47,35.03357,26.163833333333333
23,48,9.96737,13.671166666666666
23,49,23.09123,21.6255
23,50,115.03949,85.13216666666668
23,51,9.136,14.352333333333332
23,52,144.95716000000002,114.82433333333333
23,53,17.852520000000002,16.5595
23,54,126.77624,91.3955
23,55,28.33624,22.061833333333333
23,56,41.40858,48.92550000000001
23,57,89.72842999999999,69.03883333333333
23,58,74.73449000000001,57.38366666666666
23,59,125.46591000000001,89.4555
23,60,65.66482,60.11583333333333
23,61,78.10222999999999,54.477
23,62,63.11606,58.656
23,63,38.70797,38.966499999999996
23,64,10.68651,13.913
23,65,70.17352000000001,63.337833333333336
23,66,117.75266,89.65533333333333
23,67,117.06393,87.898
23,68,48.831129999999995,46.359
23,69,72.85824000000001,66.85133333333333
23,70,72.75345,62.18216666666667
23,71,112.86427,117.42666666666668
23,72,13.45833,23.6285
23,73,95.68831,72.07683333333333
23,74,36.7879,32.5505
23,75,53.91548,49.1955
23,76,13.932799999999999,18.545833333333334
23,77,60.711839999999995,53.50183333333334
23,78,117.741,88.76533333333333
23,79,68.69016,75.2445
23,80,82.71757000000001,77.68900000000001
23,81,39.66944,32.492
23,82,102.37575,93.91433333333333
23,83,77.10313000000001,61.13816666666666
23,84,89.60248,88.59166666666667
23,85,19.2245,25.685333333333332
23,86,71.86152,50.765
23,87,14.43402,15.5045
23,88,138.02392,95.62666666666668
23,89,42.47139,30.27466666666667
23,90,117.34631,86.52516666666666
23,91,8.95212,17.893166666666666
23,92,7.20096,10.193833333333334
23,93,109.18894999999999,105.74183333333333
23,94,23.15328,20.592499999999998
23,95,4.6626199999999995,8.153
23,96,115.64883,91.12033333333333
23,97,41.93972,45.704166666666666
23,98,6.61015,11.534833333333333
23,99,17.13555,16.151666666666667
23,100,40.80603,37.925666666666665
23,101,5.693479999999999,12.096
23,102,47.086220000000004,39.63016666666667
23,103,93.96982000000001,84.51933333333334
23,104,18.70541,21.7655
23,105,47.55713,56.73966666666667
23,106,30.922400000000003,33.832
23,107,39.05185,40.03
23,108,7.067489999999999,12.412833333333333
23,109,6.53346,10.512333333333334
23,110,10.28033,16.6415
23,111,14.24883,21.261666666666667
23,112,10.746229999999999,14.709666666666667
23,113,6.71383,10.365333333333332
23,114,15.9088,20.502833333333335
23,115,10.30557,13.761833333333334
23,116,8.8965,15.547333333333334
23,117,14.90258,20.5655
23,118,223.51531,158.3175
23,119,114.82200999999999,77.31616666666667
23,120,259.47208,177.7375
23,121,143.767,94.43900000000001
23,122,90.39622,56.8865
24,0,70.15984,56.672333333333334
24,1,63.05936,59.1865
24,2,63.96113,56.897333333333336
24,3,62.35913,57.46783333333334
24,4,78.85704,90.0115
24,5,81.7318,69.021
24,6,58.457980000000006,52.794999999999995
24,7,67.56223,58.01116666666667
24,8,29.48114,34.341499999999996
24,9,63.85957,55.77316666666666
24,10,80.06211,79.76133333333334
24,11,125.0558,99.39899999999999
24,12,83.12601,70.4275
24,13,53.261660000000006,55.361
24,14,91.34128,76.71766666666667
24,15,96.27906,85.16433333333333
24,16,96.24816,87.23833333333333
24,17,83.06247,69.55316666666666
24,18,80.27849,68.51083333333332
24,19,71.53142999999999,62.93266666666667
24,20,47.4829,50.54816666666667
24,21,61.10889,66.013
24,22,108.57395,80.36466666666666
24,23,64.98134,56.7945
24,24,0.0,0.0
24,25,46.32084,53.6235
24,26,32.998290000000004,33.423
24,27,24.53502,25.509
24,28,95.75511,74.62683333333332
24,29,88.3708,79.46433333333333
24,30,86.50347000000001,81.4535
24,31,67.27216,61.480333333333334
24,32,67.22003,57.26883333333333
24,33,98.4033,76.898
24,34,130.14339999999999,106.48366666666668
24,35,63.58439,71.91983333333333
24,36,43.32679,48.72933333333334
24,37,78.68719999999999,72.51916666666666
24,38,81.11955999999999,89.23033333333333
24,39,96.35195,76.34433333333332
24,40,73.12708,72.33433333333333
24,41,123.32707,88.566
24,42,65.17656,52.878166666666665
24,43,37.97109,29.47233333333333
24,44,77.63766,66.21966666666667
24,45,74.34366,66.4935
24,46,15.27639,18.299666666666667
24,47,96.1432,73.753
24,48,72.34886,63.408833333333334
24,49,84.20086,69.21466666666667
24,50,71.03065,64.79666666666667
24,51,71.51747999999999,64.09016666666666
24,52,79.88123,90.30216666666666
24,53,78.96216,64.14883333333333
24,54,71.05865,64.03883333333333
24,55,90.71772999999999,71.79966666666665
24,56,103.79006,98.66333333333334
24,57,32.902910000000006,32.75533333333333
24,58,124.01052,91.20116666666667
24,59,81.45707,69.12016666666666
24,60,14.893930000000001,18.27
24,61,21.68967,19.41783333333333
24,62,124.2257,106.24533333333333
24,63,47.537589999999994,45.420833333333334
24,64,73.06799000000001,63.65083333333334
24,65,37.32452,42.087333333333326
24,66,61.3401,54.59616666666667
24,67,73.05508999999999,67.5625
24,68,84.56855999999999,67.24533333333333
24,69,108.59567,87.73766666666667
24,70,61.986290000000004,65.78083333333333
24,71,62.093379999999996,75.58083333333335
24,72,87.22883999999999,73.89716666666666
24,73,49.435120000000005,46.190000000000005
24,74,86.06393,66.36783333333334
24,75,92.1653,76.38550000000001
24,76,76.31428,68.28366666666668
24,77,46.48194,51.17550000000001
24,78,73.73216000000001,68.42983333333333
24,79,56.29925,62.70016666666667
24,80,24.02386,35.6605
24,81,102.05093,82.22983333333333
24,82,88.9895,91.587
24,83,51.934160000000006,56.939
24,84,38.83159,46.74583333333333
24,85,81.60598,75.42316666666667
24,86,132.97116,98.35416666666667
24,87,62.200480000000006,49.988166666666665
24,88,94.01507000000001,75.29116666666667
24,89,103.58102000000001,77.864
24,90,60.16227,53.9435
24,91,83.43909,69.7265
24,92,69.58245,59.931666666666665
24,93,58.41807,63.896166666666666
24,94,85.53477000000001,70.33033333333333
24,95,66.48284,56.16366666666667
24,96,71.37202,69.93133333333334
24,97,36.3516,42.63816666666666
24,98,68.99164,61.272666666666666
24,99,79.51703,65.8895
24,100,76.54347,58.812
24,101,70.9182,63.116499999999995
24,102,109.46771000000001,89.368
24,103,78.90984,80.1595
24,104,81.08689,71.50316666666666
24,105,36.741150000000005,44.73066666666667
24,106,51.87117,54.68216666666667
24,107,36.811550000000004,41.335166666666666
24,108,61.00423,56.76933333333333
24,109,56.65386,48.89483333333333
24,110,57.69514,49.51649999999999
24,111,58.13593,48.681333333333335
24,112,60.534349999999996,53.47083333333333
24,113,60.975910000000006,57.244166666666665
24,114,53.477959999999996,44.213
24,115,54.986830000000005,44.6365
24,116,55.40289,45.257
24,117,64.55058,57.307
24,118,179.50645,137.98216666666667
24,119,164.09805,111.13366666666667
24,120,215.46323,157.40200000000002
24,121,87.35444,59.37966666666667
24,122,152.7777,106.62416666666667
25,0,57.04104,55.22266666666667
25,1,41.04927,49.44466666666666
25,2,50.842330000000004,55.44766666666667
25,3,125.55728,93.95883333333333
25,4,72.51238000000001,79.97866666666667
25,5,53.60886,54.574333333333335
25,6,45.33918,51.345166666666664
25,7,19.9863,25.36616666666667
25,8,17.67307,21.62316666666667
25,9,29.179470000000002,37.015
25,10,128.21259,116.88233333333332
25,11,56.37267,70.46383333333333
25,12,55.00306,55.98083333333333
25,13,73.15063,65.09916666666666
25,14,63.21834,62.271
25,15,50.09945,60.5295
25,16,159.44631,123.72933333333334
25,17,54.93953,55.10633333333333
25,18,52.155550000000005,54.064166666666665
25,19,43.40849,48.486
25,20,11.57027,16.603833333333334
25,21,15.16374,19.175
25,22,95.45514999999999,78.91499999999999
25,23,36.8584,42.347833333333334
25,24,46.21713,53.5585
25,25,0.0,0.0
25,26,80.59582,71.7415
25,27,32.66883,37.13516666666667
25,28,67.63216,60.18
25,29,151.56895,115.95533333333333
25,30,27.37594,34.777833333333334
25,31,39.14922,47.03366666666667
25,32,39.097089999999994,42.822
25,33,70.28036,62.45133333333333
25,34,83.96378,81.84883333333333
25,35,46.707449999999994,51.88933333333333
25,36,48.09244,52.19533333333333
25,37,50.564260000000004,58.07233333333333
25,38,111.07603999999999,101.78716666666666
25,39,83.23315,74.89466666666667
25,40,136.32523,108.82533333333335
25,41,110.20827,87.11633333333333
25,42,52.05776,51.4285
25,43,85.56862,67.791
25,44,49.51471,51.773
25,45,137.54181,102.9845
25,46,63.28688,57.8425
25,47,49.963589999999996,49.11816666666667
25,48,44.225910000000006,48.96216666666667
25,49,38.02124,44.57983333333333
25,50,134.22879999999998,101.28766666666667
25,51,43.39454,49.64333333333333
25,52,73.53656,80.26916666666666
25,53,25.04346,30.206
25,54,118.65617999999999,102.35733333333333
25,55,62.59479,57.352999999999994
25,56,75.66712,84.21666666666667
25,57,80.91341,72.29816666666667
25,58,110.89173,89.75133333333333
25,59,144.65522,105.611
25,60,31.43753,37.016666666666666
25,61,69.2872,57.73633333333333
25,62,78.04608,81.6105
25,63,34.41425,43.31066666666666
25,64,44.94505,49.20399999999999
25,65,60.44061,68.46833333333333
25,66,108.93763,92.91466666666666
25,67,136.25323,104.05333333333333
25,68,71.44977,65.79566666666666
25,69,95.47688000000001,86.288
25,70,91.94275999999999,78.33766666666666
25,71,70.31566000000001,79.72866666666667
25,72,47.11817,52.257666666666665
25,73,97.44561,85.73283333333333
25,74,72.94513,64.91816666666666
25,75,79.04651,74.93583333333332
25,76,48.19134,53.836999999999996
25,77,61.33656,69.22
25,78,136.93031,104.92083333333333
25,79,32.02004,35.31133333333333
25,80,48.429919999999996,55.8315
25,81,73.92797999999999,67.783
25,82,121.56505,110.06983333333332
25,83,96.29244,77.29366666666667
25,84,53.50139,64.91016666666667
25,85,53.48304,60.9765
25,86,86.79153,73.71933333333332
25,87,24.38361,31.870833333333334
25,88,157.21322,111.782
25,89,57.401410000000006,53.229
25,90,107.7598,92.262
25,91,43.328410000000005,48.086999999999996
25,92,41.4595,45.484833333333334
25,93,63.18371,67.36216666666667
25,94,57.41182,55.883500000000005
25,95,32.89419,40.227666666666664
25,96,134.83814,107.27566666666667
25,97,13.421479999999999,16.223
25,98,40.8687,46.826
25,99,51.39409,51.44266666666667
25,100,63.42467,57.36233333333333
25,101,38.17454,47.95366666666666
25,102,81.34477000000001,74.92116666666668
25,103,113.15913,100.67483333333332
25,104,52.96395,57.0565
25,105,13.033959999999999,18.988
25,106,7.6611400000000005,10.568833333333334
25,107,34.758129999999994,44.37433333333333
25,108,34.84471,43.63033333333333
25,109,31.729419999999998,36.516333333333336
25,110,34.04372,42.997166666666665
25,111,35.54667,44.00116666666667
25,112,35.75232,46.1045
25,113,37.11404,43.50716666666666
25,114,30.707369999999997,38.318333333333335
25,115,27.01412,32.408833333333334
25,116,30.95071,39.38366666666666
25,117,41.96132,52.62683333333334
25,118,242.70460999999997,174.47299999999998
25,119,150.97923,109.68383333333333
25,120,278.66138,193.89283333333333
25,121,134.95197,97.69833333333332
25,122,124.65477,92.1775
26,0,93.74201,66.875
26,1,86.64153,69.38916666666667
26,2,87.5433,67.1
26,3,53.23126,62.27633333333333
26,4,110.31781,119.92383333333333
26,5,105.31397,79.22366666666667
26,6,82.04015,62.99766666666667
26,7,91.14439999999999,68.21366666666667
26,8,64.62429,58.55716666666667
26,9,87.44174000000001,65.97583333333334
26,10,79.692,87.22516666666667
26,11,148.63797,109.60166666666667
26,12,106.70817,80.63016666666667
26,13,67.77260000000001,67.72416666666666
26,14,114.92345,86.92033333333333
26,15,119.86122999999999,95.367
26,16,69.47443,81.78316666666666
26,17,106.64464,79.75583333333334
26,18,103.86066000000001,78.71350000000001
26,19,95.1136,73.13533333333334
26,20,71.06507,60.75083333333334
26,21,84.69106,76.21566666666666
26,22,132.15613000000002,90.56733333333334
26,23,88.56352000000001,66.99716666666667
26,24,31.58429,30.733333333333334
26,25,79.21071,68.72866666666667
26,26,0.0,0.0
26,27,48.11719,35.711666666666666
26,28,119.33727999999999,84.82950000000001
26,29,62.335730000000005,77.67683333333333
26,30,110.08564,91.65616666666666
26,31,90.85434,71.68299999999999
26,32,90.8022,67.4715
26,33,121.98548,87.10066666666667
26,34,153.72556,116.68633333333334
26,35,95.04516000000001,101.83200000000001
26,36,74.78756,78.64166666666667
26,37,102.26938,82.72183333333334
26,38,95.6305,101.59349999999999
26,39,119.93412,86.547
26,40,70.74139,79.221
26,41,146.90925,98.76866666666666
26,42,88.75873,63.08083333333333
26,43,14.9725,20.94783333333333
26,44,101.21983,76.42233333333334
26,45,52.14278,64.58316666666666
26,46,29.78732,30.66283333333333
26,47,119.72538,83.95566666666667
26,48,95.93102,73.61149999999999
26,49,107.78303,79.41733333333333
26,50,62.054809999999996,70.23616666666666
26,51,95.09966,74.29283333333333
26,52,111.342,120.2145
26,53,102.54432000000001,74.35133333333333
26,54,49.67581,57.8365
26,55,114.2999,82.00233333333334
26,56,127.37223,108.866
26,57,47.41385,45.118500000000004
26,58,147.5927,101.40383333333332
26,59,59.3321,70.85300000000001
26,60,46.354699999999994,48.18233333333333
26,61,9.735610000000001,13.436
26,62,147.80785999999998,116.44800000000001
26,63,71.11976,55.6235
26,64,96.65016,73.8535
26,65,51.83546,54.450500000000005
26,66,39.957260000000005,48.39383333333333
26,67,70.66938999999999,74.449
26,68,108.15073,77.44800000000001
26,69,132.17784,97.94033333333333
26,70,76.49723,78.144
26,71,56.9185,72.67133333333332
26,72,110.81101,84.09983333333334
26,73,48.802980000000005,53.39116666666666
26,74,109.6461,76.5705
26,75,115.74748,86.58816666666667
26,76,99.89645,78.48633333333333
26,77,58.12903,62.146166666666666
26,78,60.827949999999994,73.83366666666667
26,79,87.76002,92.6125
26,80,24.71524,32.885666666666665
26,81,125.63309,92.43249999999999
26,82,104.53972,100.91683333333334
26,83,68.40960000000001,67.99583333333334
26,84,35.1368,46.144666666666666
26,85,105.18816000000001,85.62583333333333
26,86,156.55333,108.55683333333333
26,87,85.78264999999999,60.191
26,88,71.8901,77.02399999999999
26,89,127.1632,88.06666666666666
26,90,38.77943,47.74133333333334
26,91,107.02125,79.92916666666666
26,92,93.16462,70.13433333333334
26,93,89.87884,93.80833333333334
26,94,109.11694,80.53299999999999
26,95,90.06501,66.36633333333333
26,96,71.00191000000001,77.39516666666667
26,97,67.52521,58.21083333333333
26,98,92.5738,71.47533333333334
26,99,103.0992,76.09216666666666
26,100,100.12563,69.01466666666667
26,101,94.50036999999999,73.31916666666666
26,102,133.04988,99.57066666666667
26,103,94.46005000000001,89.48933333333333
26,104,104.66906,81.70583333333335
26,105,72.39161999999999,69.57883333333332
26,106,75.45334,64.88483333333333
26,107,60.39371,51.53783333333333
26,108,84.58641,66.97200000000001
26,109,80.23603,59.0975
26,110,81.27731,59.719166666666666
26,111,81.71808999999999,58.883833333333335
26,112,84.11652000000001,63.6735
26,113,84.55808,67.44683333333333
26,114,77.06013,54.41566666666667
26,115,78.56900999999999,54.839000000000006
26,116,78.98506,55.459666666666664
26,117,88.13275,67.5095
26,118,157.38148,139.715
26,119,187.6802,121.33616666666667
26,120,193.33827,159.13483333333335
26,121,64.50933,55.189499999999995
26,122,176.35988,116.82683333333333
27,0,46.74668,34.90716666666666
27,1,39.6462,37.42133333333334
27,2,40.547959999999996,35.13216666666666
27,3,78.53703,62.755
27,4,89.76341000000001,101.19066666666666
27,5,58.31864,47.255833333333335
27,6,35.04482,31.029666666666667
27,7,44.14906,36.24583333333333
27,8,18.31037,24.459999999999997
27,9,40.44641,34.008
27,10,96.24002,85.0485
27,11,101.64263000000001,77.63383333333333
27,12,59.71284,48.66233333333333
27,13,26.06466,35.054833333333335
27,14,67.92811999999999,54.9525
27,15,72.8659,63.399166666666666
27,16,106.62219999999999,92.04833333333333
27,17,59.649300000000004,47.78783333333333
27,18,56.86532,46.745666666666665
27,19,48.118269999999995,41.167500000000004
27,20,24.545900000000003,29.043166666666664
27,21,51.185230000000004,44.4965
27,22,85.16078,58.5995
27,23,41.56818,35.029333333333334
27,24,34.46471,25.321666666666665
27,25,32.69154,37.020833333333336
27,26,48.76323,37.48583333333333
27,27,0.0,0.0
27,28,72.34195,52.861666666666665
27,29,104.5487,84.75150000000001
27,30,63.090309999999995,59.68833333333334
27,31,43.859,39.71516666666666
27,32,43.80687,35.5035
27,33,74.99014,55.13283333333333
27,34,106.73022999999999,84.71849999999999
27,35,74.49077,83.09883333333333
27,36,54.23317,59.90833333333333
27,37,55.27404,50.754
27,38,64.84318,73.46716666666666
27,39,72.93878,54.579166666666666
27,40,89.30498,77.6215
27,41,99.91391,66.80083333333333
27,42,41.763400000000004,31.113
27,43,53.73603,33.535333333333334
27,44,54.224489999999996,44.4545
27,45,90.52157000000001,71.78083333333333
27,46,31.45429,23.586833333333335
27,47,72.73003999999999,51.987833333333334
27,48,48.93569,41.64366666666667
27,49,60.787699999999994,47.44949999999999
27,50,87.20855,70.08383333333333
27,51,48.10432,42.325
27,52,90.78760000000001,101.48133333333334
27,53,55.548989999999996,42.383500000000005
27,54,86.82359,68.10166666666666
27,55,67.30456,50.0345
27,56,80.37689999999999,76.89816666666667
27,57,49.08081,38.042500000000004
27,58,100.59736,69.43583333333332
27,59,97.63498,74.40733333333333
27,60,25.80031,29.449166666666667
27,61,37.45461,23.480666666666664
27,62,100.81253,84.48016666666668
27,63,17.921439999999997,20.933833333333332
27,64,49.654830000000004,41.8855
27,65,27.79204,31.363333333333333
27,66,77.10503999999999,58.659
27,67,89.23299,72.84966666666666
27,68,61.1554,45.480000000000004
27,69,85.18251,65.9725
27,70,45.709900000000005,50.017833333333336
27,71,72.99976,86.76
27,72,63.81567,52.13183333333333
27,73,65.61302,51.47716666666667
27,74,62.650769999999994,44.602666666666664
27,75,68.75214,54.62033333333333
27,76,52.901120000000006,46.5185
27,77,28.68798,32.11516666666667
27,78,89.91006,73.71716666666666
27,79,64.45195,70.7385
27,80,42.85306,47.022333333333336
27,81,78.63777,60.4645
27,82,75.3322,81.75
27,83,43.34459,47.674
27,84,49.73796,57.925
27,85,58.19282,53.658
27,86,109.55798,76.589
27,87,38.78731,28.223000000000003
27,88,110.19297999999999,80.57833333333333
27,89,80.16786,56.09866666666667
27,90,75.92721,58.006499999999996
27,91,60.02592,47.96133333333333
27,92,46.16928,38.1665
27,93,69.32445,75.07516666666668
27,94,62.121610000000004,48.565000000000005
27,95,43.069669999999995,34.3985
27,96,87.54992999999999,75.21849999999999
27,97,21.00603,26.50316666666667
27,98,45.57847,39.5075
27,99,56.10387,44.12416666666666
27,100,53.130300000000005,37.04666666666667
27,101,47.50503,41.35116666666667
27,102,86.05455,67.60283333333334
27,103,70.32027000000001,70.89450000000001
27,104,57.673730000000006,49.73800000000001
27,105,26.077689999999997,35.48166666666667
27,106,28.934169999999998,33.17716666666667
27,107,12.27656,15.826166666666667
27,108,37.59107,35.004
27,109,33.2407,27.129666666666665
27,110,34.281980000000004,27.75133333333333
27,111,34.72276,26.916
27,112,37.12118,31.705666666666666
27,113,37.56274,35.478833333333334
27,114,30.064799999999998,22.44783333333333
27,115,31.57367,22.871166666666667
27,116,31.989729999999998,23.491833333333332
27,117,41.13741,35.541666666666664
27,118,195.68436,143.26933333333332
27,119,140.68488,89.36833333333334
27,120,231.64114,162.68916666666667
27,121,103.11938,63.44266666666667
27,122,129.36454,84.859
28,0,47.32244,40.52433333333333
28,1,36.93161,33.297666666666665
28,2,54.662330000000004,53.68033333333334
28,3,133.778,97.2345
28,4,139.25455,141.35066666666668
28,5,18.970029999999998,18.397
28,6,54.711870000000005,52.777166666666666
28,7,49.867830000000005,44.966166666666666
28,8,89.14194,78.0445
28,9,42.29736,36.53516666666667
28,10,136.43329999999997,120.15799999999999
28,11,95.80801,74.21583333333334
28,12,30.522740000000002,24.1385
28,13,81.37134,68.37483333333333
28,14,21.93796,21.928
28,15,27.149630000000002,31.177833333333336
28,16,167.66703,127.00500000000001
28,17,15.07591,15.127999999999998
28,18,21.33152,19.384833333333333
28,19,25.761490000000002,19.601499999999998
28,20,56.606190000000005,51.136833333333335
28,21,59.59832,50.59583333333333
28,22,85.73655000000001,64.21666666666667
28,23,32.27375,27.97716666666667
28,24,105.18439,77.75683333333333
28,25,67.0018,62.96566666666667
28,26,119.48291,89.921
28,27,71.48598,55.66133333333333
28,28,0.0,0.0
28,29,159.78967,119.23083333333334
28,30,71.5034,65.7875
28,31,30.14295,25.8275
28,32,30.163040000000002,22.526
28,33,2.39887,4.603
28,34,100.89561,81.3005
28,35,113.44962,113.26133333333334
28,36,124.16973,112.014
28,37,38.43208,31.9345
28,38,114.09662,102.41183333333333
28,39,87.05314999999999,73.12733333333334
28,40,144.54595,112.10100000000001
28,41,100.48967,72.41783333333333
28,42,47.115370000000006,46.24533333333333
28,43,124.45571000000001,85.97049999999999
28,44,24.27268,21.5315
28,45,145.76253,106.26016666666666
28,46,102.17397,76.02199999999999
28,47,66.89541,48.57
28,48,33.93284,30.224666666666668
28,49,37.54868,41.99066666666667
28,50,142.44951999999998,104.56316666666666
28,51,28.69441,25.445333333333334
28,52,176.819,137.2305
28,53,49.71436,38.96566666666667
28,54,154.18626999999998,110.8265
28,55,7.47408,9.666333333333334
28,56,37.68371,55.95283333333334
28,57,119.80049000000001,90.47766666666666
28,58,101.17313,75.05300000000001
28,59,152.87594,108.88666666666667
28,60,95.73688,81.55466666666666
28,61,108.17429,75.91583333333332
28,62,48.933339999999994,64.30333333333333
28,63,59.96977,59.73966666666667
28,64,28.3858,25.092
28,65,97.58355,82.769
28,66,147.82472,111.09416666666667
28,67,144.47395,107.329
28,68,75.26977000000001,64.02833333333334
28,69,99.29688,84.52066666666666
28,70,100.16347999999999,81.61333333333333
28,71,142.93633,138.8655
28,72,22.44259,23.297166666666666
28,73,123.09834,91.508
28,74,63.22654,50.21966666666666
28,75,80.35412,66.86466666666666
28,76,33.50284,28.864833333333333
28,77,88.12187,72.93299999999999
28,78,145.15103,108.1965
28,79,98.76222,96.68333333333334
28,80,112.78963,99.12783333333333
28,81,9.65233,14.843333333333334
28,82,129.78577,113.34549999999999
28,83,104.51316,80.56916666666666
28,84,119.67453,110.0305
28,85,37.753910000000005,33.483666666666664
28,86,103.72336,73.171
28,87,44.50607,36.943333333333335
28,88,165.43394,115.05766666666666
28,89,74.33323,52.68083333333333
28,90,144.75634,105.95633333333333
28,91,26.73116,29.46516666666667
28,92,31.89414,26.6925
28,93,139.26102,127.18083333333334
28,94,16.80362,17.142333333333333
28,95,37.23504,30.9805
28,96,143.05884,110.55133333333333
28,97,72.01177,67.143
28,98,29.34411,23.3795
28,99,18.226580000000002,16.5275
28,100,67.24466000000001,55.595
28,101,31.765369999999997,27.920166666666667
28,102,17.069110000000002,21.9815
28,103,121.37984,103.95033333333335
28,104,25.35264,25.337666666666667
28,105,77.6292,78.1785
28,106,60.99446,55.270833333333336
28,107,69.12391000000001,61.469
28,108,33.52747,29.575499999999998
28,109,36.01515,32.16566666666667
28,110,36.74031,33.80416666666667
28,111,39.11443,38.564499999999995
28,112,37.184870000000004,32.37883333333333
28,113,33.173809999999996,27.528000000000002
28,114,45.98086,41.94166666666667
28,115,40.377629999999996,35.20066666666666
28,116,37.72983,35.081
28,117,41.34121,38.23466666666666
28,118,250.92532999999997,177.74866666666668
28,119,141.26064000000002,94.9855
28,120,286.88209,197.16850000000002
28,121,173.83905,115.87783333333333
28,122,60.3872,39.781666666666666
29,0,130.90264,90.511
29,1,129.02331,95.99683333333334
29,2,112.00975,82.07783333333333
29,3,26.02065,25.28166666666667
29,4,166.42794,166.73566666666665
29,5,144.78701999999998,112.88733333333333
29,6,108.96776,75.99533333333333
29,7,138.06328,104.25616666666666
29,8,121.13837,108.321
29,9,131.68010999999998,101.67466666666665
29,10,66.83775,62.5395
29,11,191.78158,143.64333333333335
29,12,146.18122,114.29383333333334
29,13,79.42602000000001,56.9965
29,14,154.3965,120.584
29,15,163.00484,129.40866666666668
29,16,9.01319,14.874500000000001
29,17,146.11769,113.4195
29,18,143.33370000000002,112.37733333333334
29,19,134.58664000000002,106.79899999999999
29,20,141.91244,105.001
29,21,145.09947,112.50683333333333
29,22,131.46941,108.64
29,23,131.70713,101.03883333333333
29,24,87.69441,77.54516666666667
29,25,150.05808,112.97866666666667
29,26,62.74402,78.003
29,27,97.61501,84.266
29,28,158.81033,118.49316666666667
29,29,0.0,0.0
29,30,157.00453,127.6985
29,31,133.99794,105.72466666666666
29,32,130.33383,100.85100000000001
29,33,161.45852,120.76433333333333
29,34,196.86917000000003,150.728
29,35,151.15528,148.64383333333333
29,36,130.89769,125.45333333333333
29,37,141.90177,108.35333333333332
29,38,95.88517,84.12533333333334
29,39,93.16638999999999,81.71366666666667
29,40,48.20716,50.022000000000006
29,41,155.00567,120.31666666666666
29,42,125.91936,86.71683333333334
29,43,49.15354,59.381499999999996
29,44,140.69288,110.086
29,45,14.055209999999999,21.166666666666668
29,46,73.32306,60.824
29,47,162.86898000000002,117.99733333333333
29,48,133.60984,103.65466666666666
29,49,150.92664000000002,113.459
29,50,20.50792,26.744000000000003
29,51,134.5727,107.9565
29,52,167.45213,167.02616666666665
29,53,145.68794,108.393
29,54,13.19119,19.614166666666666
29,55,153.77294,115.666
29,56,166.20253,136.36816666666667
29,57,55.032239999999994,45.70733333333333
29,58,155.68913,122.95183333333333
29,59,8.222760000000001,15.983333333333333
29,60,102.46482,94.99416666666666
29,61,62.821059999999996,67.9205
29,62,190.95147,150.48966666666666
29,63,104.7487,75.9885
29,64,134.32898,103.8965
29,65,76.21058000000001,59.81016666666667
29,66,23.57153,31.703833333333332
29,67,35.812290000000004,41.69766666666667
29,68,109.52658,87.72433333333333
29,69,97.04641000000001,84.02433333333333
29,70,76.75189999999999,60.67583333333334
29,71,117.3617,138.09583333333333
29,72,153.95460999999997,118.14133333333332
29,73,37.38547,32.69383333333334
29,74,117.80383,97.18383333333333
29,75,117.2218,97.41799999999999
29,76,137.57527,108.52950000000001
29,77,75.13477,54.914
29,78,23.00175,29.779166666666665
29,79,143.87016,139.42433333333332
29,80,85.15844,98.31016666666666
29,81,165.10614,126.09616666666668
29,82,92.84859,76.25416666666666
29,83,56.71847,43.333
29,84,95.58001,111.56916666666666
29,85,144.01845,113.128
29,86,199.69692,142.5985
29,87,132.70153,96.23333333333333
29,88,17.79832,21.2905
29,89,170.30679999999998,122.10816666666666
29,90,26.7528,32.654333333333334
29,91,150.16485999999998,113.97083333333333
29,92,131.40784,100.28483333333334
29,93,145.98897,140.62016666666665
29,94,148.58998,114.19666666666667
29,95,133.20861,100.40799999999999
29,96,58.14766,52.709500000000006
29,97,124.03929,107.97483333333334
29,98,131.70644000000001,102.0525
29,99,142.57225,109.75583333333334
29,100,106.75883999999999,83.756
29,101,137.64397,107.36066666666667
29,102,172.52292,133.23433333333335
29,103,82.76892,64.82666666666667
29,104,144.14210999999997,115.36966666666667
29,105,128.9057,119.34283333333333
29,106,146.30072,109.135
29,107,106.85911999999999,80.51416666666667
29,108,127.25319999999999,98.01316666666666
29,109,124.56223,90.99566666666666
29,110,123.19414,87.18983333333334
29,111,122.2518,85.381
29,112,123.93663000000001,89.62266666666666
29,113,126.89501,96.14483333333332
29,114,120.06411,82.56283333333334
29,115,125.4879,90.88133333333333
29,116,122.10611,85.30566666666667
29,117,129.65536,92.6485
29,118,103.28971,83.98150000000001
29,119,195.77664000000001,142.88433333333333
29,120,139.24648000000002,103.40133333333333
29,121,83.25533,70.56883333333333
29,122,215.83292,150.4905
30,0,58.09364,61.266
30,1,47.70281,54.03933333333334
30,2,55.93741000000001,68.12483333333333
30,3,133.78457999999998,106.33583333333333
30,4,74.92459,85.98183333333333
30,5,56.56015,57.69416666666667
30,6,51.93136,63.600166666666674
30,7,19.639020000000002,27.5025
30,8,44.097,53.93966666666667
30,9,28.83218,39.15133333333333
30,10,136.43988000000002,129.2595
30,11,29.088009999999997,36.051
30,12,57.95436,59.10066666666667
30,13,81.37792,77.47633333333333
30,14,66.16963,65.39083333333333
30,15,47.0116,58.17516666666667
30,16,167.67361,136.10633333333334
30,17,57.89082,58.22616666666667
30,18,55.10684,57.184
30,19,46.359790000000004,51.60583333333333
30,20,27.03275,36.11933333333333
30,21,12.07357,16.557166666666667
30,22,96.50775,84.95833333333333
30,23,39.57269,44.96116666666667
30,24,96.78702,82.20599999999999
30,25,27.6735,35.315000000000005
30,26,111.08554,94.37033333333333
30,27,63.08861,60.1105
30,28,70.58346,63.3
30,29,159.79623,128.33233333333334
30,30,0.0,0.0
30,31,41.863510000000005,49.64683333333333
30,32,42.048379999999995,45.941833333333335
30,33,73.23166,65.57116666666667
30,34,67.37738,70.11883333333334
30,35,49.11965,57.892500000000005
30,36,50.50464,58.198499999999996
30,37,53.51556,61.19233333333333
30,38,119.30333,114.16416666666667
30,39,96.77983,88.12616666666666
30,40,144.55253,121.20233333333334
30,41,111.26088,93.1595
30,42,65.60445,64.65983333333334
30,43,116.05834,90.41966666666667
30,44,52.466010000000004,54.892833333333336
30,45,145.76910999999998,115.36166666666666
30,46,93.7766,80.47133333333333
30,47,46.87574,46.76383333333333
30,48,47.17721,52.082
30,49,34.9334,42.225500000000004
30,50,142.45609,113.66466666666666
30,51,46.345839999999995,52.763333333333335
30,52,75.94877000000001,86.27250000000001
30,53,21.95562,27.851666666666667
30,54,154.19284,119.92800000000001
30,55,65.54608,60.472833333333334
30,56,78.61841,87.33649999999999
30,57,111.40313,94.92683333333333
30,58,111.94434,95.79466666666667
30,59,152.88252,117.98816666666667
30,60,57.86146,69.33316666666666
30,61,99.77692,80.36516666666667
30,62,74.95823,79.25616666666666
30,63,60.38266,64.8545
30,64,47.89635,52.324
30,65,90.88062,91.47399999999999
30,66,139.42736,115.5435
30,67,144.48053,116.4305
30,68,84.99645,79.027
30,69,109.02355,99.51950000000001
30,70,100.17005,90.71483333333335
30,71,72.72788,85.73183333333333
30,72,44.03033,49.90333333333333
30,73,123.10491,100.60933333333334
30,74,73.99772999999999,70.96133333333334
30,75,91.12532,87.60633333333334
30,76,51.14264,56.95683333333333
30,77,88.12845,82.03433333333334
30,78,145.15760999999998,117.298
30,79,34.43225,41.314499999999995
30,80,74.85383999999999,88.148
30,81,76.87928,70.90283333333333
30,82,129.79235,122.44699999999999
30,83,104.51973,89.67066666666666
30,84,77.38213999999999,92.04766666666666
30,85,56.43434,64.09633333333333
30,86,44.56705,55.25066666666667
30,87,25.99366,34.310833333333335
30,88,165.44052,124.15916666666666
30,89,33.88265,40.109
30,90,138.24953,114.89083333333333
30,91,40.24057,45.73266666666667
30,92,44.4108,48.60483333333333
30,93,65.59591999999999,73.36533333333334
30,94,50.53149,57.90333333333333
30,95,35.29049,40.10066666666667
30,96,143.06542000000002,119.65283333333333
30,97,40.58541,49.49983333333333
30,98,43.81999,49.94583333333333
30,99,54.34539,54.56266666666667
30,100,76.97134,70.59366666666666
30,101,40.57084,47.82666666666667
30,102,84.29606,78.04116666666667
30,103,121.38642,113.05183333333333
30,104,47.54584,54.82449999999999
30,105,39.45789,51.3045
30,106,21.46815,27.192666666666664
30,107,60.72654,65.91816666666666
30,108,36.46379,48.86333333333334
30,109,33.3485,41.74933333333333
30,110,37.999660000000006,48.6705
30,111,38.12043,51.092999999999996
30,112,39.70826,51.777833333333334
30,113,38.73311,48.74016666666667
30,114,37.5835,46.391
30,115,31.980259999999998,39.65
30,116,34.90665,45.057
30,117,52.11242,58.97633333333333
30,118,250.93191000000002,186.85016666666667
30,119,152.03184,115.72716666666666
30,120,286.88869,206.27
30,121,165.44169,120.32716666666667
30,122,127.60605,95.29733333333334
31,0,21.27995,27.529666666666667
31,1,10.88912,20.303
31,2,28.61984,40.685833333333335
31,3,108.83379,83.018
31,4,111.6483,125.12633333333333
31,5,15.510309999999999,18.028833333333335
31,6,28.66938,39.7825
31,7,22.261580000000002,28.741833333333332
31,8,61.53569,61.82033333333333
31,9,12.90133,19.343833333333336
31,10,111.48908999999999,105.94166666666666
31,11,66.41198,57.02433333333333
31,12,16.90451,19.435333333333332
31,13,56.42713,54.15833333333333
31,14,25.119790000000002,25.7255
31,15,37.635239999999996,42.789833333333334
31,16,142.72283,112.78850000000001
31,17,16.84098,18.560833333333335
31,18,14.057,17.518666666666665
31,19,5.09723,10.361666666666668
31,20,28.999950000000002,34.9125
31,21,30.2023,33.404333333333334
31,22,59.69406,51.222
31,23,3.37098,8.703333333333335
31,24,77.57815,61.5325
31,25,39.395559999999996,46.74133333333334
31,26,91.87666,73.69683333333334
31,27,43.87973,39.437
31,28,29.53362,23.634666666666664
31,29,134.84545,105.0145
31,30,42.10737,48.59616666666667
31,31,0.0,0.0
31,32,3.94892,9.168666666666667
31,33,32.18182,25.90583333333333
31,34,71.49958000000001,64.109
31,35,85.84338000000001,97.037
31,36,96.56349,95.78966666666666
31,37,24.81385,27.2315
31,38,88.05413,89.41733333333333
31,39,61.01066,60.132666666666665
31,40,119.60172999999999,97.88449999999999
31,41,74.44719,59.42333333333333
31,42,21.07288,33.25066666666667
31,43,96.84946000000001,69.74616666666667
31,44,11.41617,15.2275
31,45,120.81832,92.04366666666667
31,46,74.56773,59.79783333333333
31,47,37.499379999999995,31.3785
31,48,10.363520000000001,18.345833333333335
31,49,25.55704,26.84016666666667
31,50,117.5053,90.34683333333334
31,51,5.083279999999999,11.519
31,52,147.42297,120.039
31,53,20.318330000000003,21.774166666666666
31,54,129.24205,96.61016666666666
31,55,24.49624,20.8075
31,56,46.31976,52.02066666666666
31,57,92.19425,74.25333333333333
31,58,75.13064,62.05833333333333
31,59,127.93173,94.67016666666667
31,60,68.13063000000001,65.3305
31,61,80.56805,59.69166666666667
31,62,65.58188,63.870666666666665
31,63,41.17378,44.181000000000004
31,64,8.57546,17.2465
31,65,72.63933999999999,68.5525
31,66,120.21848,94.86999999999999
31,67,119.52974,93.1125
31,68,49.22728,51.03366666666667
31,69,73.25439,71.52600000000001
31,70,75.21927000000001,67.39683333333333
31,71,115.33009,122.64133333333332
31,72,10.11444,16.466166666666666
31,73,98.15413000000001,77.2915
31,74,37.184050000000006,37.225
31,75,54.311629999999994,53.87
31,76,14.32895,23.2205
31,77,63.17766,58.716499999999996
31,78,120.20681,93.98
31,79,71.15598,80.459
31,80,85.18338,82.90366666666667
31,81,35.829440000000005,31.2375
31,82,104.84156,99.12899999999999
31,83,79.56895,66.35283333333334
31,84,92.06828999999999,93.80616666666667
31,85,24.13568,28.7805
31,86,74.32733,55.9795
31,87,16.89983,20.719
31,88,140.48973,100.84116666666667
31,89,44.9372,35.489333333333335
31,90,119.81213000000001,91.73983333333334
31,91,5.6082399999999994,10.730833333333333
31,92,7.13689,14.486666666666668
31,93,111.65477,110.9565
31,94,19.31328,19.338
31,95,7.26218,12.5295
31,96,118.11464,96.33500000000001
31,97,44.40553,50.91883333333333
31,98,6.70228,12.290833333333333
31,99,13.29554,14.897166666666667
31,100,41.20218,42.60033333333333
31,101,2.34959,4.9334999999999996
31,102,43.24622,38.37566666666667
31,103,96.43564,89.734
31,104,14.8654,20.511000000000003
31,105,50.022949999999994,61.95433333333334
31,106,33.38821,39.0465
31,107,41.51766000000001,45.24466666666667
31,108,7.527189999999999,16.680333333333333
31,109,8.999270000000001,15.727
31,110,10.74003,20.908833333333334
31,111,13.11415,25.669333333333334
31,112,11.14238,19.384166666666665
31,113,7.1735299999999995,14.632833333333334
31,114,18.37462,25.717499999999998
31,115,12.771379999999999,18.976333333333333
31,116,11.362309999999999,20.762
31,117,15.298729999999999,25.240166666666667
31,118,225.98113,163.53216666666668
31,119,115.21816,81.99083333333333
31,120,261.93789000000004,182.95200000000003
31,121,146.23281,99.6535
31,122,86.55621000000001,55.632
32,0,17.80658,19.925
32,1,7.41575,12.698333333333332
32,2,25.14647,33.08116666666667
32,3,104.30434,76.73466666666667
32,4,109.78089999999999,120.85083333333334
32,5,15.952639999999999,15.597166666666668
32,6,25.196009999999998,32.178000000000004
32,7,20.39417,24.466333333333335
32,8,59.668279999999996,57.544666666666664
32,9,12.8237,16.035333333333334
32,10,106.95965,99.65816666666666
32,11,66.33435,53.716
32,12,17.34684,17.003666666666668
32,13,51.897690000000004,47.875
32,14,25.56212,23.293833333333335
32,15,37.55762,39.48133333333333
32,16,138.19338,106.50516666666667
32,17,17.28331,16.129166666666666
32,18,14.49933,15.087
32,19,5.75227,9.508833333333333
32,20,27.132540000000002,30.637
32,21,30.12467,30.096
32,22,56.220690000000005,43.617333333333335
32,23,2.77125,7.200166666666666
32,24,75.71073,57.257
32,25,37.528150000000004,42.46566666666667
32,26,90.00925,69.42116666666668
32,27,42.01232,35.161500000000004
32,28,29.97595,21.203
32,29,130.31601,98.731
32,30,42.02974,45.287666666666674
32,31,4.09309,9.6745
32,32,0.0,0.0
32,33,32.62415,23.47416666666667
32,34,71.42195,60.800666666666665
32,35,83.97597,92.7615
32,36,94.69609,91.51416666666667
32,37,13.228489999999999,19.851333333333333
32,38,84.58076,81.81266666666667
32,39,57.53729,52.52816666666667
32,40,115.0723,91.60100000000001
32,41,70.97381,51.818666666666665
32,42,17.59951,25.646
32,43,94.98205,65.47066666666666
32,44,11.8585,12.795833333333333
32,45,116.28888,85.76033333333334
32,46,72.70031,55.522166666666664
32,47,37.42175,28.07
32,48,6.890149999999999,10.741166666666667
32,49,25.47941,23.531833333333335
32,50,112.97586,84.06333333333333
32,51,5.73832,10.666333333333334
32,52,147.34534,116.73066666666666
32,53,20.24071,18.465666666666667
32,54,124.71261,90.32666666666667
32,55,24.93857,18.375833333333333
32,56,38.33135,45.995666666666665
32,57,90.32683999999999,69.97783333333334
32,58,71.65727000000001,54.453833333333336
32,59,123.40228,88.38683333333333
32,60,66.26322,61.054833333333335
32,61,78.70063,55.416000000000004
32,62,65.50425,60.56233333333333
32,63,30.496119999999998,39.23966666666667
32,64,7.60928,10.983
32,65,68.10989,62.26916666666667
32,66,118.35106,90.59433333333332
32,67,115.00030000000001,86.82916666666667
32,68,45.753910000000005,43.428999999999995
32,69,69.78102,63.9215
32,70,70.68983,61.1135
32,71,113.46267,118.36566666666666
32,72,19.11506,22.623833333333334
32,73,93.62468,71.008
32,74,33.71068,29.6205
32,75,50.838260000000005,46.265499999999996
32,76,10.85557,15.615833333333335
32,77,58.64821,52.433
32,78,115.67738,87.69666666666667
32,79,69.28856,76.18350000000001
32,80,83.31598,78.628
32,81,36.27177,28.805833333333332
32,82,100.31212,92.84566666666666
32,83,75.0395,60.06933333333333
32,84,90.20088,89.53066666666668
32,85,16.147280000000002,22.755333333333333
32,86,74.24969999999999,52.671166666666664
32,87,15.03242,16.4435
32,88,135.96028,94.55783333333333
32,89,44.85957,32.181
32,90,115.28268,85.45633333333333
32,91,9.47213,18.403333333333332
32,92,3.66351,6.882000000000001
32,93,109.78736,106.68083333333334
32,94,19.75561,16.906333333333333
32,95,7.7613900000000005,10.480666666666668
32,96,113.5852,90.0515
32,97,42.53812,46.643166666666666
32,98,3.2124800000000002,7.848833333333333
32,99,13.737870000000001,12.465499999999999
32,100,37.7288,34.995666666666665
32,101,6.21349,12.606
32,102,43.688550000000006,35.94416666666667
32,103,91.9062,83.45049999999999
32,104,15.30773,18.079333333333334
32,105,48.15554,57.678666666666665
32,106,31.52081,34.771
32,107,39.65025,40.969
32,108,4.05381,9.075666666666667
32,109,6.5415,11.665833333333333
32,110,7.26666,13.304333333333334
32,111,9.64077,18.064666666666668
32,112,7.66901,11.779666666666666
32,113,3.70016,7.0281666666666665
32,114,16.50721,21.44183333333333
32,115,10.90397,14.700833333333332
32,116,8.25618,14.581166666666666
32,117,11.82536,17.6355
32,118,221.45167,157.24883333333335
32,119,111.74478,74.38616666666667
32,120,257.40845,176.66866666666667
32,121,144.36541,95.378
32,122,86.99855000000001,53.20033333333333
33,0,49.716120000000004,41.618
33,1,39.32528,34.391333333333336
33,2,57.056,54.774166666666666
33,3,136.17167,98.32816666666666
33,4,141.64822,142.44433333333333
33,5,16.426479999999998,19.38383333333333
33,6,57.10555,53.87083333333333
33,7,52.2615,46.05983333333334
33,8,91.53561,79.13816666666666
33,9,44.69103,37.629
33,10,138.82698000000002,121.25183333333332
33,11,98.20168,75.30966666666667
33,12,32.916419999999995,25.232166666666668
33,13,83.76502,69.46866666666666
33,14,24.33164,23.021666666666665
33,15,24.63166,27.004166666666666
33,16,170.06070000000003,128.09866666666667
33,17,17.46958,16.221833333333333
33,18,23.725189999999998,20.4785
33,19,28.15517,20.695333333333334
33,20,58.99987,52.2305
33,21,61.992,51.689499999999995
33,22,88.13023,65.31033333333333
33,23,34.66743,29.070833333333333
33,24,107.57807000000001,78.8505
33,25,69.39547999999999,64.05933333333333
33,26,121.87658,91.01483333333334
33,27,73.87966,56.755
33,28,3.51423,5.8045
33,29,162.18334,120.32466666666666
33,30,73.89707000000001,66.88133333333333
33,31,32.53663,26.921333333333333
33,32,32.55671,23.619666666666667
33,33,0.0,0.0
33,34,103.28928,82.39433333333334
33,35,115.8433,114.355
33,36,126.56341,113.10766666666667
33,37,40.82575,33.028333333333336
33,38,116.49028999999999,103.50566666666667
33,39,89.44683,74.221
33,40,146.93963,113.19466666666668
33,41,102.88335000000001,73.51166666666667
33,42,49.50904,47.339000000000006
33,43,126.84938000000001,87.06416666666668
33,44,26.666349999999998,22.625333333333334
33,45,148.1562,107.35383333333333
33,46,104.56764,77.11583333333333
33,47,69.28909,49.66366666666667
33,48,36.32651,31.318499999999997
33,49,33.5364,38.86116666666667
33,50,144.84319,105.657
33,51,31.08808,26.538999999999998
33,52,179.21267,138.32416666666668
33,53,52.10804,40.059333333333335
33,54,156.57994,111.92033333333333
33,55,9.86776,10.760166666666667
33,56,40.07738,57.04666666666667
33,57,122.19416,91.57133333333333
33,58,103.5668,76.14666666666668
33,59,155.26961,109.98033333333333
33,60,98.13055,82.6485
33,61,110.56796,77.00966666666666
33,62,46.41536,60.12966666666667
33,63,62.36345,60.833333333333336
33,64,30.77948,26.18566666666667
33,65,99.97722,83.86266666666667
33,66,150.21839000000003,112.188
33,67,146.86763,108.42266666666666
33,68,77.66344000000001,65.122
33,69,101.69055,85.61433333333333
33,70,102.55716000000001,82.70700000000001
33,71,145.33,139.95916666666665
33,72,19.077740000000002,22.125999999999998
33,73,125.49202000000001,92.60166666666667
33,74,65.62021,51.31333333333334
33,75,82.7478,67.95833333333333
33,76,35.896519999999995,29.958666666666666
33,77,90.51553999999999,74.02666666666667
33,78,147.5447,109.29016666666666
33,79,101.15589,97.777
33,80,115.1833,100.22166666666666
33,81,12.046,15.937000000000001
33,82,132.17945,114.43916666666668
33,83,106.90683,81.663
33,84,122.06821000000001,111.12416666666667
33,85,40.147589999999994,34.57733333333333
33,86,106.11703,74.26466666666667
33,87,46.89975,38.037
33,88,167.82761,116.15133333333333
33,89,76.72691,53.774499999999996
33,90,147.15001999999998,107.05
33,91,23.366310000000002,28.293833333333335
33,92,34.287819999999996,27.786333333333335
33,93,141.65469000000002,128.27450000000002
33,94,13.98408,16.466666666666665
33,95,39.62871,32.074333333333335
33,96,145.45253,111.64516666666667
33,97,74.40545,68.23683333333334
33,98,31.737779999999997,24.473166666666668
33,99,20.62026,17.621166666666667
33,100,69.63834,56.68866666666667
33,101,34.15904,29.014
33,102,19.462790000000002,23.075166666666668
33,103,123.77352,105.04416666666665
33,104,27.74631,26.431333333333335
33,105,80.02287,79.27216666666666
33,106,63.38814,56.3645
33,107,71.51758,62.56266666666667
33,108,35.92114,30.66916666666667
33,109,38.40883,33.259499999999996
33,110,39.13399,34.89783333333333
33,111,41.50811,39.65833333333333
33,112,39.578540000000004,33.4725
33,113,35.56749,28.62183333333333
33,114,48.37454,43.035333333333334
33,115,42.771300000000004,36.294333333333334
33,116,40.12351,36.17466666666667
33,117,43.73489,39.3285
33,118,253.319,178.84233333333336
33,119,143.65431,96.07916666666667
33,120,289.27578000000005,198.26216666666667
33,121,176.23273,116.9715
33,122,62.780879999999996,40.8755
34,0,87.50021000000001,76.86633333333333
34,1,77.10938,69.63966666666667
34,2,94.8401,90.02250000000001
34,3,172.37769,130.34583333333333
34,4,114.2981,113.65583333333333
34,5,85.96673,73.2945
34,6,90.52447000000001,87.61
34,7,73.84605,68.62416666666667
34,8,100.84103999999999,101.47283333333333
34,9,65.974,59.06133333333333
34,10,175.03298,153.2695
34,11,36.198080000000004,42.699666666666666
34,12,87.36093,74.70116666666667
34,13,119.97103,101.48633333333333
34,14,95.5762,80.99116666666667
34,15,51.49621,66.21300000000001
34,16,206.26672,160.11633333333333
34,17,87.29739,73.82666666666667
34,18,84.51341000000001,72.7845
34,19,75.76635,67.20633333333333
34,20,86.53886999999999,81.96466666666667
34,21,69.25703999999999,64.98766666666667
34,22,125.91432,100.55866666666667
34,23,68.97927,60.5615
34,24,141.12205,108.8605
34,25,84.41753999999999,82.84816666666667
34,26,155.42056,121.02466666666666
34,27,107.42363,86.765
34,28,99.99003,78.90033333333334
34,29,198.38935999999998,152.34233333333336
34,30,66.74206,68.66966666666667
34,31,71.27009,65.24733333333333
34,32,71.45495,61.54233333333333
34,33,102.63823,81.1715
34,34,0.0,0.0
34,35,79.2033,96.90333333333334
34,36,99.42419,117.687
34,37,82.92213000000001,76.79266666666668
34,38,157.89644,138.17416666666668
34,39,127.23092,109.46933333333332
34,40,183.14564000000001,145.21233333333333
34,41,140.66745,108.76
34,42,87.29314,82.58733333333333
34,43,160.39335999999997,117.07416666666667
34,44,81.87258,70.49316666666667
34,45,184.36222,139.37150000000003
34,46,138.11163,107.12566666666666
34,47,35.43732,35.906666666666666
34,48,76.58378,67.68249999999999
34,49,47.412639999999996,50.86666666666667
34,50,181.0492,137.67466666666667
34,51,75.75241,68.36366666666666
34,52,102.67004,99.85416666666667
34,53,59.37307,53.357499999999995
34,54,192.78595,143.93800000000002
34,55,94.95264999999999,76.07316666666667
34,56,108.02498,102.93683333333334
34,57,155.73814000000002,121.58133333333333
34,58,141.35091,111.395
34,59,191.47563,141.99816666666666
34,60,131.67453,112.65833333333333
34,61,144.11194,107.01950000000001
34,62,33.51689,47.019999999999996
34,63,104.71767999999999,91.509
34,64,77.30291,67.92433333333334
34,65,136.18323,115.8805
34,66,183.76238,142.19783333333334
34,67,183.07364,140.44050000000001
34,68,115.44753999999999,100.37033333333333
34,69,139.47464000000002,120.86266666666667
34,70,138.76317,114.72483333333334
34,71,119.87705,143.0845
34,72,73.44302,66.184
34,73,161.69803,124.61933333333333
34,74,103.4043,86.56183333333334
34,75,120.53189,103.20666666666666
34,76,80.5492,72.55716666666667
34,77,126.72155000000001,106.04433333333333
34,78,183.75072,141.30783333333332
34,79,99.07719999999999,106.63683333333333
34,80,148.72728,130.2315
34,81,106.28585000000001,86.50333333333333
34,82,168.38547,146.457
34,83,143.11284,113.68066666666667
34,84,155.61219,141.13416666666666
34,85,85.84091000000001,79.69666666666667
34,86,28.928369999999997,34.08866666666667
34,87,74.43875,67.77116666666667
34,88,204.03363000000002,148.16916666666665
34,89,42.97869,36.462833333333336
34,90,183.35603,139.06766666666667
34,91,69.65327,62.013333333333335
34,92,73.81737,64.20516666666667
34,93,122.39711,122.35816666666666
34,94,79.9442,74.184
34,95,64.69706,55.701
34,96,181.65855,143.66283333333334
34,97,97.32945,97.03299999999999
34,98,73.22655999999999,65.54616666666666
34,99,83.75195,70.163
34,100,107.42244000000001,91.937
34,101,69.97741,63.427
34,102,113.70263,93.6415
34,103,159.97953,137.0618333333333
34,104,76.95853,71.10516666666668
34,105,96.20192999999999,98.8375
34,106,78.21219,74.72566666666667
34,107,105.06156,92.5725
34,108,73.68389,66.42416666666666
34,109,72.54317,63.054833333333335
34,110,77.15848,70.64316666666667
34,111,78.11999,74.12583333333333
34,112,77.36264,68.72083333333333
34,113,73.33024,64.37666666666667
34,114,81.91852,73.04533333333333
34,115,76.31528,66.30433333333333
34,116,74.90621,68.08983333333333
34,117,81.51898,74.57683333333333
34,118,289.52503,210.8601666666667
34,119,181.43841,131.3275
34,120,325.48178,230.28
34,121,209.7767,146.98149999999998
34,122,107.28708999999999,101.08033333333333
35,0,103.46052,105.41633333333333
35,1,87.46874000000001,99.63833333333334
35,2,97.26180000000001,105.64133333333332
35,3,125.96685000000001,128.36883333333333
35,4,25.528290000000002,30.269166666666667
35,5,100.02833,104.768
35,6,91.75866,101.53883333333333
35,7,64.95678,73.42399999999999
35,8,61.51795,67.74166666666666
35,9,74.14995,85.07283333333334
35,10,143.66984,150.66233333333332
35,11,41.29435,58.43383333333334
35,12,101.42253,106.17450000000001
35,13,119.57009,115.29283333333333
35,14,109.6378,112.46466666666667
35,15,95.06992,108.58716666666666
35,16,159.85589000000002,158.13933333333335
35,17,101.359,105.3
35,18,98.57502000000001,104.25783333333334
35,19,89.82796,98.67966666666666
35,20,57.98975,66.7975
35,21,60.13422,67.23283333333333
35,22,141.87463,129.10866666666666
35,23,83.27788000000001,92.5415
35,24,63.76424,71.73316666666666
35,25,46.92904,52.231833333333334
35,26,96.60602,104.32383333333334
35,27,74.58616,82.77683333333333
35,28,114.05164,110.37366666666667
35,29,151.97852,150.36533333333333
35,30,49.081480000000006,57.496
35,31,85.56869999999999,97.22733333333333
35,32,85.51656,93.01566666666666
35,33,116.69984,112.645
35,34,79.07285,96.78850000000001
35,35,0.0,0.0
35,36,20.765400000000003,23.684166666666666
35,37,96.98373,108.266
35,38,157.49552,151.98083333333335
35,39,129.65263000000002,125.08833333333334
35,40,136.73479999999998,143.23533333333336
35,41,156.62775,137.31
35,42,98.47722999999999,101.62216666666667
35,43,101.57881,100.37333333333332
35,44,95.93419,101.96666666666667
35,45,137.95139,137.3945
35,46,78.88411,89.20066666666666
35,47,79.43716,96.1465
35,48,90.64538,99.15583333333333
35,49,82.99172999999999,92.63766666666668
35,50,134.63838,135.69766666666666
35,51,89.81402,99.83716666666666
35,52,26.55247,30.559666666666665
35,53,70.01395,78.26383333333334
35,54,134.66638,134.93966666666668
35,55,109.01426,107.54666666666667
35,56,122.08659,134.41033333333334
35,57,96.51063,103.65616666666666
35,58,157.3112,139.94500000000002
35,59,145.0648,140.02100000000002
35,60,48.98464,55.19116666666666
35,61,85.29739,90.31866666666666
35,62,107.51966,128.63883333333334
35,63,80.83372,93.50433333333334
35,64,91.36452,99.39766666666667
35,65,100.93224000000001,112.98816666666667
35,66,124.94782000000001,125.497
35,67,136.66281,138.4633333333333
35,68,117.86924,115.98933333333333
35,69,141.89634,136.48166666666665
35,70,138.36223,128.53133333333332
35,71,41.21827,49.0815
35,72,92.08865,100.31533333333333
35,73,113.04284,117.09083333333334
35,74,119.36461,115.11183333333334
35,75,125.46598,125.12950000000001
35,76,94.61081,104.0305
35,77,103.25389,114.86149999999999
35,78,137.33988,139.33083333333335
35,79,15.336780000000001,19.523500000000002
35,80,59.823730000000005,73.71350000000001
35,81,120.34745,117.97666666666667
35,82,167.98453,160.2635
35,83,142.71191000000002,127.48733333333332
35,84,49.661139999999996,61.215333333333334
35,85,99.90252000000001,111.17016666666667
35,86,50.22864,63.10516666666667
35,87,71.31142,80.23233333333333
35,88,157.62279999999998,146.192
35,89,63.655919999999995,84.07966666666667
35,90,123.76999,124.84433333333332
35,91,88.29889,96.14483333333332
35,92,87.87898,95.6785
35,93,24.115479999999998,29.54866666666667
35,94,103.8313,106.07716666666667
35,95,77.86466,88.2855
35,96,134.97975,140.83216666666667
35,97,59.84095,66.41666666666667
35,98,87.28816,97.01966666666667
35,99,97.81356,101.63633333333334
35,100,109.84414,107.556
35,101,83.14502,96.0115
35,102,127.76424,125.11483333333334
35,103,159.57861,150.8685
35,104,95.60416000000001,105.23666666666666
35,105,52.5539,63.84616666666667
35,106,52.631620000000005,58.6265
35,107,81.17760000000001,94.568
35,108,81.26419,93.824
35,109,78.1489,86.71000000000001
35,110,80.46319,93.19083333333333
35,111,81.96614,94.19483333333332
35,112,82.17178999999999,96.29816666666667
35,113,83.53350999999999,93.70083333333334
35,114,77.12684,88.512
35,115,73.43359,82.60249999999999
35,116,77.37019000000001,89.57733333333334
35,117,88.38078999999999,102.8205
35,118,243.11419,208.88299999999998
35,119,197.39872,159.8775
35,120,279.07097,228.30283333333333
35,121,150.96216,130.28066666666666
35,122,171.07423,142.37116666666668
36,0,98.58642,89.67583333333333
36,1,91.48595,92.19
36,2,92.38771000000001,89.90083333333334
36,3,105.34022999999999,105.23966666666666
36,4,35.811449999999994,42.395833333333336
36,5,110.15838000000001,102.02433333333333
36,6,86.88456,85.79833333333333
36,7,66.12581,73.88183333333333
36,8,40.89132,44.6125
36,9,75.31898,85.53083333333333
36,10,123.04321,127.53316666666666
36,11,61.61036,79.67316666666667
36,12,111.55259,103.431
36,13,80.00394,94.67216666666667
36,14,119.76787,109.72116666666668
36,15,96.23895,109.04516666666667
36,16,139.22926999999999,135.01016666666666
36,17,111.48905,102.5565
36,18,108.70507,101.51433333333333
36,19,99.95802,95.93616666666667
36,20,52.48503,65.88366666666667
36,21,61.30325,67.69083333333333
36,22,137.00053,113.36816666666667
36,23,93.40793,89.798
36,24,43.13761,48.604
36,25,48.09807,52.68983333333333
36,26,75.97939,81.19483333333332
36,27,53.959540000000004,59.647666666666666
36,28,124.18169999999999,107.63016666666667
36,29,131.35189000000003,127.23616666666666
36,30,50.250519999999995,57.95399999999999
36,31,95.69875,94.48383333333332
36,32,95.64662,90.27216666666666
36,33,126.82989,109.9015
36,34,99.38887,118.028
36,35,20.5388,24.304
36,36,0.0,0.0
36,37,107.11379,105.52250000000001
36,38,118.78245,133.0845
36,39,124.77853,109.34783333333333
36,40,116.10817999999999,120.10616666666667
36,41,151.75366,121.5695
36,42,93.60315,85.88166666666666
36,43,80.95219,77.24416666666666
36,44,106.06424000000001,99.22316666666667
36,45,117.32477,114.26533333333333
36,46,58.25749,66.0715
36,47,96.10309,97.63383333333333
36,48,100.77544,96.41233333333334
36,49,84.16075,93.09549999999999
36,50,114.01175,112.5685
36,51,99.94407000000001,97.09366666666666
36,52,36.83564,42.68633333333333
36,53,71.18297,78.72183333333334
36,54,114.03975,111.8105
36,55,119.14431,104.80316666666666
36,56,132.21664,131.66683333333333
36,57,75.88400999999999,80.527
36,58,152.43711,124.20450000000001
36,59,124.43817,116.89183333333334
36,60,28.35802,32.062
36,61,64.67076999999999,67.1895
36,62,124.18558999999999,130.12616666666665
36,63,75.96417,78.42416666666666
36,64,101.49458,96.65416666666667
36,65,80.30561999999999,89.85916666666667
36,66,104.32119999999999,102.368
36,67,116.03619,115.33433333333333
36,68,112.99515,100.24866666666667
36,69,137.02227,120.74116666666667
36,70,99.64917999999999,109.635
36,71,22.50444,28.646833333333333
36,72,93.25768,100.77333333333333
36,73,92.41622,93.96183333333333
36,74,114.49052,99.37116666666667
36,75,120.59189,109.389
36,76,104.74087,101.28716666666666
36,77,82.62727000000001,91.73233333333333
36,78,116.71325999999999,116.20166666666667
36,79,16.50581,19.981333333333335
36,80,39.19711,50.584500000000006
36,81,130.47751,115.23316666666666
36,82,131.97061,139.35866666666666
36,83,94.91525999999999,104.71083333333333
36,84,29.034509999999997,38.08633333333333
36,85,110.03257,108.42666666666668
36,86,70.54466000000001,84.3445
36,87,72.48044999999999,80.69016666666667
36,88,136.99617,123.06283333333334
36,89,81.96686,94.50066666666666
36,90,103.14338000000001,101.71533333333333
36,91,89.46791999999999,96.60266666666666
36,92,98.00903,92.935
36,93,15.37248,16.280333333333335
36,94,113.96135000000001,103.33366666666667
36,95,79.0337,88.74333333333334
36,96,114.35313000000001,117.70316666666666
36,97,39.646209999999996,49.86300000000001
36,98,97.41822,94.27616666666667
36,99,107.94362,98.89283333333333
36,100,104.97005,91.81533333333333
36,101,99.34478,96.11983333333333
36,102,137.8943,122.37133333333333
36,103,121.89095,127.93133333333334
36,104,109.51348,104.50666666666666
36,105,31.92728,40.71716666666667
36,106,53.800650000000005,59.084500000000006
36,107,66.23605,75.47383333333333
36,108,89.43082000000001,89.77266666666667
36,109,85.08045,81.89833333333333
36,110,86.12173,82.52
36,111,86.56250999999999,81.68466666666667
36,112,88.96092999999999,86.47433333333333
36,113,89.40249,90.2475
36,114,81.90455,77.2165
36,115,83.41342,77.63983333333334
36,116,83.82947999999999,78.26050000000001
36,117,92.97716,90.31033333333333
36,118,222.48756,185.75383333333332
36,119,192.52463,144.137
36,120,258.44433,205.17366666666666
36,121,130.33553999999998,107.1515
36,122,181.2043,139.62766666666667
37,0,11.66822,19.737833333333334
37,1,15.42101,24.250333333333334
37,2,29.4208,38.9955
37,3,115.4977,84.67633333333333
37,4,121.51344999999999,137.9435
37,5,25.024259999999998,26.85183333333333
37,6,29.47034,38.092333333333336
37,7,32.12673,41.559
37,8,73.92627,71.15650000000001
37,9,24.43849,32.25516666666667
37,10,118.15301,107.6
37,11,77.94914,69.93566666666668
37,12,6.428229999999999,10.071333333333333
37,13,63.09105,55.816833333333335
37,14,21.53145,28.65533333333333
37,15,48.21953,51.6475
37,16,149.38673,114.44683333333334
37,17,26.35493,27.38383333333333
37,18,11.44495,17.556166666666666
37,19,19.88033,20.00766666666667
37,20,38.865089999999995,47.72966666666667
37,21,41.73946,46.315666666666665
37,22,52.23082,46.09866666666667
37,23,17.07253,25.682666666666666
37,24,89.96873,70.86883333333334
37,25,49.260709999999996,59.5585
37,26,104.26724,83.03316666666666
37,27,56.270309999999995,48.77333333333333
37,28,39.04756,32.45766666666667
37,29,141.50938,106.67283333333333
37,30,53.644529999999996,61.507333333333335
37,31,24.26179,26.233666666666668
37,32,13.21574,20.423166666666667
37,33,41.69576,34.728833333333334
37,34,83.03674000000001,77.02033333333334
37,35,95.70852000000001,109.85416666666667
37,36,108.95407,105.126
37,37,0.0,0.0
37,38,88.85508999999999,87.72716666666666
37,39,61.811620000000005,58.4425
37,40,126.26565,99.54283333333333
37,41,66.98395,54.3
37,42,17.998990000000003,29.581833333333336
37,43,109.24005,79.0825
37,44,21.242720000000002,23.538
37,45,127.48223,93.702
37,46,86.95830000000001,69.13416666666667
37,47,49.036550000000005,44.289833333333334
37,48,6.7216700000000005,10.509833333333335
37,49,37.09421,39.7515
37,50,124.16922,92.00516666666667
37,51,22.81325,25.851499999999998
37,52,158.96014000000002,132.95033333333333
37,53,31.8555,34.685500000000005
37,54,135.90597,98.26849999999999
37,55,34.01018,29.630499999999998
37,56,25.96012,31.662
37,57,104.58483,83.58966666666667
37,58,67.6674,56.934999999999995
37,59,134.59564,96.32866666666668
37,60,80.52121000000001,74.66666666666667
37,61,92.95863,69.02783333333333
37,62,77.11904,76.782
37,63,41.68947,47.1815
37,64,9.112350000000001,17.0035
37,65,79.30325,70.21083333333333
37,66,130.20245,98.99966666666666
37,67,126.19366000000001,94.771
37,68,50.02824,49.3435
37,69,74.05534,69.83583333333333
37,70,81.88318,69.05516666666668
37,71,127.72066000000001,131.9775
37,72,28.49928,33.366166666666665
37,73,104.81804,78.94983333333333
37,74,29.72081,32.10166666666667
37,75,46.84839,48.74666666666667
37,76,5.6048,9.297
37,77,69.84157,60.37483333333333
37,78,126.87073,95.63833333333334
37,79,81.02112,93.27616666666667
37,80,97.57397,92.24
37,81,27.94254,36.842999999999996
37,82,111.50547999999999,100.78733333333334
37,83,86.23286,68.01116666666667
37,84,104.45886999999999,103.1425
37,85,3.77604,8.421833333333334
37,86,85.86449,68.89083333333333
37,87,26.76497,33.53616666666667
37,88,147.15364000000002,102.49966666666666
37,89,56.47437,48.400666666666666
37,90,126.47604,93.39816666666667
37,91,26.637490000000003,32.6665
37,92,9.66457,15.368166666666667
37,93,124.04535,120.29283333333333
37,94,28.82722,28.161
37,95,19.37618,26.700333333333333
37,96,124.77855000000001,97.99333333333334
37,97,54.27068,63.736
37,98,11.88179,19.6365
37,99,22.80949,23.720166666666668
37,100,37.513059999999996,40.541000000000004
37,101,25.88421,28.32633333333333
37,102,33.587669999999996,42.436
37,103,103.09955000000001,91.39233333333333
37,104,24.691950000000002,28.821666666666665
37,105,59.88809,74.77133333333333
37,106,43.25336,51.86366666666667
37,107,46.62589,52.31516666666666
37,108,15.786370000000002,26.168333333333333
37,109,20.53644,28.638166666666667
37,110,16.91253,25.6945
37,111,19.176869999999997,29.883666666666667
37,112,15.67427,23.331500000000002
37,113,14.377270000000001,22.612000000000002
37,114,22.635150000000003,36.86083333333333
37,115,22.63653,31.793499999999998
37,116,18.95751,29.3505
37,117,10.49401,25.494500000000002
37,118,232.64503,165.1906666666667
37,119,107.75491000000001,76.8675
37,120,268.60181,184.61049999999997
37,121,158.62339,108.98983333333334
37,122,96.07016,64.455
38,0,79.8172,73.08083333333335
38,1,82.05266,79.63083333333334
38,2,65.61338,64.24216666666668
38,3,69.85419999999999,62.13916666666667
38,4,154.65703,174.7335
38,5,99.43495,97.29583333333333
38,6,69.17882,63.825500000000005
38,7,98.27435000000001,92.08616666666667
38,8,83.20398,98.00283333333333
38,9,91.89117999999999,89.50466666666667
38,10,49.18515,61.033166666666666
38,11,151.99264000000002,131.47333333333333
38,12,93.84389999999999,98.13983333333334
38,13,39.66105,44.392
38,14,109.04442999999999,104.99266666666668
38,15,123.21591000000001,117.23883333333333
38,16,103.74323,91.90966666666667
38,17,100.76563,97.828
38,18,97.98164,96.78583333333333
38,19,87.10112,90.99883333333334
38,20,102.12351,92.83099999999999
38,21,105.31052000000001,100.33683333333333
38,22,54.19287,64.59833333333333
38,23,87.49359,88.86833333333334
38,24,81.27297,89.50483333333334
38,25,110.26915,100.80883333333333
38,26,96.02917,102.94200000000001
38,27,64.97617,73.63066666666667
38,28,113.45826,102.90166666666667
38,29,95.86587,84.13566666666667
38,30,117.21558999999999,115.52866666666667
38,31,86.97977,91.81516666666667
38,32,83.95652,84.80783333333333
38,33,116.10646000000001,105.173
38,34,157.08025,138.55816666666666
38,35,156.71697,151.1045
38,36,119.12679,133.45116666666667
38,37,90.81633000000001,90.923
38,38,0.0,0.0
38,39,27.87499,32.346666666666664
38,40,80.62214999999999,77.00566666666667
38,41,68.69841000000001,75.28333333333333
38,42,69.97166,66.68733333333333
38,43,94.16016,91.28316666666666
38,44,95.34081,94.49466666666667
38,45,81.83873,71.16499999999999
38,46,66.90162,72.78366666666668
38,47,123.08005,105.8275
38,48,85.89769,87.2105
38,49,111.1377,101.28916666666667
38,50,78.52571,69.468
38,51,89.22064,92.365
38,52,155.68122,175.02416666666667
38,53,105.899,96.22316666666667
38,54,90.26246,75.73133333333334
38,55,108.42088000000001,100.07466666666666
38,56,115.11708999999999,118.93783333333334
38,57,75.19222,69.1625
38,58,69.38186,77.9185
38,59,88.95214,73.7915
38,60,90.69393,102.992
38,61,84.72055,88.93683333333334
38,62,151.16253,138.31966666666668
38,63,64.95976,63.818666666666665
38,64,86.61683000000001,87.45233333333334
38,65,44.915699999999994,54.446000000000005
38,66,84.55895,76.4625
38,67,80.55016,72.23383333333332
38,68,42.01853,43.83433333333333
38,69,14.84326,19.27766666666667
38,70,20.03875,25.075666666666667
38,71,137.89338,160.30283333333333
38,72,102.59738,104.32266666666666
38,73,59.17454,56.412666666666674
38,74,60.27948000000001,63.25783333333333
38,75,57.433080000000004,61.287166666666664
38,76,89.86312,92.08516666666667
38,77,44.80235,48.646166666666666
38,78,81.22722999999999,73.10133333333333
38,79,142.02956,134.5265
38,80,107.74668,120.56516666666667
38,81,119.75408,110.50466666666667
38,82,35.90456,44.8085
38,83,38.86143,42.223
38,84,114.63159,131.46766666666667
38,85,92.93302,95.69766666666666
38,86,159.908,130.4285
38,87,92.91260000000001,84.06333333333333
38,88,101.51013999999999,79.9625
38,89,130.51787,109.93833333333333
38,90,80.83254,70.861
38,91,92.3588,100.54400000000001
38,92,83.69569,83.8405
38,93,134.21806,148.618
38,94,103.23792,98.60516666666668
38,95,93.41968,88.23816666666667
38,96,43.34609,67.76416666666667
38,97,110.09843,96.7665
38,98,83.99428999999999,85.60833333333333
38,99,97.22019,94.16433333333333
38,100,49.23449,49.830000000000005
38,101,89.10016,94.74666666666667
38,102,127.17086,117.64283333333333
38,103,23.924889999999998,46.351
38,104,98.79005000000001,99.77816666666666
38,105,90.97131,109.0245
38,106,106.51178,96.96499999999999
38,107,67.07019,68.34433333333332
38,108,80.59639999999999,82.73916666666668
38,109,84.7733,78.82583333333334
38,110,76.88434,73.1645
38,111,75.79497,70.8815
38,112,76.47489999999999,72.39083333333333
38,113,80.74214,80.37683333333332
38,114,80.27517,70.393
38,115,85.69896,78.71149999999999
38,116,82.31717,73.13566666666667
38,117,78.56991000000001,75.21816666666668
38,118,129.94183999999998,134.51216666666667
38,119,108.95754,93.95700000000001
38,120,222.95829999999998,162.07333333333332
38,121,134.633,122.77183333333333
38,122,170.48085999999998,134.89916666666667
39,0,52.20044,43.20766666666667
39,1,54.43591000000001,49.757666666666665
39,2,37.996629999999996,34.369166666666665
39,3,67.26822,60.41
39,4,159.76931,148.70883333333333
39,5,71.81819999999999,67.42283333333333
39,6,42.17604,36.40416666666667
39,7,77.87699,63.39116666666666
39,8,89.21126,73.45700000000001
39,9,74.17434,61.15333333333333
39,10,55.53701,64.91083333333333
39,11,120.75345,103.24833333333332
39,12,66.22714,68.26666666666667
39,13,23.71463,33.564166666666665
39,14,81.42768,75.1195
39,15,91.97672,89.01366666666667
39,16,101.15726,90.1805
39,17,73.14887,67.95483333333333
39,18,70.36489,66.91266666666667
39,19,59.48436,61.12566666666667
39,20,73.99291000000001,64.07666666666667
39,21,84.91317,71.64183333333334
39,22,47.45927,46.54116666666666
39,23,59.876839999999994,58.99533333333333
39,24,105.25371000000001,73.16933333333333
39,25,82.13855000000001,72.0545
39,26,119.55223,85.33366666666667
39,27,71.5553,51.07383333333333
39,28,85.84151,73.02866666666667
39,29,93.27989,82.40650000000001
39,30,96.81824,86.83366666666667
39,31,59.36301,61.942
39,32,56.339760000000005,54.934666666666665
39,33,88.4897,75.29983333333332
39,34,125.84105000000001,110.333
39,35,128.58636,122.35016666666667
39,36,124.23905,107.4265
39,37,63.19957,61.04983333333333
39,38,27.67711,32.89033333333334
39,39,0.0,0.0
39,40,78.03617,75.2765
39,41,69.86457,56.517500000000005
39,42,42.354910000000004,36.814166666666665
39,43,124.52503,81.383
39,44,67.72405,64.6215
39,45,79.25276,69.43566666666668
39,46,61.94483,66.60383333333333
39,47,91.84085,77.60233333333333
39,48,58.28093,57.337333333333326
39,49,79.89852,73.06400000000001
39,50,75.93973,67.73883333333333
39,51,61.60388,62.492
39,52,160.79348000000002,148.9993333333333
39,53,74.6598,67.998
39,54,87.67648,74.00216666666667
39,55,80.80413,70.2015
39,56,87.50034,89.06466666666667
39,57,61.6537,66.22366666666667
39,58,70.54802000000001,59.15266666666666
39,59,86.36616000000001,72.06216666666666
39,60,95.8062,76.96733333333333
39,61,108.24361,71.32833333333333
39,62,119.92335,110.0945
39,63,41.05108,49.174166666666665
39,64,59.00007,57.579166666666666
39,65,39.95891,48.266333333333336
39,66,81.97297,74.73333333333333
39,67,77.96418,70.50450000000001
39,68,14.40177,13.961166666666665
39,69,12.87737,14.999
39,70,17.43911,23.4905
39,71,143.00564000000003,134.278
39,72,74.98062,74.4495
39,73,56.58856,54.6835
39,74,32.662729999999996,33.38466666666667
39,75,29.81633,31.413999999999998
39,76,62.24636,62.21216666666667
39,77,30.49723,38.43033333333334
39,78,78.64125,71.372
39,79,113.89895,105.77216666666666
39,80,112.85895,94.54050000000001
39,81,92.13733,80.6315
39,82,48.889480000000006,58.098166666666664
39,83,36.27546,40.493833333333335
39,84,119.74385000000001,105.443
39,85,65.31626,65.8245
39,86,128.6688,102.2035
39,87,72.51524,55.36833333333333
39,88,98.92416,78.23316666666666
39,89,99.27868,81.71316666666667
39,90,78.24656,69.13183333333333
39,91,64.74205,70.67083333333333
39,92,56.07893,53.967333333333336
39,93,139.33032999999998,122.59333333333333
39,94,75.62116,68.732
39,95,62.18049,60.013000000000005
39,96,59.90475,70.11633333333333
39,97,81.96783,68.01233333333333
39,98,56.37753,55.73516666666667
39,99,69.60342999999999,64.29133333333333
39,100,21.61774,19.956833333333336
39,101,61.483410000000006,64.87349999999999
39,102,99.55411,87.76983333333332
39,103,40.48355,48.70316666666667
39,104,71.17329,69.905
39,105,91.21772999999999,83.66833333333334
39,106,78.38117,68.21083333333334
39,107,43.19722,53.23533333333333
39,108,52.97965,52.866166666666665
39,109,53.605160000000005,51.132333333333335
39,110,49.26758,43.291333333333334
39,111,48.17822,41.00833333333333
39,112,48.85814,42.51766666666666
39,113,53.125389999999996,50.50366666666666
39,114,52.403349999999996,45.343333333333334
39,115,65.3016,50.01649999999999
39,116,51.097970000000004,46.24033333333333
39,117,50.953160000000004,45.345
39,118,184.41555,140.92416666666668
39,119,110.63553999999999,79.08500000000001
39,120,220.37232999999998,160.344
39,121,173.90838,111.29033333333334
39,122,142.86410999999998,105.02600000000001
40,0,116.37442,85.14716666666666
40,1,114.49508999999999,90.633
40,2,97.48152999999999,76.71383333333333
40,3,21.76162,26.87183333333333
40,4,151.89972,161.37166666666664
40,5,130.2588,107.52333333333333
40,6,94.43954,70.63133333333333
40,7,123.53507,98.89216666666667
40,8,106.61014999999999,102.95716666666667
40,9,117.1519,96.31066666666668
40,10,25.49343,35.504333333333335
40,11,177.25336,138.27933333333334
40,12,131.653,108.93
40,13,64.8978,51.6325
40,14,139.86828,115.22016666666667
40,15,148.47663,124.04466666666667
40,16,42.670989999999996,55.748000000000005
40,17,131.58947,108.0555
40,18,128.80548,107.01333333333334
40,19,120.05842999999999,101.43516666666666
40,20,127.38423,99.637
40,21,130.57124000000002,107.14283333333333
40,22,116.94117999999999,103.27616666666667
40,23,117.17891,95.67483333333332
40,24,73.1662,72.18116666666667
40,25,135.52985999999999,107.61466666666666
40,26,70.27483000000001,79.17116666666668
40,27,83.0868,78.902
40,28,144.28211,113.12916666666666
40,29,39.82916,49.75333333333333
40,30,142.47630999999998,122.33466666666666
40,31,119.46973,100.36066666666667
40,32,115.80561,95.48700000000001
40,33,146.9303,115.4005
40,34,182.34095000000002,145.364
40,35,136.62706,143.27983333333336
40,36,116.36947,120.08933333333333
40,37,127.37355000000001,102.98933333333333
40,38,81.35696,78.7615
40,39,78.63817,76.34966666666666
40,40,0.0,0.0
40,41,140.47745,114.95266666666666
40,42,111.39114,81.35283333333334
40,43,57.109989999999996,61.44433333333333
40,44,126.16466,104.722
40,45,34.45207,37.48166666666667
40,46,58.79485,55.46
40,47,148.34077,112.63333333333334
40,48,119.08163,98.29083333333332
40,49,136.39842000000002,108.09516666666667
40,50,22.241709999999998,29.1375
40,51,120.04448,102.5925
40,52,152.92391,161.66233333333332
40,53,131.15972,103.02916666666667
40,54,42.875800000000005,42.048
40,55,139.24472,110.30199999999999
40,56,151.67431,131.00416666666666
40,57,40.50402,40.3435
40,58,141.16091,117.58783333333334
40,59,41.56547,40.10816666666666
40,60,87.93661,89.63016666666667
40,61,70.35188000000001,69.08866666666667
40,62,176.42325,145.1256666666667
40,63,90.22048,70.62466666666666
40,64,119.80077,98.53266666666667
40,65,61.68236,54.44616666666666
40,66,36.83693,41.873333333333335
40,67,5.2138800000000005,10.893333333333334
40,68,94.99837,82.36033333333333
40,69,82.5182,78.6605
40,70,62.22368,55.312
40,71,125.22388000000001,140.16933333333333
40,72,139.42641,112.77749999999999
40,73,22.882540000000002,27.273000000000003
40,74,103.27561999999999,91.82
40,75,102.69359,92.054
40,76,123.04705,103.16550000000001
40,77,60.606550000000006,49.55
40,78,19.84299,25.930166666666665
40,79,129.34193,134.06033333333332
40,80,93.02062,100.38366666666667
40,81,150.57792,120.73216666666667
40,82,38.58119,51.839666666666666
40,83,42.19025,37.969166666666666
40,84,103.44219,113.64266666666667
40,85,129.49024,107.764
40,86,185.16872,137.2345
40,87,118.17332,90.86933333333333
40,88,26.58975,34.91883333333333
40,89,155.77857999999998,116.74433333333333
40,90,33.110519999999994,36.27183333333333
40,91,135.63664,108.60683333333333
40,92,116.87961999999999,94.92083333333333
40,93,131.46075,135.25616666666667
40,94,134.06177,108.83266666666667
40,95,118.68039,95.04400000000001
40,96,16.491880000000002,24.274
40,97,109.51107,102.61083333333333
40,98,117.17822,96.6885
40,99,128.04403,104.39183333333334
40,100,92.23063,78.39200000000001
40,101,123.11576,101.99683333333334
40,102,157.99470000000002,127.87033333333333
40,103,35.8992,45.59083333333333
40,104,129.61389,110.00566666666667
40,105,114.37747999999999,113.97883333333333
40,106,131.7725,103.771
40,107,92.3309,75.15016666666666
40,108,112.72498,92.64933333333333
40,109,110.03402,85.63166666666666
40,110,108.66592,81.82583333333334
40,111,107.72358,80.01716666666667
40,112,109.40841,84.25866666666667
40,113,112.36679,90.78099999999999
40,114,105.53589,77.19883333333334
40,115,110.95967999999999,85.5175
40,116,107.57789,79.94166666666666
40,117,115.12714,87.2845
40,118,85.06147,87.88533333333334
40,119,181.24842,137.52033333333333
40,120,148.23857999999998,117.557
40,121,107.92119,94.98
40,122,201.30470000000003,145.12666666666667
41,0,61.941069999999996,49.2495
41,1,73.17674000000001,60.178666666666665
41,2,68.80794999999999,59.16416666666667
41,3,127.48994,99.557
41,4,191.90481,171.23283333333333
41,5,92.4065,77.93883333333333
41,6,72.98736,61.19916666666666
41,7,93.9803,82.71866666666666
41,8,121.34675999999999,95.98116666666667
41,9,87.8311,76.08366666666667
41,10,112.0502,105.889
41,11,141.34175,113.76433333333333
41,12,79.0153,74.98466666666667
41,13,75.08328,70.69733333333333
41,14,102.01598,85.63550000000001
41,15,112.56502,99.52966666666666
41,16,161.37897,129.3275
41,17,93.73716999999999,78.471
41,18,90.95319,77.42883333333333
41,19,80.07266,71.64166666666667
41,20,106.12841,86.60083333333334
41,21,105.13207000000001,90.14416666666666
41,22,21.36179,22.00433333333333
41,23,80.46514,69.51133333333334
41,24,137.38922,95.69333333333334
41,25,114.27405,94.5785
41,26,151.68773000000002,107.85766666666667
41,27,103.6908,73.59783333333333
41,28,106.4298,83.54466666666667
41,29,153.50161,121.55333333333333
41,30,117.03714,105.336
41,31,80.52323,73.22916666666667
41,32,76.92805,65.45066666666666
41,33,109.07800999999999,85.81583333333333
41,34,146.42935999999997,120.84899999999999
41,35,160.72186,144.87416666666667
41,36,156.37456,129.9505
41,37,72.94019999999999,67.09183333333334
41,38,69.30391,75.75399999999999
41,39,62.89587,55.54083333333333
41,40,138.25789,114.42333333333333
41,41,0.0,0.0
41,42,58.511489999999995,48.89183333333334
41,43,156.66053,103.907
41,44,88.31236,75.1375
41,45,139.47447,108.58266666666667
41,46,134.37879999999998,93.95866666666667
41,47,112.42916000000001,88.11833333333334
41,48,78.86923,67.8535
41,49,100.48680999999999,83.58
41,50,136.16145,106.88566666666667
41,51,82.19218,73.008
41,52,192.929,171.52333333333334
41,53,95.24811,78.514
41,54,147.8982,113.14899999999999
41,55,101.39242999999999,80.7175
41,56,97.24097,95.10666666666665
41,57,112.99027000000001,103.04883333333333
41,58,9.57217,11.287
41,59,146.58788,111.20916666666668
41,60,127.9417,99.49133333333333
41,61,140.37911,93.85249999999999
41,62,140.51166,120.61066666666667
41,63,89.10996,72.006
41,64,79.58838,68.09533333333333
41,65,91.29548,85.0915
41,66,142.19469,113.88033333333333
41,67,138.18589,109.6515
41,68,51.11249,46.44166666666667
41,69,54.504169999999995,57.86266666666667
41,70,78.37967,75.33500000000001
41,71,175.14116,156.80216666666666
41,72,95.56891,84.96566666666666
41,73,116.81027,93.8305
41,74,47.35021,38.609833333333334
41,75,34.751599999999996,31.040000000000003
41,76,77.97278,72.45166666666667
41,77,81.8338,75.2555
41,78,138.86297,110.519
41,79,146.03445000000002,128.29616666666666
41,80,144.99445,117.0645
41,81,112.72563000000001,91.14766666666667
41,82,98.76961999999999,89.66433333333333
41,83,98.22509,82.89166666666667
41,84,151.87936,127.96700000000001
41,85,75.05689,71.8665
41,86,149.25710999999998,112.7195
41,87,88.61855,74.69583333333334
41,88,159.14588,117.38016666666667
41,89,119.86698,92.22916666666667
41,90,138.46828,108.27883333333332
41,91,87.79872999999999,81.26733333333333
41,92,76.66722999999999,64.4835
41,93,171.46584,145.11733333333333
41,94,96.20947,79.24816666666668
41,95,82.76879,70.529
41,96,136.77079999999998,112.87383333333334
41,97,114.10333,90.53633333333333
41,98,76.96583,66.25116666666666
41,99,90.19172999999999,74.80733333333333
41,100,52.0257,44.290333333333336
41,101,85.26315,75.48283333333333
41,102,120.14241,98.28583333333333
41,103,101.42411,100.54766666666666
41,104,91.76159,80.42116666666668
41,105,123.35324,106.19233333333334
41,106,110.51668,90.73483333333334
41,107,94.04638,77.13966666666667
41,108,75.66404,66.65183333333333
41,109,78.17754,67.58283333333333
41,110,74.47952000000001,61.086999999999996
41,111,74.37697999999999,60.021166666666666
41,112,71.14778,56.05716666666667
41,113,75.19230999999999,63.214333333333336
41,114,78.49798,64.93916666666667
41,115,81.40491,69.34400000000001
41,116,76.52450999999999,64.743
41,117,71.5888,56.88183333333333
41,118,245.42708,157.57066666666665
41,119,35.95324,25.53483333333333
41,120,280.59403000000003,199.49099999999999
41,121,206.04388,133.81433333333334
41,122,163.45241000000001,115.542
42,0,6.79275,10.6265
42,1,14.88643,21.587333333333333
42,2,9.8978,17.089
42,3,99.99609,64.53816666666667
42,4,128.98272,126.27016666666667
42,5,34.11618,39.34766666666667
42,6,9.94734,16.18583333333333
42,7,47.090410000000006,40.9525
42,8,58.42466,51.01833333333333
42,9,29.54079,37.4925
42,10,102.6514,87.46183333333333
42,11,83.05144,75.17316666666667
42,12,23.866979999999998,36.361666666666665
42,13,47.58944,35.678666666666665
42,14,43.725660000000005,47.044333333333334
42,15,54.274699999999996,60.9385
42,16,133.88513,94.30866666666667
42,17,35.44686,39.87983333333333
42,18,32.66287,38.83766666666667
42,19,21.782349999999997,33.0505
42,20,43.206309999999995,41.63816666666666
42,21,54.126580000000004,49.20316666666667
42,22,38.96868,29.387666666666668
42,23,22.17482,30.920166666666667
42,24,74.46712,50.73066666666667
42,25,51.35196,49.61583333333333
42,26,88.76563,62.894999999999996
42,27,40.76871,28.635166666666667
42,28,48.139489999999995,44.9535
42,29,126.00775999999999,86.53466666666667
42,30,66.03165,64.395
42,31,22.23291,34.638000000000005
42,32,18.63774,26.8595
42,33,50.787690000000005,47.224666666666664
42,34,88.13904,82.25783333333334
42,35,97.79977000000001,99.91149999999999
42,36,93.45247,84.98783333333334
42,37,17.791880000000003,28.468666666666664
42,38,69.35998,66.8345
42,39,42.31652,37.54983333333333
42,40,110.76405,79.40466666666666
42,41,53.72181,37.58883333333333
42,42,0.0,0.0
42,43,93.73844,58.94433333333333
42,44,30.02204,36.54633333333334
42,45,111.98063,73.56383333333333
42,46,71.4567,48.996
42,47,54.138839999999995,49.527166666666666
42,48,20.578919999999997,29.262166666666666
42,49,42.1965,44.98883333333333
42,50,108.66761,71.867
42,51,23.90187,34.41683333333334
42,52,130.0069,126.56066666666668
42,53,36.95779,39.92283333333333
42,54,120.40436,78.13033333333333
42,55,43.10211,42.126333333333335
42,56,42.09264,56.48350000000001
42,57,89.08322,63.4515
42,58,54.405260000000006,40.224000000000004
42,59,119.09403,76.1905
42,60,65.01961,54.528666666666666
42,61,77.45702,48.88983333333333
42,62,82.22134,82.01950000000001
42,63,26.18787,27.043333333333333
42,64,21.29806,29.504166666666666
42,65,63.80164,50.07266666666667
42,66,114.70084,78.86149999999999
42,67,110.69205000000001,74.63283333333334
42,68,30.53314,28.450833333333332
42,69,54.56025,48.94316666666667
42,70,66.38158,48.91716666666667
42,71,112.21905000000001,111.83933333333333
42,72,37.2786,46.3745
42,73,89.31643,58.81166666666666
42,74,16.458669999999998,15.390666666666668
42,75,33.92763,32.62683333333333
42,76,22.82446,33.8285
42,77,54.33996,40.236666666666665
42,78,111.36913,75.50033333333334
42,79,83.11237,83.3335
42,80,82.07236,72.10183333333333
42,81,54.43531,52.5565
42,82,96.00386999999999,80.64933333333333
42,83,70.73125,47.873000000000005
42,84,88.95725999999999,83.00433333333334
42,85,19.90857,33.24333333333333
42,86,90.96678999999999,74.12833333333333
42,87,41.72865,32.92966666666667
42,88,131.65203,82.36149999999999
42,89,61.576660000000004,53.638000000000005
42,90,110.97443,73.26
42,91,29.508419999999997,42.67616666666667
42,92,18.37692,25.892333333333333
42,93,108.54374,100.15466666666666
42,94,37.91915,40.657000000000004
42,95,24.47847,31.937833333333334
42,96,109.27695,77.85516666666668
42,97,51.181239999999995,45.57366666666667
42,98,18.67552,27.66
42,99,31.901419999999998,36.216166666666666
42,100,22.50804,20.0175
42,101,26.972830000000002,36.891666666666666
42,102,61.85209,59.69466666666666
42,103,87.59795,71.25416666666666
42,104,33.47128,41.830000000000005
42,105,60.43114,61.22966666666667
42,106,47.59458,45.772166666666664
42,107,31.12428,32.177
42,108,16.18736,27.497833333333332
42,109,18.412770000000002,27.99233333333333
42,110,14.71476,21.496333333333332
42,111,13.19916,20.121333333333332
42,112,11.644219999999999,16.551166666666667
42,113,16.902,24.623333333333335
42,114,21.61676,22.904666666666667
42,115,34.515010000000004,27.577833333333334
42,116,16.75974,25.152333333333335
42,117,9.952069999999999,13.815833333333334
42,118,217.14342000000002,145.05249999999998
42,119,94.49277000000001,60.1565
42,120,253.1002,164.47233333333332
42,121,143.12178,88.85166666666667
42,122,105.16208999999999,76.95100000000001
43,0,100.16455,65.83
43,1,93.06407,68.34416666666667
43,2,93.96584,66.055
43,3,40.141400000000004,46.1265
43,4,116.74035,118.87883333333333
43,5,111.73651,78.17866666666667
43,6,88.46269000000001,61.952666666666666
43,7,97.56694,67.16866666666667
43,8,71.04683,57.512166666666666
43,9,93.86428,64.93083333333333
43,10,66.74436999999999,71.7645
43,11,155.0605,108.55666666666666
43,12,113.13071000000001,79.58516666666667
43,13,57.51966,60.945
43,14,121.34598,85.87533333333334
43,15,126.28377,94.32199999999999
43,16,56.38457,65.6335
43,17,113.06718,78.71083333333333
43,18,110.2832,77.6685
43,19,101.53614,72.09033333333333
43,20,77.48761,59.70583333333333
43,21,91.1136,75.17066666666666
43,22,138.57866,89.52233333333334
43,23,94.98605,65.95216666666667
43,24,38.00683,29.688333333333333
43,25,85.63325,67.68350000000001
43,26,14.742700000000001,21.116833333333332
43,27,54.539730000000006,34.666666666666664
43,28,125.75982,83.7845
43,29,49.245870000000004,61.527
43,30,116.50818,90.61116666666666
43,31,97.27688,70.63799999999999
43,32,97.22474000000001,66.42633333333333
43,33,128.40802,86.05566666666667
43,34,160.14810999999997,115.64133333333332
43,35,101.4677,100.787
43,36,81.21010000000001,77.5965
43,37,108.69191000000001,81.67683333333333
43,38,94.62867999999999,93.3275
43,39,126.35666,85.502
43,40,57.79375,63.7605
43,41,153.33178,97.72366666666667
43,42,95.18127,62.035833333333336
43,43,0.0,0.0
43,44,107.64237,75.37733333333334
43,45,39.052910000000004,48.43333333333333
43,46,36.20986,29.617833333333333
43,47,126.14791000000001,82.91066666666667
43,48,102.35356,72.56649999999999
43,49,114.20557000000001,78.37233333333333
43,50,48.964949999999995,54.08633333333333
43,51,101.5222,73.24783333333333
43,52,117.76453,119.1695
43,53,108.96686,73.30633333333334
43,54,36.58595,41.68683333333333
43,55,120.72244,80.95733333333332
43,56,133.79477,107.821
43,57,30.002599999999997,36.62983333333333
43,58,154.01523,100.35866666666668
43,59,46.242239999999995,54.70316666666667
43,60,52.77724,47.13733333333333
43,61,17.13807,14.741166666666667
43,62,154.23041,115.403
43,63,77.5423,54.5785
43,64,103.0727,72.80833333333334
43,65,41.582519999999995,47.67133333333334
43,66,26.8674,32.244166666666665
43,67,57.72176,58.9885
43,68,114.57327000000001,76.403
43,69,95.78991,93.22666666666667
43,70,75.49541,69.87816666666666
43,71,68.85575,81.8035
43,72,117.23355000000001,83.05483333333333
43,73,35.85535,37.9305
43,74,116.06864,75.5255
43,75,122.17002000000001,85.54316666666666
43,76,106.31899,77.44133333333333
43,77,50.739940000000004,56.7595
43,78,47.73809,57.68383333333334
43,79,94.18256,91.56750000000001
43,80,36.652480000000004,42.017833333333336
43,81,132.05564,91.3875
43,82,91.59209,85.45633333333333
43,83,55.46197,52.53516666666667
43,84,47.07405,55.276833333333336
43,85,111.6107,84.58083333333335
43,86,162.97585999999998,107.51183333333333
43,87,92.20519,59.145833333333336
43,88,58.800239999999995,60.87416666666666
43,89,133.58573,87.0215
43,90,25.68957,31.5915
43,91,113.44378999999999,78.88416666666667
43,92,99.58716,69.08933333333333
43,93,96.30138000000001,92.76333333333334
43,94,115.53948,79.48783333333334
43,95,96.48754,65.32133333333334
43,96,58.05428,61.9345
43,97,73.94775,57.16583333333333
43,98,98.99634,70.43033333333332
43,99,109.52174000000001,75.04716666666667
43,100,106.54817,67.96966666666667
43,101,100.92291,72.27416666666666
43,102,139.47242,98.52566666666667
43,103,81.51241999999999,74.02883333333332
43,104,111.0916,80.66083333333333
43,105,78.81416,68.53383333333333
43,106,81.87588000000001,63.83983333333333
43,107,66.81626,50.49283333333334
43,108,91.00895,65.92683333333333
43,109,86.65857000000001,58.0525
43,110,87.69985000000001,58.674166666666665
43,111,88.14063,57.83883333333333
43,112,90.53905,62.6285
43,113,90.98062,66.40166666666667
43,114,83.48267,53.370666666666665
43,115,84.99155,53.794
43,116,85.4076,54.41466666666667
43,117,94.55529,66.4645
43,118,144.29163,123.56516666666667
43,119,194.10275,120.29116666666667
43,120,180.24841,142.9851666666667
43,121,51.207269999999994,38.510999999999996
43,122,182.78242,115.78183333333332
44,0,29.196540000000002,32.190666666666665
44,1,18.805709999999998,24.964
44,2,36.53643,45.34666666666667
44,3,115.6521,88.90083333333334
44,4,121.12866,133.017
44,5,4.23921,6.9639999999999995
44,6,36.585980000000006,44.4435
44,7,31.74193,36.6325
44,8,71.01603999999999,69.71083333333333
44,9,24.17146,28.201666666666664
44,10,118.30741,111.82433333333333
44,11,77.68211,65.88216666666666
44,12,12.51058,14.364666666666666
44,13,63.24545,60.04116666666666
44,14,19.15165,21.246
44,15,26.49841,35.62916666666667
44,16,149.54114,118.67133333333332
44,17,10.87284,14.0815
44,18,8.08886,13.039333333333333
44,19,7.6356,11.267833333333334
44,20,38.4803,42.80316666666667
44,21,41.47243,42.262166666666666
44,22,67.61066000000001,55.883
44,23,14.147860000000001,19.6435
44,24,87.0585,69.42316666666667
44,25,48.875910000000005,54.632
44,26,101.35700999999999,81.58733333333333
44,27,53.36008,47.327666666666666
44,28,23.56548,19.155166666666666
44,29,141.66377,110.89716666666666
44,30,53.3775,57.453833333333336
44,31,9.08418,16.855166666666666
44,32,12.037139999999999,14.192333333333332
44,33,26.21368,21.426333333333332
44,34,82.76971,72.96683333333334
44,35,95.32373,104.92766666666667
44,36,106.04384,103.68033333333332
44,37,20.41991,22.160833333333336
44,38,95.97072,94.07833333333333
44,39,68.92725999999999,64.79366666666667
44,40,126.42005,103.76733333333333
44,41,82.36378,64.08416666666668
44,42,28.98947,37.91166666666666
44,43,106.32981,77.63683333333333
44,44,0.0,0.0
44,45,127.63664,97.9265
44,46,84.04808,67.68833333333333
44,47,48.76952,40.23633333333333
44,48,21.56459,21.7885
44,49,22.13157,28.808833333333332
44,50,124.32361999999999,96.2295
44,51,5.66087,13.3
44,52,158.69311,128.89683333333335
44,53,31.588459999999998,30.632
44,54,136.06038,102.49283333333332
44,55,18.5281,16.328
44,56,41.92582,46.95016666666667
44,57,101.67459,82.144
44,58,83.04723,66.71933333333332
44,59,134.75005,100.55300000000001
44,60,77.61098,73.221
44,61,90.04839,67.58216666666667
44,62,48.282120000000006,68.75483333333334
44,63,41.84388,51.406
44,64,10.25991,16.758333333333333
44,65,79.45765,74.43533333333333
44,66,129.69882,102.76050000000001
44,67,126.34806,98.99533333333333
44,68,57.14387,55.69466666666666
44,69,81.17098,76.187
44,70,82.03759,73.27966666666666
44,71,124.81044,130.53183333333334
44,72,7.57973,11.120666666666667
44,73,104.97245,83.17433333333334
44,74,45.10064,41.885999999999996
44,75,62.22823,58.531
44,76,15.49067,19.091166666666666
44,77,69.99597,64.59933333333333
44,78,127.02513,99.86283333333334
44,79,80.63632000000001,88.34966666666666
44,80,94.66373,90.79416666666665
44,81,29.8613,26.758166666666668
44,82,111.65988,105.01183333333333
44,83,86.38726,72.23566666666667
44,84,101.54864,101.69683333333334
44,85,19.74174,23.709833333333332
44,86,85.59746000000001,64.83733333333333
44,87,26.38018,28.609666666666666
44,88,147.30804999999998,106.72399999999999
44,89,56.207339999999995,44.347166666666666
44,90,126.63045,97.62266666666666
44,91,6.34471,15.184666666666667
44,92,13.76825,18.358833333333333
44,93,121.13512,118.84716666666667
44,94,8.30458,13.367833333333333
44,95,19.109150000000003,22.646833333333333
44,96,124.93294999999999,102.21766666666667
44,97,53.88588,58.809333333333335
44,98,11.21821,15.045833333333333
44,99,3.95437,8.335666666666667
44,100,49.11877,47.26133333333333
44,101,8.55491,16.289333333333335
44,102,37.27808,33.89633333333333
44,103,103.25395,95.61683333333333
44,104,3.7724,6.5761666666666665
44,105,59.5033,69.84483333333333
44,106,42.86857,46.93716666666667
44,107,50.99801,53.13533333333333
44,108,15.40157,21.241833333333332
44,109,17.88926,23.83216666666667
44,110,18.61442,25.4705
44,111,20.988529999999997,30.230833333333333
44,112,19.058970000000002,24.045166666666667
44,113,15.04792,19.194333333333336
44,114,27.85497,33.608
44,115,22.25173,26.867
44,116,19.603939999999998,26.747333333333334
44,117,23.21532,29.901
44,118,232.79944,169.415
44,119,123.13475,86.65183333333333
44,120,268.75622,188.83483333333334
44,121,155.71316000000002,107.54416666666665
44,122,80.58808,51.15266666666666
45,0,118.06885000000001,79.4465
45,1,116.18952,84.93233333333333
45,2,99.17596,71.01333333333334
45,3,13.186860000000001,14.217
45,4,153.59414,155.67116666666666
45,5,131.95323000000002,101.82283333333334
45,6,96.13397,64.93083333333333
45,7,125.2295,93.19149999999999
45,8,108.30458,97.2565
45,9,118.84633,90.61016666666666
45,10,54.00396,51.475
45,11,178.94778,132.57883333333334
45,12,133.34744,103.22933333333334
45,13,66.59223,45.932
45,14,141.5627,109.51950000000001
45,15,150.17104999999998,118.34416666666667
45,16,21.15532,28.502
45,17,133.28389,102.355
45,18,130.49991,101.31283333333334
45,19,121.75286,95.7345
45,20,129.07866,93.9365
45,21,132.26567,101.44233333333334
45,22,118.63561,97.57549999999999
45,23,118.87334,89.97433333333333
45,24,74.86063,66.48066666666666
45,25,137.2243,101.91416666666667
45,26,52.20622,65.5335
45,27,84.78122,73.20133333333334
45,28,145.97653,107.42866666666667
45,29,13.27795,20.728
45,30,144.17075,116.634
45,31,121.16416000000001,94.66016666666665
45,32,117.50004,89.78649999999999
45,33,148.62473,109.69983333333333
45,34,184.03539,139.6635
45,35,138.32148,137.57933333333332
45,36,118.06389999999999,114.38883333333334
45,37,129.06798,97.28883333333333
45,38,83.05138000000001,73.06083333333332
45,39,80.3326,70.64916666666666
45,40,29.797349999999998,38.89066666666667
45,41,142.17189000000002,109.25216666666667
45,42,113.08557,75.65233333333335
45,43,38.615739999999995,46.912166666666664
45,44,127.85909,99.0215
45,45,0.0,0.0
45,46,60.48927,49.75933333333333
45,47,150.03519,106.93283333333333
45,48,120.77605,92.59016666666666
45,49,138.09284,102.39450000000001
45,50,7.78604,10.4495
45,51,121.73891,96.89200000000001
45,52,154.61833,155.96166666666667
45,53,132.85414,97.3285
45,54,9.617360000000001,13.384166666666665
45,55,140.93916000000002,104.6015
45,56,153.36875,125.30366666666667
45,57,42.198449999999994,34.642833333333336
45,58,142.85533999999998,111.88733333333333
45,59,6.36422,10.383666666666667
45,60,89.63103,83.9295
45,61,52.283269999999995,55.451
45,62,178.11769,139.425
45,63,91.91491,64.924
45,64,121.49519000000001,92.83200000000001
45,65,63.37679,48.745666666666665
45,66,13.72475,20.245333333333335
45,67,25.34916,29.8475
45,68,96.69278999999999,76.65983333333334
45,69,84.21262,72.95983333333334
45,70,63.91811,49.61133333333333
45,71,106.82391,125.62633333333333
45,72,141.12082999999998,107.07683333333333
45,73,24.55168,21.62933333333333
45,74,104.97004,86.11933333333333
45,75,104.38801,86.3535
45,76,124.74148,97.46499999999999
45,77,62.30098,43.8495
45,78,10.279879999999999,13.484666666666667
45,79,131.03636,128.35966666666667
45,80,74.62065,85.84066666666666
45,81,152.27236,115.03166666666667
45,82,80.01480000000001,65.18966666666667
45,83,43.88468,32.268499999999996
45,84,85.04221000000001,99.09966666666666
45,85,131.18467,102.0635
45,86,186.86314000000002,131.534
45,87,119.86775,85.16866666666667
45,88,18.922220000000003,16.554666666666666
45,89,157.47302,111.04366666666667
45,90,13.69276,18.612333333333332
45,91,137.33108,102.90633333333334
45,92,118.57405,89.22016666666667
45,93,133.15517000000003,129.55566666666667
45,94,135.75619,103.13216666666668
45,95,120.37482000000001,89.34349999999999
45,96,45.31388,41.644999999999996
45,97,111.2055,96.91033333333333
45,98,118.87265,90.988
45,99,129.73846,98.69133333333333
45,100,93.92505,72.69149999999999
45,101,124.81019,96.29616666666668
45,102,159.68914,122.16983333333333
45,103,69.93513,53.762166666666666
45,104,131.30831,104.30516666666668
45,105,116.07191,108.27833333333334
45,106,133.46692000000002,98.0705
45,107,94.02533,69.44966666666666
45,108,114.41941,86.94866666666667
45,109,111.72844,79.93116666666667
45,110,110.36035000000001,76.12533333333334
45,111,109.41801,74.31649999999999
45,112,111.10284,78.55816666666666
45,113,114.06122,85.08033333333333
45,114,107.23031,71.49833333333332
45,115,112.65411,79.81683333333334
45,116,109.27232000000001,74.241
45,117,116.82157000000001,81.584
45,118,104.41361,79.24566666666666
45,119,182.94286,131.81983333333332
45,120,140.37039000000001,98.66550000000001
45,121,84.91055,70.70266666666666
45,122,202.99913,139.426
46,0,77.8414,57.4895
46,1,70.74092,60.0035
46,2,71.64269,57.714333333333336
46,3,47.99112,40.8425
46,4,94.01324000000001,107.586
46,5,89.41337,69.838
46,6,66.13954,53.611999999999995
46,7,75.24378999999999,58.82816666666667
46,8,48.72368,49.1715
46,9,71.54113000000001,56.590333333333334
46,10,65.6941,63.135999999999996
46,11,132.73736,100.216
46,12,90.80757000000001,71.24466666666667
46,13,38.89365,38.73566666666667
46,14,99.02284,77.53466666666667
46,15,103.96063000000001,85.98133333333334
46,16,81.88015,70.613
46,17,90.74403,70.37016666666666
46,18,87.96005000000001,69.328
46,19,79.21299,63.74983333333333
46,20,55.16446,51.36533333333333
46,21,68.79046000000001,66.83
46,22,116.25551,81.18166666666666
46,23,72.66291,57.611666666666665
46,24,15.27972,18.395500000000002
46,25,63.31011,59.342999999999996
46,26,30.03593,31.832833333333333
46,27,32.216590000000004,26.326
46,28,103.43666999999999,75.44383333333333
46,29,74.00278,62.839000000000006
46,30,94.18503,82.2705
46,31,74.95373,62.2975
46,32,74.90159,58.08583333333333
46,33,106.08487,77.71499999999999
46,34,137.82497,107.30066666666667
46,35,78.74059,89.49416666666666
46,36,58.483,66.30383333333333
46,37,86.36877,73.33616666666667
46,38,66.75155000000001,72.605
46,39,61.26897,64.78716666666666
46,40,58.75907,55.708999999999996
46,41,131.00863,89.383
46,42,72.85813,53.695166666666665
46,43,35.00873,27.882166666666667
46,44,85.31922,67.03666666666666
46,45,59.97565,49.86816666666667
46,46,0.0,0.0
46,47,103.82477,74.57016666666667
46,48,80.03041999999999,64.226
46,49,91.88242,70.03183333333332
46,50,56.66263,48.17133333333334
46,51,79.19905,64.90716666666667
46,52,95.03742999999999,107.87666666666668
46,53,86.64372,64.96583333333334
46,54,68.39938000000001,54.434666666666665
46,55,98.39929,72.61666666666666
46,56,111.47163,99.48033333333333
46,57,18.5349,16.129833333333334
46,58,131.69209,92.01816666666667
46,59,67.08905,52.49483333333333
46,60,30.05013,35.844500000000004
46,61,18.727310000000003,17.82766666666667
46,62,131.90725,107.06233333333333
46,63,55.21915,46.237833333333334
46,64,80.74955,64.46783333333333
46,65,22.956509999999998,25.462
46,66,45.420120000000004,45.076
46,67,58.68707,50.93716666666667
46,68,92.25013,68.06233333333333
46,69,67.91278999999999,72.50399999999999
46,70,47.61828,49.155499999999996
46,71,77.24959,93.15533333333333
46,72,94.9104,74.71416666666667
46,73,35.06711,29.564666666666668
46,74,93.74549,67.18483333333333
46,75,99.84687,77.2025
46,76,83.99584,69.10066666666667
46,77,32.11393,34.55016666666667
46,78,59.36414,51.8045
46,79,71.45546,80.27466666666666
46,80,39.18007,53.235
46,81,109.73249,83.04683333333334
46,82,74.62149000000001,74.96149999999999
46,83,37.56614,40.31366666666667
46,84,53.987790000000004,64.32033333333332
46,85,89.28755,76.24016666666667
46,86,140.65272,99.17116666666668
46,87,69.88203999999999,50.80533333333334
46,88,79.64705000000001,58.66583333333333
46,89,111.26259,78.681
46,90,41.74298,40.588
46,91,91.12065,70.5435
46,92,77.26401,60.748666666666665
46,93,73.57427,81.47049999999999
46,94,93.21633,71.14733333333334
46,95,74.1644,56.98066666666667
46,96,57.00401,53.306000000000004
46,97,51.6246,48.82516666666667
46,98,76.6732,62.089666666666666
46,99,87.19859,66.70649999999999
46,100,84.22503,59.629
46,101,78.59975999999999,63.9335
46,102,117.14927,90.185
46,103,64.54183,63.53416666666667
46,104,88.76845,72.32033333333334
46,105,56.49101,60.193333333333335
46,106,59.552730000000004,55.49933333333333
46,107,44.49311,42.152166666666666
46,108,68.6858,57.58633333333333
46,109,64.33543,49.71183333333333
46,110,65.37671,50.333666666666666
46,111,65.81747999999999,49.498333333333335
46,112,68.21591000000001,54.28783333333333
46,113,68.65747,58.061166666666665
46,114,61.15953,45.03
46,115,62.6684,45.4535
46,116,63.08445,46.07416666666666
46,117,72.23214,58.124
46,118,165.13845,121.35683333333333
46,119,171.77961,111.95066666666666
46,120,201.09522,140.77666666666667
46,121,84.39208,57.78966666666667
46,122,160.45927,107.44133333333333
47,0,53.48021,43.81216666666667
47,1,43.08938,36.5855
47,2,60.82008999999999,56.968333333333334
47,3,138.35769,97.29183333333334
47,4,132.72373000000002,114.56433333333332
47,5,51.94672,40.24033333333333
47,6,56.50446,54.556000000000004
47,7,39.82604,35.57
47,8,66.82104,68.41866666666667
47,9,31.95399,26.007166666666667
47,10,141.01298,120.21533333333333
47,11,40.08468,37.748000000000005
47,12,53.34092,41.647000000000006
47,13,85.95102,68.43216666666667
47,14,61.5562,47.93716666666667
47,15,24.1809,32.73083333333333
47,16,172.24672,127.06233333333333
47,17,53.27739,40.7725
47,18,50.493410000000004,39.730333333333334
47,19,41.74635,34.152166666666666
47,20,52.518860000000004,48.9105
47,21,35.23703,31.9335
47,22,91.89431,67.5045
47,23,34.95926,27.507333333333335
47,24,107.10203999999999,75.80633333333334
47,25,50.397529999999996,49.794
47,26,121.40055000000001,87.97066666666666
47,27,73.40363,53.71083333333333
47,28,65.97002,45.84616666666667
47,29,164.36934,119.28816666666667
47,30,47.1421,47.12533333333333
47,31,37.25007,32.19316666666666
47,32,37.43495,28.488166666666665
47,33,68.61823,48.1175
47,34,35.450900000000004,35.908
47,35,81.38759,95.71783333333333
47,36,96.91304,98.59400000000001
47,37,48.902120000000004,43.7385
47,38,123.87644,105.12016666666666
47,39,93.21091,76.41533333333334
47,40,149.12563,112.15833333333333
47,41,106.64744,75.70583333333335
47,42,53.273129999999995,49.533166666666666
47,43,126.37336,84.02
47,44,47.85257,37.439
47,45,150.34222,106.31750000000001
47,46,104.09161999999999,74.07166666666667
47,47,0.0,0.0
47,48,42.56377,34.62833333333333
47,49,12.117149999999999,15.763833333333334
47,50,147.0292,104.62049999999999
47,51,41.7324,35.3095
47,52,121.09567999999999,100.7625
47,53,25.35307,20.303333333333335
47,54,158.76595,110.88383333333333
47,55,60.93264,43.01916666666667
47,56,74.00497999999999,69.88283333333334
47,57,121.71814,88.52716666666667
47,58,107.3309,78.341
47,59,157.45563,108.944
47,60,97.65452,79.60416666666667
47,61,110.09194000000001,73.96533333333333
47,62,29.5332,35.669666666666664
47,63,70.69767,58.45483333333333
47,64,43.28291,34.87016666666667
47,65,102.16323,82.82633333333334
47,66,149.74236,109.14383333333333
47,67,149.05364,107.38633333333334
47,68,81.42753,67.31616666666666
47,69,105.45464,87.80866666666667
47,70,104.74316,81.67066666666666
47,71,119.13627000000001,126.12733333333334
47,72,39.423019999999994,33.12983333333333
47,73,127.67802,91.56533333333333
47,74,69.3843,53.507666666666665
47,75,86.51188,70.15266666666666
47,76,46.529199999999996,39.503
47,77,92.70155,72.99033333333334
47,78,149.7307,108.25383333333333
47,79,80.84065,81.71000000000001
47,80,114.70728,97.1775
47,81,72.26584,53.44916666666666
47,82,134.36545,113.40283333333333
47,83,109.09284,80.62666666666668
47,84,121.59218,108.08
47,85,51.8209,46.642500000000005
47,86,48.00004,36.70316666666667
47,87,40.41874,34.717
47,88,170.01363,115.115
47,89,16.64746,13.897333333333334
47,90,149.33602,106.01366666666667
47,91,35.633269999999996,28.959333333333333
47,92,39.79736,31.151
47,93,112.00431,113.76083333333332
47,94,45.92419,41.13
47,95,30.67706,22.647
47,96,147.63853,110.60866666666668
47,97,63.30944,63.978833333333334
47,98,39.20655,32.49216666666667
47,99,49.73195,37.10883333333334
47,100,73.40243,58.88283333333333
47,101,35.95741,30.373
47,102,79.68263,60.587333333333326
47,103,125.95953,104.00783333333334
47,104,42.93853,38.05116666666667
47,105,62.18192,65.7835
47,106,44.19218,41.6715
47,107,71.04155,59.5185
47,108,39.66389,33.37
47,109,38.523160000000004,30.000666666666667
47,110,43.13848,37.589000000000006
47,111,44.09998,41.07166666666667
47,112,43.34263,35.66683333333334
47,113,39.310230000000004,31.322666666666667
47,114,47.89851,39.991166666666665
47,115,42.295269999999995,33.250166666666665
47,116,40.886199999999995,35.035833333333336
47,117,47.49898,41.522666666666666
47,118,255.50502,177.806
47,119,147.41841,98.27333333333333
47,120,291.46178000000003,197.22583333333333
47,121,175.75670000000002,113.92733333333334
47,122,122.99263,77.84366666666666
48,0,19.48095,22.530166666666666
48,1,9.090110000000001,15.303500000000001
48,2,26.82083,35.686166666666665
48,3,110.60279,79.84566666666666
48,4,115.18255,128.99666666666667
48,5,19.63539,23.714333333333332
48,6,26.87038,34.783
48,7,25.795830000000002,32.61216666666667
48,8,61.668589999999995,65.08733333333333
48,9,18.107590000000002,23.30816666666667
48,10,113.25809,102.76933333333334
48,11,71.61824,60.98883333333333
48,12,12.86473,13.853166666666668
48,13,58.19613,50.98616666666667
48,14,29.24487,31.411
48,15,42.84151,46.75416666666667
48,16,144.49181,109.61616666666667
48,17,20.966060000000002,24.2465
48,18,17.88145,21.338
48,19,8.600290000000001,15.4665
48,20,32.534189999999995,38.78283333333333
48,21,35.408559999999994,37.368833333333335
48,22,57.895050000000005,46.22233333333334
48,23,10.741629999999999,16.735833333333332
48,24,77.71105,64.7995
48,25,42.929809999999996,50.611666666666665
48,26,92.00956,76.96383333333333
48,27,44.01264,42.70399999999999
48,28,33.65869,29.32016666666667
48,29,136.61445,101.84216666666666
48,30,47.313629999999996,52.560500000000005
48,31,10.6821,18.98166666666667
48,32,6.8848400000000005,11.476333333333335
48,33,36.30689,31.591333333333335
48,34,76.70584,68.0735
48,35,89.37762,100.90733333333333
48,36,96.6964,99.05666666666666
48,37,6.76399,10.812666666666667
48,38,86.25511999999999,84.41766666666668
48,39,59.21166,55.13316666666666
48,40,121.37073,94.71216666666666
48,41,72.64818,54.42366666666667
48,42,19.27387,28.250999999999998
48,43,96.98236999999999,73.01316666666666
48,44,15.54124,20.913
48,45,122.58732,88.8715
48,46,74.70063,63.06483333333333
48,47,42.70564,35.34283333333334
48,48,0.0,0.0
48,49,30.76331,30.804666666666666
48,50,119.2743,87.17450000000001
48,51,9.42107,18.7835
48,52,152.62923,124.0035
48,53,25.5246,25.738666666666667
48,54,131.01105,93.43783333333334
48,55,28.62131,26.493
48,56,31.86685,36.957
48,57,92.32714999999999,77.52033333333334
48,58,73.33163,57.05883333333334
48,59,129.70073,91.498
48,60,68.26353,68.59750000000001
48,61,80.70094999999999,62.958666666666666
48,62,70.78814,67.83516666666667
48,63,36.79455,42.350833333333334
48,64,8.209370000000002,12.387
48,65,74.40833,65.38016666666667
48,66,125.30753,94.16900000000001
48,67,121.29874000000001,89.94033333333333
48,68,47.42827,46.034
48,69,71.45538,66.5265
48,70,76.98827,64.22466666666666
48,71,115.46298,125.90833333333333
48,72,22.7978,30.74116666666667
48,73,99.92313,74.11916666666666
48,74,35.385040000000004,32.2255
48,75,52.512629999999994,48.8705
48,76,5.749689999999999,7.9345
48,77,64.94665,55.54416666666667
48,78,121.97581,90.80766666666666
48,79,74.69022,84.32933333333334
48,80,85.31629,86.17066666666666
48,81,39.95451,36.92316666666667
48,82,106.61055999999999,95.95666666666666
48,83,81.33794999999999,63.1805
48,84,92.20119,97.07316666666667
48,85,9.68277,13.716833333333334
48,86,79.53358999999999,59.943999999999996
48,87,20.43408,24.589333333333332
48,88,142.25872,97.66900000000001
48,89,50.14347,39.453833333333336
48,90,121.58113,88.56750000000001
48,91,14.840110000000001,26.858666666666668
48,92,3.33367,6.421333333333333
48,93,111.78766999999999,114.2235
48,94,23.43835,25.023666666666667
48,95,13.04528,17.7535
48,96,119.88364,93.16266666666667
48,97,47.93978,54.789
48,98,5.550890000000001,10.689666666666666
48,99,17.42062,20.582833333333333
48,100,39.403169999999996,37.60066666666667
48,101,12.30452,21.074333333333335
48,102,47.37129,44.06133333333333
48,103,98.20463000000001,86.56166666666667
48,104,18.990479999999998,26.196666666666665
48,105,53.557190000000006,65.8245
48,106,36.92246,42.91683333333334
48,107,41.73097,47.484500000000004
48,108,9.45547,17.2215
48,109,14.205540000000001,19.691333333333333
48,110,10.581629999999999,16.747666666666667
48,111,12.84597,20.936833333333333
48,112,9.34337,14.384666666666668
48,113,8.04637,13.665166666666666
48,114,16.30425,27.913999999999998
48,115,16.30563,22.846666666666668
48,116,12.626610000000001,20.403666666666666
48,117,13.49972,20.2405
48,118,227.75010999999998,160.36
48,119,113.41914999999999,76.99133333333333
48,120,263.70688,179.77983333333336
48,121,146.36572,102.92049999999999
48,122,90.68128999999999,61.31766666666667
49,0,41.27093,38.29333333333333
49,1,30.8801,31.06683333333333
49,2,48.61082,51.44949999999999
49,3,126.14841,91.773
49,4,109.1237,120.8585
49,5,23.10311,28.597166666666666
49,6,44.295190000000005,49.037166666666664
49,7,27.61677,30.051166666666667
49,8,54.611760000000004,62.899833333333326
49,9,19.744709999999998,20.488333333333333
49,10,128.80371,114.6965
49,11,52.90549,47.2815
49,12,41.13164,36.128166666666665
49,13,73.74175,62.913333333333334
49,14,31.91015,40.706
49,15,12.098889999999999,17.059
49,16,160.03744,121.5435
49,17,25.048099999999998,33.906
49,18,38.28413,34.2115
49,19,29.53707,28.633333333333333
49,20,40.30959,43.391666666666666
49,21,23.027759999999997,26.41466666666667
49,22,79.68503999999999,61.98566666666667
49,23,22.74998,21.9885
49,24,94.89277,70.2875
49,25,38.18826,44.27516666666667
49,26,109.19127999999999,82.45183333333333
49,27,61.19435,48.192
49,28,36.72104,39.54633333333334
49,29,152.16008,113.76950000000001
49,30,34.93283,41.6065
49,31,25.0408,26.674333333333333
49,32,25.225669999999997,22.969333333333335
49,33,33.650580000000005,39.178999999999995
49,34,47.4071,50.92016666666667
49,35,83.31877,92.76916666666666
49,36,84.70377,93.07516666666668
49,37,36.69284,38.21966666666666
49,38,111.66716000000001,99.60133333333333
49,39,81.00164,70.8965
49,40,136.91636,106.6395
49,41,94.43816000000001,70.187
49,42,41.06386,44.01433333333333
49,43,114.16409,78.50116666666666
49,44,22.06896,29.259833333333333
49,45,138.13294,100.79866666666666
49,46,91.88234,68.55283333333334
49,47,12.098030000000001,15.816
49,48,30.3545,29.1095
49,49,0.0,0.0
49,50,134.81992000000002,99.10183333333333
49,51,29.52312,29.790666666666667
49,52,133.91648,110.29616666666668
49,53,13.143790000000001,14.784500000000001
49,54,146.55667000000003,105.365
49,55,31.68366,36.71933333333333
49,56,61.7957,64.364
49,57,109.50887,83.00833333333334
49,58,95.12162,72.82216666666666
49,59,145.24634,103.42516666666667
49,60,85.44525,74.0855
49,61,97.88266,68.4465
49,62,33.88258999999999,50.1845
49,63,58.4884,52.936
49,64,31.07364,29.351333333333333
49,65,89.95394999999999,77.30749999999999
49,66,137.53309,103.625
49,67,136.84436,101.8675
49,68,69.21826,61.797333333333334
49,69,93.24537,82.28983333333333
49,70,92.53388000000001,76.15183333333333
49,71,106.92699,120.6085
49,72,15.049719999999999,19.215666666666667
49,73,115.46874000000001,86.0465
49,74,57.17503,47.98883333333333
49,75,74.30261,64.63383333333334
49,76,34.31993,33.98433333333333
49,77,80.49227,67.4715
49,78,137.52144,102.735
49,79,68.63136999999999,76.19116666666667
49,80,102.498,91.65866666666668
49,81,43.01686,47.14933333333333
49,82,122.15617999999999,107.884
49,83,96.88356,75.10783333333333
49,84,109.38291000000001,102.56116666666667
49,85,39.61163,41.12383333333333
49,86,60.82084,46.236666666666665
49,87,28.20947,29.19816666666667
49,88,157.80434,109.59616666666668
49,89,31.430709999999998,25.7465
49,90,137.12675,100.49483333333333
49,91,18.42418,20.314833333333336
49,92,27.58809,25.632166666666667
49,93,99.79504,108.242
49,94,21.55088,27.215833333333332
49,95,18.467779999999998,17.12816666666667
49,96,135.42927,105.08983333333335
49,97,51.10017,58.46
49,98,26.99728,26.973333333333336
49,99,23.087139999999998,31.092666666666666
49,100,61.193160000000006,53.364000000000004
49,101,23.74813,24.854166666666668
49,102,50.43364,54.2875
49,103,113.75026,98.489
49,104,18.84815,24.682666666666666
49,105,49.97265,60.26466666666667
49,106,31.98291,36.152833333333334
49,107,58.83228,53.99966666666667
49,108,27.45461,27.851166666666664
49,109,26.31389,24.482000000000003
49,110,30.929209999999998,32.070166666666665
49,111,31.89071,35.55283333333333
49,112,31.13336,30.148000000000003
49,113,27.10096,25.803833333333333
49,114,35.68923,34.47233333333334
49,115,30.086,27.731333333333335
49,116,28.67693,29.517
49,117,35.28971,36.00383333333333
49,118,243.29573000000002,172.28716666666665
49,119,135.20913000000002,92.75466666666667
49,120,279.2525,191.707
49,121,163.54742000000002,108.4085
49,122,93.74363000000001,71.54383333333334
50,0,114.20356,77.46350000000001
50,1,112.32423,82.94933333333333
50,2,95.31067,69.03016666666667
50,3,9.32157,12.234
50,4,149.72886,153.68800000000002
50,5,128.08794,99.83966666666667
50,6,92.26867999999999,62.94766666666667
50,7,121.36421,91.2085
50,8,104.4393,95.27333333333333
50,9,114.98104,88.627
50,10,40.455529999999996,48.1245
50,11,175.0825,130.59566666666666
50,12,129.48215,101.24633333333333
50,13,62.726949999999995,43.94883333333333
50,14,137.69742000000002,107.53633333333333
50,15,146.30577,116.361
50,16,28.97357,34.60916666666667
50,17,129.41861,100.37183333333334
50,18,126.63463,99.32966666666667
50,19,117.88757000000001,93.75133333333333
50,20,125.21337,91.95333333333333
50,21,128.40038,99.45916666666668
50,22,114.77033,95.59233333333333
50,23,115.00805,87.99116666666667
50,24,70.99534,64.4975
50,25,133.35902,99.931
50,26,61.546620000000004,69.14183333333334
50,27,80.91594,71.21833333333333
50,28,142.11125,105.4455
50,29,21.0962,26.834999999999997
50,30,140.30545,114.65083333333334
50,31,117.29887,92.67699999999999
50,32,113.63475,87.80333333333333
50,33,144.75945000000002,107.71666666666667
50,34,180.17011,137.68033333333332
50,35,134.45620000000002,135.59616666666668
50,36,114.19861,112.40566666666668
50,37,125.2027,95.30566666666667
50,38,79.18610000000001,71.07766666666666
50,39,76.46731,68.666
50,40,22.21899,29.039166666666667
50,41,138.30659,107.269
50,42,109.22028999999999,73.66916666666665
50,43,47.95614,50.52033333333333
50,44,123.99380000000001,97.03833333333334
50,45,8.09802,10.343166666666667
50,46,56.62399,47.77633333333333
50,47,146.16991000000002,104.94966666666666
50,48,116.91077,90.607
50,49,134.22756,100.41133333333333
50,50,0.0,0.0
50,51,117.87363,94.90883333333333
50,52,150.75305,153.9785
50,53,128.98886,95.34533333333334
50,54,17.84466,19.9135
50,55,137.07388,102.61833333333334
50,56,149.50345000000002,123.3205
50,57,38.333169999999996,32.659666666666666
50,58,138.99005,109.90416666666667
50,59,14.182469999999999,16.490833333333335
50,60,85.76575,81.9465
50,61,61.62367,59.059333333333335
50,62,174.25241,137.442
50,63,88.04961999999999,62.94083333333333
50,64,117.62991000000001,90.84899999999999
50,65,59.5115,46.7625
50,66,20.15966,25.886333333333333
50,67,17.770799999999998,19.996166666666667
50,68,92.82750999999999,74.67666666666668
50,69,80.34734,70.97683333333333
50,70,60.05282,47.62833333333333
50,71,116.16431,129.2345
50,72,137.25555,105.09383333333334
50,73,20.686400000000003,19.646333333333335
50,74,101.10476,84.13616666666667
50,75,100.52273,84.37033333333333
50,76,120.8762,95.48183333333333
50,77,58.4357,41.86633333333334
50,78,2.70152,3.633166666666667
50,79,127.17108,126.37666666666668
50,80,83.96105,89.449
50,81,148.40706,113.0485
50,82,76.14950999999999,63.2065
50,83,40.01939,30.285500000000003
50,84,94.38261999999999,102.70783333333334
50,85,127.31938000000001,100.08033333333333
50,86,182.99785999999997,129.55083333333334
50,87,116.00246000000001,83.18566666666668
50,88,14.285350000000001,18.770166666666668
50,89,153.60773,109.0605
50,90,23.03316,22.2205
50,91,133.46578,100.92316666666667
50,92,114.70877,87.23716666666665
50,93,129.28988999999999,127.5725
50,94,131.89091,101.14899999999999
50,95,116.50953999999999,87.36033333333333
50,96,31.45399,36.894
50,97,107.34022,94.92716666666666
50,98,115.00736,89.00483333333334
50,99,125.87317,96.70816666666666
50,100,90.05977,70.70833333333333
50,101,120.94489999999999,94.31316666666666
50,102,155.82384,120.18666666666667
50,103,66.06985,51.778999999999996
50,104,127.44303,102.32199999999999
50,105,112.20663,106.29516666666667
50,106,129.60164,96.08733333333333
50,107,90.16005,67.4665
50,108,110.55412,84.9655
50,109,107.86316000000001,77.94800000000001
50,110,106.49507000000001,74.14216666666667
50,111,105.55272000000001,72.33333333333333
50,112,107.23755,76.575
50,113,110.19592999999999,83.09733333333334
50,114,103.36503,69.51516666666666
50,115,108.78882,77.83383333333333
50,116,105.40702999999999,72.258
50,117,112.95629,79.60083333333334
50,118,99.97741,81.9885
50,119,179.07756,129.83666666666667
50,120,135.93417000000002,101.40833333333333
50,121,93.13786,77.232
50,122,199.13384,137.443
51,0,25.33026,29.689
51,1,14.93943,22.462333333333333
51,2,32.67015,42.845166666666664
51,3,111.78582,86.39916666666666
51,4,117.26238000000001,130.51533333333333
51,5,11.88806,14.662166666666668
51,6,32.71969,41.941833333333335
51,7,27.87565,34.130833333333335
51,8,67.14976,67.20933333333333
51,9,14.82813,25.674833333333332
51,10,114.44113,109.32283333333334
51,11,73.81583,63.38066666666667
51,12,13.28226,16.068833333333334
51,13,59.379160000000006,57.53966666666667
51,14,21.49754,22.358833333333333
51,15,35.083330000000004,39.458
51,16,145.67486,116.16966666666667
51,17,13.218729999999999,15.194333333333333
51,18,10.43475,14.152166666666666
51,19,3.46639,7.8580000000000005
51,20,34.61402,40.301500000000004
51,21,37.60615,39.7605
51,22,63.74437,53.38133333333334
51,23,7.82965,16.708833333333335
51,24,83.19221,66.9215
51,25,45.009629999999994,52.13033333333333
51,26,97.49073,79.08583333333333
51,27,49.4938,44.826
51,28,25.911360000000002,20.267999999999997
51,29,137.79748,108.39566666666666
51,30,49.51122,54.95233333333333
51,31,4.81296,10.270000000000001
51,32,8.17086,11.690666666666667
51,33,28.55956,22.539166666666667
51,34,78.90342999999999,70.46533333333333
51,35,91.45745,102.426
51,36,102.17756,101.17866666666667
51,37,21.191599999999998,23.865000000000002
51,38,92.10444,91.57666666666667
51,39,65.06097,62.29216666666667
51,40,122.55377,101.26566666666666
51,41,78.4975,61.58266666666667
51,42,25.123189999999997,35.41
51,43,102.46353,75.13516666666666
51,44,5.1828,10.875666666666666
51,45,123.77036,95.42483333333332
51,46,80.18178999999999,65.18683333333334
51,47,44.90323,37.73466666666666
51,48,11.94066,19.389499999999998
51,49,24.36573,31.668166666666664
51,50,120.45734,93.72800000000001
51,51,0.0,0.0
51,52,154.82683,126.39516666666667
51,53,27.72218,28.130333333333333
51,54,132.19409,99.99133333333333
51,55,20.87398,17.440833333333334
51,56,42.6975,48.65416666666667
51,57,97.80830999999999,79.64233333333333
51,58,79.18095,64.21766666666666
51,59,130.88377,98.05133333333333
51,60,73.7447,70.7195
51,61,86.18211,65.08066666666667
51,62,72.98572999999999,70.227
51,63,37.97759,48.904333333333334
51,64,6.0907,13.3485
51,65,75.59137,71.93366666666667
51,66,125.83254,100.259
51,67,122.48177,96.49383333333334
51,68,53.27759,53.193
51,69,77.3047,73.6855
51,70,78.1713,70.778
51,71,120.94415,128.03033333333332
51,72,11.209629999999999,19.226166666666664
51,73,101.10616,80.67266666666666
51,74,41.23436,39.3845
51,75,58.361940000000004,56.0295
51,76,9.29285,19.470666666666666
51,77,66.12969,62.09766666666667
51,78,123.15885,97.36116666666666
51,79,76.77004,85.848
51,80,90.79745,88.29266666666668
51,81,32.20718,27.871
51,82,107.79360000000001,102.51016666666666
51,83,82.52098,69.734
51,84,97.68235,99.19516666666667
51,85,20.51343,25.413999999999998
51,86,81.73118,62.33583333333333
51,87,22.513900000000003,26.108
51,88,143.44177,104.22250000000001
51,89,52.34105,41.8455
51,90,122.76416,95.12100000000001
51,91,6.70342,13.490833333333335
51,92,9.901959999999999,15.857333333333335
51,93,117.26884,116.34549999999999
51,94,15.69102,15.971499999999999
51,95,9.00006,16.81416666666667
51,96,121.06667,99.71616666666667
51,97,50.0196,56.30783333333333
51,98,7.35193,12.544166666666666
51,99,9.673290000000001,11.530666666666667
51,100,45.252489999999995,44.75966666666667
51,101,4.28369,9.704166666666667
51,102,39.62396,35.00916666666667
51,103,99.38767,93.11516666666667
51,104,8.63203,16.159333333333333
51,105,55.63702,67.34333333333333
51,106,39.00229,44.43566666666666
51,107,47.131730000000005,50.63366666666666
51,108,11.535290000000002,18.740333333333336
51,109,14.022969999999999,21.330499999999997
51,110,14.74814,22.968833333333336
51,111,17.12225,27.729333333333333
51,112,15.19269,21.543666666666663
51,113,11.18164,16.692833333333333
51,114,23.98868,31.1065
51,115,18.385450000000002,24.3655
51,116,15.73766,24.24566666666667
51,117,19.349040000000002,27.3995
51,118,228.93316000000002,166.91333333333333
51,119,119.26846,84.15016666666666
51,120,264.88994,186.33333333333334
51,121,151.84688,105.04266666666668
51,122,82.93396000000001,52.265499999999996
52,0,134.7782,129.66616666666667
52,1,153.13869,124.82816666666666
52,2,128.57949,129.89116666666666
52,3,141.532,145.23
52,4,13.62216,17.001333333333335
52,5,161.99603,128.483
52,6,123.07634,125.78883333333333
52,7,91.76631,101.95483333333333
52,8,77.0831,84.60283333333334
52,9,100.95948,113.60383333333333
52,10,159.23498,167.52349999999998
52,11,67.36739999999999,85.89200000000001
52,12,163.39023,129.8895
52,13,116.19572,134.6625
52,14,171.6055,136.17966666666666
52,15,145.83270000000002,124.65183333333333
52,16,175.42104999999998,175.00050000000002
52,17,163.32670000000002,129.015
52,18,160.54272,127.97283333333333
52,19,151.79566,122.39466666666667
52,20,84.79928,95.3285
52,21,86.94376,95.76383333333334
52,22,173.19231,153.3585
52,23,145.00856,115.74983333333333
52,24,79.32939,88.59433333333332
52,25,73.73858,80.76283333333335
52,26,112.17116,121.18516666666666
52,27,90.15131,99.63799999999999
52,28,176.01933,134.08883333333333
52,29,167.54367000000002,167.22650000000002
52,30,75.89102,86.027
52,31,147.29939000000002,120.43566666666668
52,32,147.48426999999998,116.73066666666666
52,33,178.66753,136.36
52,34,102.66788000000001,98.813
52,35,26.76287,31.415333333333333
52,36,36.33055,40.5455
52,37,158.95144,131.98116666666667
52,38,154.97423,173.07483333333332
52,39,160.97030999999998,149.3381666666667
52,40,152.29995000000002,160.09650000000002
52,41,187.94544,161.55983333333333
52,42,129.79492,125.872
52,43,117.14397,117.2345
52,44,157.90189,125.68166666666666
52,45,153.51655,154.25566666666666
52,46,94.44927,106.06183333333334
52,47,119.35763,100.84066666666666
52,48,152.61308,122.87083333333334
52,49,133.7545,108.70216666666667
52,50,150.20352,152.55883333333335
52,51,151.7817,123.55216666666666
52,52,0.0,0.0
52,53,96.82347999999999,106.79483333333333
52,54,150.23152,151.801
52,55,170.98195,131.26166666666666
52,56,184.05429999999998,158.12533333333334
52,57,112.07579,120.5175
52,58,188.62889,164.19500000000002
52,59,160.62995,156.88233333333335
52,60,64.54979,72.0525
52,61,100.86255,107.18
52,62,147.44013,133.333
52,63,112.15594999999999,118.41466666666666
52,64,153.33222,123.11266666666667
52,65,116.4974,129.8495
52,66,140.51297,142.35833333333332
52,67,152.22797,155.32466666666667
52,68,149.18692000000001,140.23916666666668
52,69,173.21403,160.73149999999998
52,70,135.84095000000002,149.62550000000002
52,71,42.835010000000004,52.0655
52,72,149.47233,121.3725
52,73,128.60799,133.95216666666667
52,74,150.6823,139.36166666666668
52,75,156.78367,149.37933333333334
52,76,156.57852,127.74566666666666
52,77,118.81903999999999,131.72283333333334
52,78,152.90503,156.19216666666668
52,79,42.14631,48.05433333333334
52,80,75.38888,90.57483333333333
52,81,182.31516,141.69166666666666
52,82,168.16238,179.3491666666667
52,83,131.10703,144.70116666666667
52,84,65.22629,78.07666666666667
52,85,161.87022,134.88516666666666
52,86,51.548410000000004,75.28566666666667
52,87,98.12096000000001,108.76333333333334
52,88,173.18795,163.05333333333334
52,89,103.57639,88.77383333333334
52,90,139.33514000000002,141.70566666666667
52,91,145.68257999999997,117.20183333333333
52,92,149.84667000000002,119.39366666666666
52,93,20.96538,24.642999999999997
52,94,155.9735,129.3725
52,95,140.72636,110.8895
52,96,150.54491000000002,157.6935
52,97,75.83798,89.8535
52,98,149.25585999999998,120.73466666666667
52,99,159.78126999999998,125.35133333333333
52,100,141.16182999999998,131.80583333333334
52,101,146.00672,118.61550000000001
52,102,189.73194,148.82983333333334
52,103,158.08272,167.92166666666665
52,104,152.98784,126.29366666666667
52,105,68.11905,80.7075
52,106,79.44115,87.1575
52,107,102.42784,115.46416666666667
52,108,149.7132,121.61266666666667
52,109,104.95842999999999,115.241
52,110,107.27273,121.72183333333334
52,111,122.75429,121.675
52,112,153.39194,123.90933333333334
52,113,149.35954999999998,119.56516666666667
52,114,103.93638,117.04299999999999
52,115,100.24313000000001,111.1335
52,116,104.17972,118.10833333333333
52,117,157.54829999999998,129.76516666666666
52,118,258.67934,225.74433333333334
52,119,228.71641,184.12733333333333
52,120,294.63613,245.16416666666666
52,121,152.31609,135.845
52,122,233.04194,166.08616666666666
53,0,36.410410000000006,34.43766666666667
53,1,26.01958,27.211000000000002
53,2,43.7503,47.593833333333336
53,3,121.28788,87.91716666666666
53,4,96.20688,107.04783333333333
53,5,34.87692,30.865833333333335
53,6,39.43467,45.1815
53,7,10.12294,16.9915
53,8,41.69495,49.089166666666664
53,9,14.8842,16.63266666666667
53,10,123.94319,110.84083333333334
53,11,54.10511,45.5815
53,12,36.27113,32.2725
53,13,68.88123,59.05766666666667
53,14,44.4864,38.5625
53,15,25.32837,31.346833333333333
53,16,155.17692000000002,117.68766666666667
53,17,36.207589999999996,31.398000000000003
53,18,33.423610000000004,30.355833333333333
53,19,24.67655,24.77766666666667
53,20,24.6307,31.269000000000002
53,21,10.110940000000001,12.604000000000001
53,22,74.82452,58.13
53,23,17.88946,18.132833333333334
53,24,90.03224,66.43183333333333
53,25,25.27144,30.46466666666667
53,26,104.33076,78.596
53,27,56.33383,44.33633333333333
53,28,48.90023,36.47166666666667
53,29,147.29954999999998,109.91366666666666
53,30,22.016009999999998,27.795833333333334
53,31,20.18028,22.818666666666665
53,32,20.36515,19.113666666666667
53,33,51.54843,38.74283333333334
53,34,59.19271,52.66616666666666
53,35,70.40195,78.9585
53,36,71.78694999999999,79.2645
53,37,31.832330000000002,34.364000000000004
53,38,106.80664,95.74549999999999
53,39,76.14112,67.04066666666667
53,40,132.05583,102.78366666666668
53,41,89.57764999999999,66.33133333333333
53,42,36.20334,40.15866666666667
53,43,109.30356,74.6455
53,44,30.78278,28.0645
53,45,133.27242,96.943
53,46,87.02182,64.697
53,47,25.19251,19.9355
53,48,25.49398,25.253833333333333
53,49,13.25017,15.397333333333334
53,50,129.9594,95.24600000000001
53,51,24.662599999999998,25.935
53,52,97.23107,107.33850000000001
53,53,0.0,0.0
53,54,141.69616,101.50933333333334
53,55,43.86285,33.6445
53,56,56.93518,60.50816666666666
53,57,104.64833999999999,79.15266666666666
53,58,90.2611,68.96633333333332
53,59,140.38583,99.5695
53,60,55.459410000000005,64.48266666666667
53,61,93.02214,64.59083333333334
53,62,53.275,52.42783333333333
53,63,53.62788,49.080333333333336
53,64,26.21312,25.49566666666667
53,65,85.09343,73.45166666666667
53,66,132.67257999999998,99.76916666666666
53,67,131.98384,98.01183333333333
53,68,64.35773999999999,57.94166666666667
53,69,88.38484,78.434
53,70,87.67336999999999,72.29616666666668
53,71,94.01017999999999,106.79783333333333
53,72,22.34709,23.075
53,73,110.60822999999999,82.19066666666666
53,74,52.31451,44.13316666666666
53,75,69.44209,60.778
53,76,29.45941,30.1285
53,77,75.63175,63.61566666666667
53,78,132.66091,98.87916666666666
53,79,55.71455,62.3805
53,80,72.45178999999999,83.29766666666666
53,81,55.19605,44.074666666666666
53,82,117.29566,104.02816666666666
53,83,92.02305,71.252
53,84,77.52327000000001,92.37633333333333
53,85,34.75111,37.268
53,86,62.02046,44.53666666666666
53,87,15.74103,23.05483333333333
53,88,152.94383,105.74050000000001
53,89,32.63033,24.046499999999998
53,90,132.26622,96.639
53,91,18.55734,18.904333333333334
53,92,22.72757,21.7765
53,93,86.87823,94.43133333333334
53,94,28.84826,31.075
53,95,13.60726,13.272333333333334
53,96,130.56874,101.23416666666667
53,97,38.18335,44.649499999999996
53,98,22.13676,23.1175
53,99,32.662150000000004,27.734333333333332
53,100,56.33264,49.50833333333333
53,101,18.887610000000002,20.998333333333335
53,102,62.61283,51.212833333333336
53,103,108.88973,94.63316666666667
53,104,25.862599999999997,27.996333333333332
53,105,37.05583,46.45399999999999
53,106,19.0661,22.342166666666667
53,107,53.97176,50.144
53,108,22.59409,23.9955
53,109,21.45337,20.626166666666666
53,110,26.06869,28.214499999999997
53,111,27.030189999999997,31.697166666666664
53,112,26.27284,26.292166666666667
53,113,22.24044,21.948
53,114,30.828709999999997,30.616666666666667
53,115,25.22548,23.875666666666667
53,116,23.81641,25.661166666666666
53,117,30.42919,32.14816666666667
53,118,238.43522000000002,168.4315
53,119,130.34861,88.89883333333334
53,120,274.392,187.85133333333334
53,121,158.68691,104.55283333333334
53,122,105.92283,68.46916666666667
54,0,125.56866000000001,82.01983333333332
54,1,123.68933,87.50566666666667
54,2,106.67577,73.58649999999999
54,3,20.68666,16.790333333333333
54,4,149.25219,152.52433333333332
54,5,139.45303,104.396
54,6,103.63377,67.50399999999999
54,7,132.72931,95.76483333333334
54,8,103.55866999999999,91.1575
54,9,126.34613,93.18333333333334
54,10,61.503769999999996,54.04816666666667
54,11,186.44759,135.152
54,12,140.84723000000002,105.80266666666667
54,13,74.09204,48.50516666666667
54,14,149.06251999999998,112.09266666666667
54,15,157.67085999999998,120.91733333333333
54,16,19.81866,24.026833333333332
54,17,140.7837,104.92816666666666
54,18,137.99972,103.886
54,19,129.25266,98.30783333333333
54,20,109.99945,93.35133333333333
54,21,139.76548,104.0155
54,22,126.13541000000001,100.14883333333334
54,23,126.37314,92.5475
54,24,70.51867,63.33383333333334
54,25,118.14509,101.329
54,26,49.57287,58.469
54,27,87.05157000000001,68.31216666666666
54,28,153.47634,110.00183333333332
54,29,12.679969999999999,19.9205
54,30,151.67055,119.20733333333332
54,31,128.66396,97.23333333333333
54,32,124.99983999999999,92.35966666666667
54,33,156.12453,112.27316666666667
54,34,191.53519,142.23666666666668
54,35,133.97953,134.4325
54,36,113.72194999999999,111.242
54,37,136.56778,99.86200000000001
54,38,90.55119,75.634
54,39,87.83241000000001,73.22233333333334
54,40,42.87318,41.530833333333334
54,41,149.67169,111.82533333333335
54,42,120.58538,78.2255
54,43,35.98239,39.84766666666667
54,44,135.35889,101.59466666666667
54,45,11.109969999999999,14.450666666666667
54,46,67.98908,52.33266666666667
54,47,157.535,109.506
54,48,128.27586,95.16350000000001
54,49,145.59266,104.96766666666667
54,50,17.56268,20.028166666666667
54,51,129.23871,99.46516666666666
54,52,150.27638000000002,152.81483333333333
54,53,140.35395,99.90166666666667
54,54,0.0,0.0
54,55,148.43895,107.17466666666665
54,56,160.86855,127.87683333333332
54,57,49.698260000000005,37.216166666666666
54,58,150.35514,114.4605
54,59,13.808399999999999,14.379999999999999
54,60,85.28908,80.78283333333334
54,61,49.649910000000006,48.3865
54,62,185.61748,141.99833333333333
54,63,99.41471,67.49716666666667
54,64,128.99499,95.40533333333333
54,65,70.87659,51.31883333333334
54,66,10.400379999999998,12.169833333333335
54,67,42.80118,36.758833333333335
54,68,104.19259,79.23299999999999
54,69,91.71242,75.53316666666666
54,70,71.41791,52.184666666666665
54,71,104.19055,118.56183333333334
54,72,148.62063,109.65016666666666
54,73,32.05149,24.20266666666667
54,74,112.46985000000001,88.69266666666667
54,75,111.88781,88.92666666666668
54,76,132.24128,100.03816666666667
54,77,69.80078999999999,46.42266666666667
54,78,20.05651,23.063333333333333
54,79,126.69441,125.213
54,80,71.98728999999999,78.77633333333333
54,81,159.77216,117.60483333333333
54,82,87.5146,67.76283333333333
54,83,51.38448,34.841833333333334
54,84,82.40886,92.03516666666665
54,85,138.68447,104.63666666666667
54,86,194.36294,134.10716666666667
54,87,127.36755000000001,87.742
54,88,26.366400000000002,20.551
54,89,164.97281,113.617
54,90,13.64067,16.575
54,91,144.83088,105.4795
54,92,126.07385000000001,91.7935
54,93,128.81322,126.40883333333333
54,94,143.256,105.70533333333333
54,95,127.87463000000001,91.91666666666667
54,96,52.81368,44.21816666666667
54,97,106.45958999999999,90.81133333333334
54,98,126.37245,93.56116666666667
54,99,137.23827,101.2645
54,100,101.42486,75.26466666666667
54,101,132.30998000000002,98.8695
54,102,167.18894,124.743
54,103,77.43494,56.33533333333333
54,104,138.80813,106.87833333333333
54,105,111.32599,102.17933333333333
54,106,114.38772,97.48533333333333
54,107,101.52513,72.02283333333334
54,108,121.91921,89.52183333333333
54,109,119.22824,82.50433333333334
54,110,117.86016000000001,78.6985
54,111,116.91781,76.88966666666667
54,112,118.60265,81.13133333333333
54,113,121.56102,87.65366666666667
54,114,114.73013,74.0715
54,115,120.15391000000001,82.39016666666666
54,116,116.77213,76.81433333333332
54,117,124.32138,84.15716666666667
54,118,111.85779,83.242
54,119,190.44266,134.393
54,120,147.81456,102.66183333333333
54,121,76.69415,61.10316666666667
54,122,210.49894,141.9993333333333
55,0,41.34735,34.300333333333334
55,1,30.95652,27.073833333333333
55,2,48.687239999999996,47.4565
55,3,127.80291,91.01050000000001
55,4,133.27947,135.12666666666667
55,5,12.99494,12.173166666666667
55,6,48.736779999999996,46.55333333333333
55,7,43.892739999999996,38.742333333333335
55,8,83.16685000000001,71.82066666666667
55,9,36.322269999999996,30.311333333333334
55,10,130.45821,113.93416666666667
55,11,89.83292,67.992
55,12,24.54765,17.914499999999997
55,13,75.39626,62.150999999999996
55,14,15.96287,15.704
55,15,22.6982,27.079166666666666
55,16,161.69195000000002,120.78099999999999
55,17,9.10082,8.904166666666667
55,18,15.35643,13.161
55,19,19.7864,13.377666666666666
55,20,50.63111,44.913000000000004
55,21,53.623239999999996,44.371833333333335
55,22,79.76146,57.992666666666665
55,23,26.298669999999998,21.75316666666667
55,24,99.2093,71.53283333333334
55,25,61.026720000000005,56.74166666666667
55,26,113.50782000000001,83.69716666666666
55,27,65.51089,49.4375
55,28,7.26442,7.577333333333333
55,29,153.81457999999998,113.007
55,30,65.52831,59.56366666666667
55,31,24.16786,19.603666666666665
55,32,24.18795,16.302
55,33,9.91262,9.8485
55,34,94.92052000000001,75.07666666666667
55,35,107.47453,107.0375
55,36,118.19465,105.78999999999999
55,37,32.456990000000005,25.71066666666667
55,38,108.12152,96.188
55,39,81.07806,66.9035
55,40,138.57085999999998,105.877
55,41,94.51459,66.194
55,42,41.14028,40.02133333333334
55,43,118.48063,79.7465
55,44,18.29759,15.307666666666668
55,45,139.78745,100.03616666666667
55,46,96.19888,69.79816666666667
55,47,60.92032,42.346000000000004
55,48,27.95775,24.000833333333333
55,49,31.57359,35.76683333333334
55,50,136.47442,98.33933333333333
55,51,22.71932,19.2215
55,52,170.84392000000003,131.00666666666666
55,53,43.73927,32.74166666666667
55,54,148.21117,104.60266666666666
55,55,0.0,0.0
55,56,53.962900000000005,50.5
55,57,113.82541,84.25383333333333
55,58,95.19803999999999,68.82916666666667
55,59,146.90086,102.66283333333334
55,60,89.76178999999999,75.33083333333335
55,61,102.19919999999999,69.69200000000001
55,62,44.4819,60.20483333333333
55,63,53.99468,53.51566666666667
55,64,22.410709999999998,18.868
55,65,91.60844999999999,76.54516666666667
55,66,141.84963,104.87033333333333
55,67,138.49885999999998,101.10516666666668
55,68,69.29468,57.80433333333334
55,69,93.32179,78.29683333333334
55,70,94.18839,75.3895
55,71,136.96123,132.64166666666668
55,72,16.467509999999997,17.073333333333334
55,73,117.12325,85.284
55,74,57.25145,43.99583333333333
55,75,74.37903,60.64083333333333
55,76,27.52775,22.641000000000002
55,77,82.14677999999999,66.709
55,78,139.17594,101.97250000000001
55,79,92.78713,90.45933333333333
55,80,106.81454,92.904
55,81,9.53078,13.540166666666666
55,82,123.81069000000001,107.1215
55,83,98.53807,74.34533333333334
55,84,113.69945,103.80666666666666
55,85,31.77882,27.259666666666664
55,86,97.74827,66.94716666666666
55,87,38.530989999999996,30.7195
55,88,159.45886,108.83383333333333
55,89,68.35814,46.457
55,90,138.78125,99.73233333333333
55,91,20.75608,23.24116666666667
55,92,25.91905,20.468666666666664
55,93,133.28592,120.95683333333334
55,94,10.82853,10.9185
55,95,31.25995,24.756666666666668
55,96,137.08377,104.3275
55,97,66.03669000000001,60.91916666666667
55,98,23.36902,17.1555
55,99,12.2515,10.303666666666667
55,100,61.269580000000005,49.371
55,101,25.79028,21.69633333333333
55,102,16.947560000000003,20.678333333333335
55,103,115.40476,97.7265
55,104,19.37755,19.113833333333332
55,105,71.6541,71.95466666666667
55,106,55.01938,49.047000000000004
55,107,63.14882,55.245
55,108,27.55238,23.351666666666667
55,109,30.04006,25.94183333333333
55,110,30.76523,27.580333333333332
55,111,33.13934,32.34066666666667
55,112,31.20978,26.154999999999998
55,113,27.19873,21.304166666666667
55,114,40.00577,35.71783333333334
55,115,34.40254,28.97683333333333
55,116,31.75475,28.857166666666668
55,117,35.36613,32.01083333333334
55,118,244.95023,171.52483333333333
55,119,135.28555,88.76166666666667
55,120,280.907,190.94466666666668
55,121,167.86397,109.654
55,122,64.28701,39.57483333333333
56,0,36.091029999999996,48.4815
56,1,40.564809999999994,50.834500000000006
56,2,53.84361,67.73916666666666
56,3,139.92051999999998,113.42
56,4,146.65725,164.52783333333335
56,5,42.0156,50.99533333333333
56,6,53.89316,66.836
56,7,57.27052,68.14333333333333
56,8,98.34908999999999,99.90016666666666
56,9,49.58229,58.839333333333336
56,10,142.57581,136.34366666666668
56,11,103.09294,96.52
56,12,30.164849999999998,33.660333333333334
56,13,87.51386,84.5605
56,14,25.92866,42.23966666666667
56,15,65.51323000000001,76.604
56,16,173.80955,143.19050000000001
56,17,33.50023,50.77366666666667
56,18,35.18157,41.14516666666667
56,19,41.618089999999995,45.43183333333333
56,20,64.00889,74.31400000000001
56,21,66.88325999999999,72.89983333333333
56,22,76.65363,74.84233333333333
56,23,42.21633,52.267
56,24,114.39153999999999,99.6125
56,25,74.40450999999999,86.14266666666667
56,26,128.69005,111.77666666666667
56,27,80.69313000000001,77.51700000000001
56,28,37.61721,55.216166666666666
56,29,165.93219,135.41649999999998
56,30,78.78833,88.09166666666667
56,31,45.999550000000006,51.65783333333333
56,32,38.35954,47.007333333333335
56,33,40.26541,57.4875
56,34,108.18054,103.60466666666666
56,35,120.85232,136.4385
56,36,133.37689,133.86966666666666
56,37,25.96304,31.726333333333333
56,38,113.27789999999999,116.47083333333333
56,39,86.23444,87.18616666666667
56,40,150.68847,128.2865
56,41,91.40675999999999,83.0435
56,42,42.421800000000005,58.325500000000005
56,43,133.66286,107.82616666666667
56,44,42.98048,48.96216666666667
56,45,151.90505,122.44566666666667
56,46,111.38112,97.87783333333333
56,47,74.18034,70.874
56,48,31.865470000000002,37.094166666666666
56,49,62.238,66.33566666666667
56,50,148.59203,120.74883333333334
56,51,44.551010000000005,51.275666666666666
56,52,184.10394,159.53466666666665
56,53,56.99929,61.269666666666666
56,54,160.32878,127.01216666666666
56,55,51.30388,54.586999999999996
56,56,0.0,0.0
56,57,129.00764,112.33333333333333
56,58,92.09022,85.67866666666667
56,59,159.01845,125.07216666666666
56,60,104.94402000000001,103.41033333333333
56,61,117.38144,97.7715
56,62,102.26284,103.36633333333333
56,63,66.11228999999999,75.92516666666667
56,64,33.92466,42.064
56,65,103.72606,98.95450000000001
56,66,154.62527,127.74333333333334
56,67,150.61647,123.51466666666667
56,68,74.45105000000001,78.08716666666666
56,69,98.47816,98.57950000000001
56,70,106.30599000000001,97.79883333333333
56,71,152.14348,160.72116666666668
56,72,50.23704,58.790333333333336
56,73,129.24085,107.6935
56,74,54.143620000000006,60.84533333333333
56,75,71.2712,77.49033333333334
56,76,29.22676,34.41116666666667
56,77,94.26438,89.1185
56,78,151.29354999999998,124.382
56,79,106.16491,119.8605
56,80,121.99678,120.98366666666668
56,81,27.37149,43.719500000000004
56,82,135.92829999999998,129.531
56,83,110.65567,96.75483333333334
56,84,128.88168,131.88616666666667
56,85,22.52078,24.630666666666666
56,86,111.00828999999999,95.47516666666667
56,87,51.90877,60.1205
56,88,171.57645000000002,131.24333333333334
56,89,81.61816,74.98483333333334
56,90,150.89885999999998,122.14183333333334
56,91,48.37525,58.09066666666667
56,92,34.808370000000004,41.9525
56,93,148.46816,149.03650000000002
56,94,46.12093,53.1175
56,95,44.519980000000004,53.284666666666666
56,96,149.20138,126.73700000000001
56,97,79.41448,90.32016666666667
56,98,37.025589999999994,46.22083333333333
56,99,39.800830000000005,47.86366666666667
56,100,61.93588,69.28466666666667
56,101,47.621970000000005,53.7505
56,102,21.78172,35.521166666666666
56,103,127.52237,120.136
56,104,46.42971,54.24583333333333
56,105,85.03189,101.35566666666666
56,106,68.39716,78.44800000000001
56,107,71.0487,81.05883333333333
56,108,40.93017,52.75266666666666
56,109,45.68023,55.2225
56,110,42.05632,52.278666666666666
56,111,44.320660000000004,56.46783333333334
56,112,40.81807,49.91583333333333
56,113,39.52107,49.196333333333335
56,114,47.778949999999995,63.445166666666665
56,115,47.78032,58.377833333333335
56,116,44.10131,55.934666666666665
56,117,34.91682,54.238166666666665
56,118,257.06784,193.93416666666664
56,119,132.17773,105.61116666666666
56,120,293.02463,213.35416666666666
56,121,183.0462,137.7335
56,122,89.59263,84.94916666666667
57,0,95.4778,71.94733333333333
57,1,88.37733,74.46149999999999
57,2,71.27937,63.81633333333333
57,3,29.71018,25.7285
57,4,111.64965,122.04400000000001
57,5,107.04977000000001,84.296
57,6,68.23738,57.73383333333334
57,7,92.8802,73.28616666666667
57,8,66.36009,63.6295
57,9,89.17754,71.04816666666667
57,10,47.413160000000005,48.02183333333333
57,11,150.37376999999998,114.67399999999999
57,12,108.44398,85.7025
57,13,38.69564,38.735
57,14,116.65925,91.99266666666668
57,15,121.59703,100.43933333333332
57,16,63.59921,55.499
57,17,108.38044000000001,84.82816666666666
57,18,105.59646000000001,83.78583333333333
57,19,96.84939999999999,78.20766666666667
57,20,72.80086999999999,65.82316666666667
57,21,86.42686,81.288
57,22,90.73902000000001,90.37866666666667
57,23,90.29930999999999,72.0695
57,24,32.916129999999995,32.853500000000004
57,25,80.94650999999999,73.801
57,26,47.67234,46.29083333333333
57,27,49.85299,40.784
57,28,121.07308,89.90183333333333
57,29,55.72183999999999,47.72483333333333
57,30,111.82144,96.7285
57,31,92.59013,76.75533333333333
57,32,92.538,72.54383333333334
57,33,123.72127,92.173
57,34,155.46138,121.75866666666667
57,35,96.377,103.95216666666667
57,36,76.1194,80.76166666666667
57,37,104.00516999999999,87.79416666666665
57,38,75.29747,69.58483333333334
57,39,61.07096,64.7865
57,40,40.47813,40.595
57,41,114.27529,102.05516666666668
57,42,90.49453,68.15316666666666
57,43,29.66382,35.37916666666667
57,44,102.95563,81.49466666666667
57,45,41.69471,34.75416666666667
57,46,18.54478,16.132333333333335
57,47,121.46117,89.028
57,48,97.66683,78.684
57,49,109.51883000000001,84.48966666666666
57,50,38.381699999999995,33.05716666666667
57,51,96.83545,79.36516666666667
57,52,112.67384,122.33466666666666
57,53,104.28012,79.42366666666666
57,54,50.118449999999996,39.3205
57,55,116.03569999999999,87.07466666666666
57,56,129.10802999999999,113.93833333333333
57,57,0.0,0.0
57,58,114.95874,104.69033333333333
57,59,48.80812,37.38066666666667
57,60,47.68654,50.3025
57,61,36.36372,32.28566666666667
57,62,149.54366000000002,121.52033333333334
57,63,64.01831,57.72716666666667
57,64,98.38596000000001,78.92583333333333
57,65,22.758490000000002,25.461333333333336
57,66,28.007740000000002,30.613166666666665
57,67,40.40613,35.823
57,68,68.7962,69.46283333333334
57,69,76.4587,69.484
57,70,56.164199999999994,46.1355
57,71,94.88599,107.61333333333333
57,72,112.5468,89.17216666666667
57,73,16.78617,14.4505
57,74,77.07345,78.9225
57,75,76.49141,79.15650000000001
57,76,101.63225,83.55866666666667
57,77,31.91592,34.549499999999995
57,78,41.08321,36.6905
57,79,89.09187,94.73266666666667
57,80,56.81647,67.693
57,81,127.3689,97.50483333333334
57,82,72.26088,61.71366666666667
57,83,36.13077,28.792666666666666
57,84,71.6242,78.77816666666666
57,85,106.92394999999999,90.69816666666667
57,86,158.28913,113.62916666666666
57,87,87.51845,65.26316666666666
57,88,61.36612,43.55166666666666
57,89,128.89899,93.139
57,90,24.33061,26.125166666666665
57,91,108.75705,85.00150000000001
57,92,94.90041000000001,75.20666666666666
57,93,91.21068,95.9285
57,94,110.85273,85.60533333333333
57,95,91.80080000000001,71.43866666666666
57,96,38.72307,38.191833333333335
57,97,69.26101,63.283166666666666
57,98,94.30961,76.54766666666666
57,99,104.835,81.1645
57,100,66.02846000000001,65.49466666666666
57,101,96.23616,78.3915
57,102,134.78567,104.643
57,103,62.18122,50.28616666666667
57,104,106.40486,86.77816666666666
57,105,74.12741,74.65133333333333
57,106,77.18914,69.95716666666667
57,107,62.12952,56.61016666666667
57,108,86.3222,72.04433333333333
57,109,81.97184,64.16983333333333
57,110,83.01312,64.7915
57,111,83.45389,63.95633333333333
57,112,85.85232,68.74583333333334
57,113,86.29388,72.51916666666666
57,114,78.79593,59.48800000000001
57,115,80.3048,59.911500000000004
57,116,80.72086,60.532000000000004
57,117,89.86855,72.58200000000001
57,118,146.85752,106.24266666666668
57,119,155.04625,124.62283333333333
57,120,182.81428,125.6625
57,121,79.05377,65.86116666666666
57,122,178.09567,121.89916666666666
58,0,53.60422,44.49766666666667
58,1,64.8399,55.42666666666666
58,2,59.02554,57.666333333333334
58,3,128.31663,102.3575
58,4,183.56797,166.48083333333335
58,5,84.06965,73.18683333333334
58,6,59.07508,56.763000000000005
58,7,85.64345,77.96683333333334
58,8,113.00991,91.22916666666667
58,9,79.49425,71.33183333333334
58,10,112.87689999999999,108.6895
58,11,133.00491,109.01233333333333
58,12,70.67845,70.23283333333333
58,13,75.90997,73.49783333333333
58,14,93.67913,80.88366666666667
58,15,104.22816999999999,94.77766666666666
58,16,162.20566,132.12800000000001
58,17,85.40032000000001,73.71900000000001
58,18,82.61634,72.67683333333333
58,19,71.73581,66.88983333333333
58,20,97.79156,81.84883333333333
58,21,96.79522999999999,85.39233333333333
58,22,16.0433,22.176166666666667
58,23,72.12828999999999,64.75933333333333
58,24,129.05237,90.94133333333333
58,25,105.93719999999999,89.8265
58,26,143.35088000000002,103.10566666666666
58,27,95.35395,68.846
58,28,98.09296,78.79266666666668
58,29,154.32829999999998,124.354
58,30,108.7003,100.584
58,31,72.18638,68.47716666666666
58,32,68.59121,60.69883333333333
58,33,100.74116000000001,81.06400000000001
58,34,138.0925,116.097
58,35,152.38502,140.12233333333333
58,36,148.03772,125.19866666666667
58,37,64.60336,62.33983333333333
58,38,70.1306,78.5545
58,39,63.722559999999994,58.34133333333333
58,40,139.08458,117.22399999999999
58,41,9.69303,10.959
58,42,50.17464,44.14
58,43,148.32369,99.15516666666667
58,44,79.97551,70.38550000000001
58,45,140.30117,111.38316666666667
58,46,126.04195,89.20666666666666
58,47,104.09230000000001,83.3665
58,48,70.53238999999999,63.1015
58,49,92.14997,78.82816666666666
58,50,136.98814000000002,109.68633333333334
58,51,73.85534,68.256
58,52,184.59214,166.7715
58,53,86.91126,73.76216666666666
58,54,148.72489000000002,115.94966666666666
58,55,93.05558,75.96566666666666
58,56,88.90411999999999,90.35466666666666
58,57,143.66847,103.66233333333334
58,58,0.0,0.0
58,59,147.41456,114.00966666666666
58,60,119.60485,94.73933333333333
58,61,132.04227,89.1005
58,62,132.17479999999998,115.85866666666668
58,63,80.77311,67.25416666666666
58,64,71.25152,63.343333333333334
58,65,92.12217,87.89200000000001
58,66,143.02138,116.68083333333334
58,67,139.01257999999999,112.452
58,68,51.93918,49.24216666666667
58,69,55.33086,60.663333333333334
58,70,79.20636,78.13550000000001
58,71,166.80429999999998,152.05016666666668
58,72,87.23207000000001,80.21366666666667
58,73,117.63697,96.631
58,74,38.554919999999996,36.664
58,75,35.57829,33.8405
58,76,69.63594,67.69983333333333
58,77,82.6605,78.056
58,78,139.68966,113.3195
58,79,137.69761,123.54433333333333
58,80,136.65760999999998,112.3125
58,81,104.38878,86.39566666666666
58,82,99.5963,92.46483333333335
58,83,99.05179,85.69233333333334
58,84,143.5425,123.21516666666666
58,85,66.72004,67.11449999999999
58,86,140.92025,107.9675
58,87,80.2817,69.944
58,88,159.97256,120.18066666666667
58,89,111.53013,87.47733333333333
58,90,139.29497,111.07933333333334
58,91,79.46188000000001,76.51533333333333
58,92,68.33038,59.7315
58,93,163.12898,140.36533333333333
58,94,87.87262,74.49616666666667
58,95,74.43194,65.777
58,96,137.59748000000002,115.67433333333334
58,97,105.76648,85.78433333333334
58,98,68.62898,61.49916666666666
58,99,81.85488000000001,70.05533333333332
58,100,45.02373,42.16166666666666
58,101,76.9263,70.731
58,102,111.80556,93.53383333333333
58,103,102.2508,103.34833333333333
58,104,83.42474,75.66916666666665
58,105,115.01639,101.44033333333333
58,106,102.17983,85.98283333333333
58,107,85.70952,72.38766666666668
58,108,67.32719999999999,61.899833333333326
58,109,69.84069000000001,62.83083333333333
58,110,66.14267,56.335
58,111,66.04013,55.26933333333333
58,112,62.81093,51.305166666666665
58,113,66.85547,58.4625
58,114,70.16113,60.18733333333333
58,115,73.06806,64.59216666666667
58,116,68.18766000000001,59.991
58,117,63.251949999999994,52.12983333333333
58,118,255.02053,167.92866666666666
58,119,45.546690000000005,35.892833333333336
58,120,281.42071999999996,202.29149999999998
58,121,197.70703,129.0625
58,122,155.11556,110.79016666666666
59,0,124.70311,81.20316666666666
59,1,122.82378,86.68900000000001
59,2,105.81022999999999,72.77
59,3,19.82112,15.973666666666666
59,4,160.22841,157.42783333333333
59,5,138.58748,103.57950000000001
59,6,102.76823,66.6875
59,7,131.86377,94.94816666666667
59,8,114.93884,99.01316666666666
59,9,125.48058999999999,92.36666666666666
59,10,60.638220000000004,53.23166666666667
59,11,185.58204999999998,134.3355
59,12,139.98169000000001,104.986
59,13,73.22649,47.6885
59,14,148.19697,111.27616666666667
59,15,156.80531,120.10083333333334
59,16,16.418830000000003,24.17716666666667
59,17,139.91816,104.11149999999999
59,18,137.13417,103.06933333333333
59,19,128.38711999999998,97.49116666666667
59,20,135.71292000000003,95.693
59,21,138.89994000000002,103.19883333333334
59,22,125.26988,99.33216666666667
59,23,125.50759,91.731
59,24,81.49488000000001,68.23733333333332
59,25,143.85856,103.67083333333333
59,26,59.23366,69.77633333333333
59,27,91.41548,74.958
59,28,152.61079999999998,109.18533333333333
59,29,8.541459999999999,16.403166666666667
59,30,150.805,118.39066666666666
59,31,127.79841,96.41683333333334
59,32,124.1343,91.54316666666666
59,33,155.259,111.4565
59,34,190.66966,141.42016666666666
59,35,144.95575,139.33599999999998
59,36,124.69816,116.1455
59,37,135.70225,99.04549999999999
59,38,89.68565,74.81750000000001
59,39,86.96686,72.40583333333333
59,40,42.00763,40.714166666666664
59,41,148.80614000000003,111.00883333333333
59,42,119.71983999999999,77.409
59,43,45.64318,51.155
59,44,134.49334,100.77816666666666
59,45,7.855689999999999,11.858666666666666
59,46,67.12353999999999,51.516
59,47,156.66945,108.6895
59,48,127.41031,94.34683333333334
59,49,144.72710999999998,104.15116666666667
59,50,14.30839,17.43616666666667
59,51,128.37317,98.64866666666667
59,52,161.25259,157.71833333333333
59,53,139.48841000000002,99.08516666666667
59,54,13.79684,14.119166666666667
59,55,147.57342,106.35816666666666
59,56,160.003,127.06033333333333
59,57,48.83271,36.399499999999996
59,58,149.48959,113.64383333333333
59,59,0.0,0.0
59,60,96.2653,85.68616666666667
59,61,59.3107,59.69383333333334
59,62,184.75195000000002,141.18166666666667
59,63,98.54916,66.68066666666667
59,64,128.12945,94.58866666666667
59,65,70.01105,50.50233333333333
59,66,20.061169999999997,23.47716666666667
59,67,32.199709999999996,32.637166666666666
59,68,103.32705,78.4165
59,69,90.84688,74.7165
59,70,70.55238,51.368
59,71,113.85134,129.86916666666667
59,72,147.75509,108.8335
59,73,31.18594,23.386000000000003
59,74,111.60430000000001,87.876
59,75,111.02227,88.11016666666666
59,76,131.37573,99.22166666666666
59,77,68.93525,45.60616666666667
59,78,12.39213,19.488999999999997
59,79,137.67063000000002,130.11633333333333
59,80,81.64808000000001,90.08366666666667
59,81,158.90660999999997,116.78816666666667
59,82,86.64905,66.94616666666667
59,83,50.51894,34.025166666666664
59,84,92.06965,103.3425
59,85,137.81892000000002,103.82016666666667
59,86,193.49741,133.2905
59,87,126.50201,86.92533333333334
59,88,14.18574,12.229999999999999
59,89,164.10728,112.80033333333334
59,90,20.55327,23.3465
59,91,143.96533,104.66283333333334
59,92,125.20831,90.97683333333333
59,93,139.78944,131.31233333333333
59,94,142.39045000000002,104.88883333333334
59,95,127.00909,91.10016666666667
59,96,51.94814,43.401500000000006
59,97,117.83977,98.667
59,98,125.50691,92.74466666666667
59,99,136.37272000000002,100.44800000000001
59,100,100.55931,74.44816666666667
59,101,131.44445000000002,98.05283333333334
59,102,166.32339000000002,123.9265
59,103,76.56939999999999,55.51883333333333
59,104,137.94258,106.06166666666667
59,105,122.70617,110.03500000000001
59,106,140.10119,99.82716666666667
59,107,100.65959,71.20633333333333
59,108,121.05366000000001,88.70533333333333
59,109,118.3627,81.68783333333334
59,110,116.99462,77.882
59,111,116.05227000000001,76.07316666666667
59,112,117.73710000000001,80.31483333333334
59,113,120.69547999999999,86.837
59,114,113.86458,73.25500000000001
59,115,119.28837,81.5735
59,116,115.90658,75.99766666666666
59,117,123.45584,83.34066666666666
59,118,99.67713,74.921
59,119,189.57710999999998,133.57633333333334
59,120,135.63391000000001,94.34083333333334
59,121,89.09003,71.43766666666667
59,122,209.63339000000002,141.18266666666665
60,0,70.33419,58.967333333333336
60,1,63.23371,61.4815
60,2,64.13548,59.19233333333333
60,3,77.088,74.53116666666666
60,4,64.18786,73.08366666666667
60,5,81.90616,71.316
60,6,58.63233,55.09
60,7,50.59006,59.02433333333333
60,8,14.811969999999999,17.413666666666664
60,9,64.03392,58.06816666666667
60,10,94.79097999999999,96.82466666666666
60,11,125.23015,101.694
60,12,83.30036,72.72250000000001
60,13,51.751709999999996,63.96366666666667
60,14,91.51563,79.01266666666668
60,15,96.45341,87.45933333333333
60,16,110.97703,104.30166666666668
60,17,83.23682000000001,71.848
60,18,80.45284,70.80583333333334
60,19,71.70578,65.22766666666666
60,20,38.82201,48.20516666666666
60,21,45.7675,52.833333333333336
60,22,108.7483,82.65966666666667
60,23,65.1557,59.0895
60,24,14.88538,17.895500000000002
60,25,31.65167,36.69566666666666
60,26,47.727160000000005,50.48633333333333
60,27,25.7073,28.939166666666665
60,28,95.92946,76.92183333333334
60,29,103.09966,96.52766666666666
60,30,57.979699999999994,68.43616666666667
60,31,67.44652,63.775333333333336
60,32,67.39438,59.56366666666667
60,33,98.57766000000001,79.193
60,34,130.31775,108.77866666666667
60,35,48.91521,54.99183333333334
60,36,28.657619999999998,31.801333333333332
60,37,78.86155000000001,74.81416666666668
60,38,90.53022999999999,102.376
60,39,96.5263,78.63933333333333
60,40,87.85594999999999,89.39766666666667
60,41,123.50142,90.861
60,42,65.35091,55.17316666666667
60,43,52.69996,46.535666666666664
60,44,77.81201,68.51466666666667
60,45,89.07253,83.557
60,46,30.00526,35.36300000000001
60,47,96.31755,76.048
60,48,72.52321,65.70383333333334
60,49,84.37521000000001,71.50966666666666
60,50,85.75952000000001,81.86
60,51,71.69184,66.38516666666666
60,52,65.21205,73.37433333333334
60,53,55.647220000000004,63.864333333333335
60,54,85.78752,81.10216666666666
60,55,90.89208,74.09466666666667
60,56,103.96441,100.95833333333333
60,57,47.63178,49.818666666666665
60,58,124.18488,93.49616666666667
60,59,96.18594,86.18350000000001
60,60,0.0,0.0
60,61,36.41854,36.48116666666667
60,62,124.40005000000001,108.54033333333334
60,63,47.711940000000006,47.71583333333333
60,64,73.24234,65.94583333333334
60,65,52.05339,59.150666666666666
60,66,76.06897000000001,71.6595
60,67,87.78394999999999,84.62583333333333
60,68,84.74291000000001,69.54033333333334
60,69,108.77002,90.03266666666667
60,70,71.39695,78.92666666666668
60,71,50.880849999999995,59.334666666666664
60,72,87.40319000000001,76.19216666666667
60,73,64.16399,63.25333333333333
60,74,86.23828999999999,68.66283333333334
60,75,92.33966000000001,78.6805
60,76,76.48864,70.57866666666668
60,77,54.375029999999995,61.024
60,78,88.46102,85.49333333333334
60,79,41.63008,45.772333333333336
60,80,18.11682,22.459166666666665
60,81,102.22528,84.52466666666666
60,82,103.71838000000001,108.65033333333334
60,83,66.66302,74.00233333333334
60,84,24.22166,32.446666666666665
60,85,81.78034,77.71816666666668
60,86,133.1455,100.64916666666666
60,87,62.37483,52.283166666666666
60,88,108.74394000000001,92.3545
60,89,103.75538,80.159
60,90,74.89114,71.00683333333333
60,91,83.61344,72.0215
60,92,69.7568,62.22666666666667
60,93,43.74889,46.96816666666667
60,94,85.70912,72.62533333333334
60,95,66.65719,58.458666666666666
60,96,86.1009,86.99466666666667
60,97,25.63918,31.664166666666667
60,98,69.16599000000001,63.56766666666667
60,99,79.69138000000001,68.1845
60,100,76.71782,61.107
60,101,71.09255,65.4115
60,102,109.64206,91.663
60,103,93.63871,97.22283333333333
60,104,81.26124,73.79816666666667
60,105,22.07197,27.802666666666667
60,106,38.264900000000004,44.227
60,107,37.98382,44.76533333333334
60,108,61.17859,59.064166666666665
60,109,56.82821,51.18983333333333
60,110,57.8695,51.8115
60,111,58.31028,50.97616666666667
60,112,60.7087,55.76583333333333
60,113,61.15026,59.539
60,114,53.65232,46.508
60,115,55.161190000000005,46.931333333333335
60,116,55.577239999999996,47.552
60,117,64.72493,59.60183333333334
60,118,194.23532999999998,155.0455
60,119,164.27239,113.4285
60,120,230.19210999999999,174.46533333333335
60,121,102.08330000000001,76.443
60,122,152.95206,108.91916666666665
61,0,83.16363,54.265499999999996
61,1,76.06316000000001,56.77966666666667
61,2,76.96493,54.4905
61,3,53.46142,53.37733333333333
61,4,99.73944,107.31433333333332
61,5,94.7356,66.61416666666666
61,6,71.46178,50.388000000000005
61,7,80.56602000000001,55.604166666666664
61,8,54.045910000000006,45.94766666666667
61,9,76.86336999999999,53.36633333333334
61,10,79.92216,78.32600000000001
61,11,138.05959,96.99216666666666
61,12,96.1298,68.02066666666666
61,13,57.194230000000005,55.11466666666667
61,14,104.34508,74.31083333333332
61,15,109.28286,82.7575
61,16,69.70459,72.88416666666667
61,17,96.06627,67.14616666666667
61,18,93.28228999999999,66.104
61,19,84.53523,60.52583333333334
61,20,60.4867,48.141333333333336
61,21,74.1127,63.60616666666667
61,22,121.57774,77.95783333333334
61,23,77.98514,54.38766666666667
61,24,21.00592,18.123833333333334
61,25,68.63234,56.119
61,26,10.027059999999999,14.594666666666665
61,27,37.53882,23.10216666666667
61,28,108.75891,72.22
61,29,62.565889999999996,68.77783333333333
61,30,99.50727,79.04666666666667
61,31,80.27596000000001,59.073499999999996
61,32,80.22383,54.86183333333334
61,33,111.4071,74.49116666666667
61,34,143.1472,104.07683333333333
61,35,84.46678,89.22250000000001
61,36,64.20919,66.032
61,37,91.691,70.11233333333332
61,38,85.05213,88.984
61,39,109.35575,73.9375
61,40,70.97155000000001,70.32199999999999
61,41,136.33088,86.15916666666666
61,42,78.18036000000001,50.471333333333334
61,43,16.81841,14.371
61,44,90.64144999999999,63.81283333333333
61,45,52.37294,55.684
61,46,19.20895,18.053333333333335
61,47,109.147,71.34616666666668
61,48,85.35266,61.001999999999995
61,49,97.20466,66.80783333333333
61,50,62.28497,61.336999999999996
61,51,84.52128,61.68333333333333
61,52,100.76363,107.605
61,53,91.96594999999999,61.74183333333334
61,54,49.90597,48.9375
61,55,103.72152,69.39283333333333
61,56,116.79386,96.2565
61,57,36.83547,32.508833333333335
61,58,137.01433,88.79416666666665
61,59,59.56226,61.95399999999999
61,60,35.77632,35.57283333333333
61,61,0.0,0.0
61,62,137.2295,103.83850000000001
61,63,60.54138,43.01383333333333
61,64,86.07179,61.243833333333335
61,65,41.25708,41.841
61,66,40.187419999999996,39.49483333333333
61,67,70.89955,65.55
61,68,97.57236,64.8385
61,69,121.59947,85.33083333333335
61,70,65.91885,65.53450000000001
61,71,66.45964,85.34666666666666
61,72,100.23263,71.49033333333334
61,73,49.033139999999996,44.492
61,74,99.06773,63.961
61,75,105.1691,73.97866666666667
61,76,89.31809,65.87683333333334
61,77,47.55066,49.53666666666666
61,78,61.05811,64.93466666666667
61,79,77.18164999999999,80.003
61,80,34.25638,45.561166666666665
61,81,115.05472999999999,79.82283333333334
61,82,92.92207,91.3405
61,83,55.86672,56.69266666666667
61,84,44.677949999999996,58.82
61,85,94.60978999999999,73.01633333333332
61,86,145.97495,95.94733333333333
61,87,75.20427000000001,47.58133333333333
61,88,72.12027,68.125
61,89,116.58482000000001,75.45700000000001
61,90,39.009589999999996,38.84216666666667
61,91,96.44288,67.31966666666666
61,92,82.58624,57.524833333333326
61,93,79.30046,81.19883333333334
61,94,98.53856,67.92333333333333
61,95,79.48663,53.75683333333333
61,96,71.23208,68.49600000000001
61,97,56.946839999999995,45.60133333333333
61,98,81.99544,58.86583333333333
61,99,92.52083,63.48266666666667
61,100,89.54727,56.405166666666666
61,101,83.92199000000001,60.709500000000006
61,102,122.47151,86.96116666666667
61,103,82.84241,79.91316666666667
61,104,94.09069000000001,69.09633333333333
61,105,61.81324,56.96933333333333
61,106,64.87497,52.275333333333336
61,107,49.81534,38.92833333333333
61,108,74.00803,54.36233333333333
61,109,69.65766,46.48800000000001
61,110,70.69895,47.10966666666666
61,111,71.13973,46.27433333333333
61,112,73.53814999999999,51.064
61,113,73.9797,54.83716666666667
61,114,66.48177,41.80616666666666
61,115,67.99063000000001,42.2295
61,116,68.40669,42.850166666666674
61,117,77.55438000000001,54.9
61,118,157.61166,130.816
61,119,177.10184,108.72666666666667
61,120,193.56842,150.23583333333332
61,121,66.20176,44.2785
61,122,165.7815,104.21733333333333
62,0,81.52801,76.51283333333335
62,1,71.13717,69.28616666666667
62,2,88.86789,89.66900000000001
62,3,166.40548,129.9925
62,4,160.77155,147.265
62,5,44.21547,62.134
62,6,84.55225999999999,87.25666666666666
62,7,67.87384,68.27066666666666
62,8,94.86883999999999,101.11933333333333
62,9,60.00179,58.70783333333333
62,10,169.06078,152.916
62,11,68.13248,70.44866666666667
62,12,81.38872,74.34766666666665
62,13,113.99882000000001,101.13283333333334
62,14,52.60776,73.29416666666665
62,15,21.977349999999998,35.184999999999995
62,16,200.29451999999998,159.763
62,17,45.74571,66.49433333333333
62,18,52.32065,71.50466666666667
62,19,69.79414999999999,66.85283333333334
62,20,80.56666,81.61116666666666
62,21,63.28483,64.63416666666667
62,22,119.94211,100.20516666666667
62,23,63.00705,60.208
62,24,135.14983999999998,108.507
62,25,78.44533,82.49466666666667
62,26,149.44835999999998,120.67133333333332
62,27,101.45142,86.41149999999999
62,28,50.1312,65.23216666666666
62,29,192.41714000000002,151.98883333333333
62,30,75.1899,79.82600000000001
62,31,65.29787999999999,64.89383333333333
62,32,65.48275,61.188833333333335
62,33,46.35696,60.00216666666667
62,34,33.50467,46.977666666666664
62,35,109.43538000000001,128.4185
62,36,124.96083999999999,131.29466666666667
62,37,76.94991999999999,76.43916666666668
62,38,151.92423000000002,137.82083333333333
62,39,121.25871000000001,109.116
62,40,177.17342000000002,144.859
62,41,134.69523,108.40650000000001
62,42,81.32092999999999,82.23383333333332
62,43,154.42116000000001,116.72066666666666
62,44,48.43588,69.08216666666667
62,45,178.39002,139.01816666666667
62,46,132.13942,106.77233333333334
62,47,29.46511,35.55316666666667
62,48,70.61157,67.329
62,49,33.90319,50.319833333333335
62,50,175.077,137.32133333333334
62,51,69.7802,68.01016666666666
62,52,149.14347,133.46316666666667
62,53,53.400870000000005,53.004
62,54,186.81375,143.5845
62,55,44.90798,61.76016666666667
62,56,102.05278,102.5835
62,57,149.76594,121.22783333333334
62,58,135.37869,111.04166666666667
62,59,185.50342,141.64466666666667
62,60,125.70232,112.30483333333333
62,61,138.13973000000001,106.666
62,62,0.0,0.0
62,63,98.74548,91.1555
62,64,71.33071000000001,67.57083333333334
62,65,130.21102,115.527
62,66,177.79017000000002,141.8445
62,67,177.10144,140.087
62,68,109.47533,100.01683333333334
62,69,133.50244,120.50933333333334
62,70,132.79095,114.37133333333333
62,71,147.18406,158.828
62,72,46.553580000000004,64.00416666666666
62,73,155.72581,124.266
62,74,97.4321,86.20833333333333
62,75,114.55969,102.85333333333332
62,76,74.577,72.20366666666668
62,77,120.74933999999999,105.691
62,78,177.7785,140.9545
62,79,108.88844999999999,114.41066666666667
62,80,142.75508,129.87816666666666
62,81,56.42702,72.83500000000001
62,82,162.41325,146.1035
62,83,137.14064000000002,113.32733333333334
62,84,149.63998,140.78066666666666
62,85,79.8687,79.34333333333333
62,86,76.04783,69.40383333333332
62,87,68.46654,67.41766666666666
62,88,198.06142000000003,147.8156666666667
62,89,44.69525,46.598
62,90,177.38381,138.71433333333334
62,91,63.681059999999995,61.66
62,92,67.84516,63.85166666666667
62,93,140.05211,146.4615
62,94,41.77307,59.216833333333334
62,95,58.72486,55.34766666666667
62,96,175.68633,143.3093333333333
62,97,91.35724,96.6795
62,98,67.25435,65.19283333333334
62,99,47.21036,67.32716666666667
62,100,101.45022999999999,91.5835
62,101,64.0052,63.07366666666667
62,102,60.87691,78.727
62,103,154.00733,136.70850000000002
62,104,48.51143,69.41016666666665
62,105,90.22972,98.48416666666667
62,106,72.23998,74.37216666666667
62,107,99.08935000000001,92.21916666666667
62,108,67.71169,66.07066666666667
62,109,66.57096,62.70133333333333
62,110,71.18628,70.28966666666666
62,111,72.14778,73.77233333333334
62,112,71.39043,68.3675
62,113,67.35803,64.02333333333334
62,114,75.94630000000001,72.69183333333334
62,115,70.34307000000001,65.95083333333334
62,116,68.934,67.7365
62,117,75.54678,74.22333333333333
62,118,283.55281,210.50666666666666
62,119,175.46620000000001,130.974
62,120,319.50959,229.9265
62,121,203.8045,146.62800000000001
62,122,99.04396000000001,94.0985
63,0,31.28859,31.789166666666667
63,1,29.40926,37.275
63,2,14.177700000000002,23.886666666666667
63,3,79.89876,56.085166666666666
63,4,111.96235,120.83633333333334
63,5,55.53436,52.253166666666665
63,6,11.13571,17.804166666666667
63,7,41.36479,41.24333333333333
63,8,41.404300000000006,45.584500000000006
63,9,37.66213,39.00533333333333
63,10,82.55405,79.00866666666667
63,11,98.85836,82.63116666666666
63,12,56.92856,53.659666666666666
63,13,27.492099999999997,27.2255
63,14,65.14384,59.94983333333333
63,15,70.08162,68.3965
63,16,113.78778999999999,85.85566666666666
63,17,56.86503,52.785333333333334
63,18,54.081050000000005,51.74316666666667
63,19,45.33399,46.164833333333334
63,20,26.18942,35.59983333333333
63,21,48.40096,49.494
63,22,69.7027,55.4815
63,23,38.7839,40.026666666666664
63,24,57.446760000000005,45.29683333333333
63,25,34.33506,43.5775
63,26,71.74527,57.461
63,27,17.8429,21.39466666666667
63,28,69.55766,57.859
63,29,105.91042,78.08166666666666
63,30,60.30603,64.68566666666666
63,31,41.07472,44.7125
63,32,41.022589999999994,40.501
63,33,72.20586999999999,60.13016666666667
63,34,103.94595,89.71583333333334
63,35,80.78288,93.87333333333332
63,36,76.43211,79.554
63,37,42.28773,49.631499999999996
63,38,65.41751000000001,63.9135
63,39,41.29575,48.973
63,40,90.66669999999999,70.95166666666667
63,41,84.45583,63.68283333333333
63,42,26.30532,27.995
63,43,76.71808,53.5105
63,44,51.44021,49.45183333333333
63,45,91.88328999999999,65.11083333333333
63,46,54.436339999999994,43.56216666666667
63,47,69.94575999999999,56.98516666666667
63,48,33.9958,44.93283333333333
63,49,58.00342,52.447
63,50,88.57027000000001,63.414
63,51,45.32004,47.32233333333333
63,52,112.98653999999999,121.12683333333332
63,53,52.76471,47.381
63,54,100.30702000000001,69.67716666666666
63,55,64.52029,55.03183333333333
63,56,66.58847999999999,77.64616666666667
63,57,72.06286,58.01766666666666
63,58,85.13928,66.31783333333334
63,59,98.9967,67.73733333333332
63,60,47.99924,49.09466666666666
63,61,60.43666,43.45583333333333
63,62,98.02825,89.47749999999999
63,63,0.0,0.0
63,64,34.71493,45.17466666666667
63,65,43.7043,41.61966666666667
63,66,94.6035,70.4085
63,67,90.59471,66.17966666666668
63,68,45.69732,42.361999999999995
63,69,53.846489999999996,62.59066666666667
63,70,46.28423,40.464000000000006
63,71,95.1987,106.4055
63,72,61.03139,57.129333333333335
63,73,69.21909,50.358666666666664
63,74,47.19269,41.484500000000004
63,75,53.294059999999995,51.50233333333333
63,76,37.961220000000004,49.8075
63,77,34.24262,31.783666666666665
63,78,91.27177999999999,67.04716666666667
63,79,66.09547,77.29516666666667
63,80,65.052,66.66783333333333
63,81,75.85347999999999,65.462
63,82,75.90653,72.19616666666667
63,83,50.63391,39.419999999999995
63,84,71.9369,77.5705
63,85,44.404410000000006,54.406
63,86,106.77371000000001,81.58633333333334
63,87,36.003029999999995,33.2205
63,88,111.5547,73.90833333333333
63,89,77.38358,61.09616666666667
63,90,90.87709,64.807
63,91,57.24164,52.958666666666666
63,92,31.79379,41.56283333333333
63,93,91.52338,94.72083333333333
63,94,59.33732,53.5625
63,95,40.28539,39.395833333333336
63,96,89.17961,69.402
63,97,34.16088,40.13966666666667
63,98,32.09239,43.3305
63,99,53.31959,49.12166666666667
63,100,37.67222,33.928666666666665
63,101,44.72075,46.34866666666667
63,102,83.27027000000001,72.60016666666667
63,103,67.5006,62.80116666666667
63,104,54.88945,54.7355
63,105,43.41079,55.79566666666666
63,106,30.577689999999997,39.73383333333334
63,107,4.21038,10.905666666666667
63,108,27.63915,39.291333333333334
63,109,30.456419999999998,32.126999999999995
63,110,23.580099999999998,28.46783333333333
63,111,22.63775,26.659166666666668
63,112,24.32259,30.900666666666666
63,113,27.28096,37.423
63,114,20.45006,23.840833333333332
63,115,28.78939,27.868666666666666
63,116,22.492060000000002,26.583666666666666
63,117,30.04132,33.9265
63,118,197.04609,136.5993333333333
63,119,125.2268,86.25033333333334
63,120,233.00286,156.01916666666665
63,121,126.10142,83.41783333333333
63,122,126.58027,89.85633333333334
64,0,20.2425,22.434
64,1,9.85167,15.207333333333334
64,2,27.58239,35.59016666666666
64,3,111.36434,79.74966666666666
64,4,115.94411,128.90066666666667
64,5,14.59717,19.235166666666665
64,6,27.63193,34.68683333333333
64,7,26.557380000000002,32.51616666666667
64,8,62.430150000000005,64.99116666666666
64,9,18.86915,23.21216666666667
64,10,114.01965,102.67333333333333
64,11,72.3798,60.892833333333336
64,12,7.62848,12.235666666666667
64,13,58.95769,50.890166666666666
64,14,24.20665,26.932000000000002
64,15,37.792449999999995,44.031
64,16,145.25338,109.52016666666667
64,17,15.92784,19.767333333333333
64,18,9.68087,15.452833333333333
64,19,3.63152,7.183833333333333
64,20,33.29575,38.68683333333333
64,21,36.170120000000004,37.272666666666666
64,22,58.65661,46.126333333333335
64,23,11.50319,16.639833333333332
64,24,78.47261,64.7035
64,25,43.69137,50.51566666666667
64,26,92.77113,76.86766666666668
64,27,44.774190000000004,42.608
64,28,28.62048,24.841
64,29,137.37601999999998,101.74616666666667
64,30,48.07519,52.4645
64,31,8.56727,17.152833333333334
64,32,7.6464,11.380166666666666
64,33,31.26868,27.112333333333332
64,34,77.4674,67.9775
64,35,90.13918,100.81133333333334
64,36,97.45795,98.96066666666667
64,37,7.6833,15.4215
64,38,87.01668,84.32166666666667
64,39,59.97321,55.037166666666664
64,40,122.13229,94.61616666666667
64,41,73.40973,54.327666666666666
64,42,20.03543,28.154999999999998
64,43,97.74392,72.91716666666666
64,44,10.50303,16.433833333333332
64,45,123.34888000000001,88.77533333333334
64,46,75.46219,62.968833333333336
64,47,43.4672,35.246833333333335
64,48,6.52666,11.853166666666668
64,49,31.52486,30.7085
64,50,120.03586,87.0785
64,51,6.34452,15.616833333333334
64,52,153.39079999999998,123.90733333333333
64,53,26.286150000000003,25.6425
64,54,131.77261,93.34183333333334
64,55,23.583099999999998,22.01383333333333
64,56,32.35358,39.992
64,57,93.0887,77.42433333333334
64,58,74.0932,56.96266666666667
64,59,130.46228,91.40183333333333
64,60,69.02508999999999,68.50133333333333
64,61,81.4625,62.8625
64,62,71.5497,67.73916666666666
64,63,37.556110000000004,42.25483333333333
64,64,0.0,0.0
64,65,75.16989,65.28416666666666
64,66,126.06909,94.07300000000001
64,67,122.0603,89.84416666666667
64,68,48.18983,45.938
64,69,72.21694000000001,66.4305
64,70,77.74982000000001,64.1285
64,71,116.22455000000001,125.81216666666666
64,72,17.75959,26.262
64,73,100.68467999999999,74.02316666666667
64,74,36.1466,32.1295
64,75,53.27418,48.774499999999996
64,76,3.6315999999999997,7.839833333333333
64,77,65.70821000000001,55.448166666666665
64,78,122.73737,90.71166666666666
64,79,75.45178,84.23333333333333
64,80,86.07784,86.07466666666666
64,81,34.9163,32.444
64,82,107.37212,95.86066666666667
64,83,82.0995,63.084500000000006
64,84,92.96275,96.97716666666666
64,85,10.1695,16.751833333333334
64,86,80.29516000000001,59.848
64,87,21.19563,24.493333333333332
64,88,143.02027999999999,97.57283333333334
64,89,50.90501999999999,39.35766666666667
64,90,122.34267999999999,88.4715
64,91,11.91575,22.610666666666667
64,92,6.355899999999999,8.894166666666667
64,93,112.54923,114.1275
64,94,18.40014,20.544500000000003
64,95,13.80684,17.657500000000002
64,96,120.6452,93.06666666666666
64,97,48.701339999999995,54.693
64,98,6.37401,10.787333333333333
64,99,12.3824,16.103666666666665
64,100,40.164730000000006,37.50466666666667
64,101,9.49602,18.824
64,102,42.33308,39.582166666666666
64,103,98.96619,86.46566666666666
64,104,13.95226,21.717499999999998
64,105,54.31875,65.7285
64,106,37.68402,42.82083333333333
64,107,42.49253,47.388333333333335
64,108,10.217030000000001,17.1255
64,109,14.96709,19.595333333333333
64,110,11.34319,16.651500000000002
64,111,13.60753,20.840666666666667
64,112,10.10493,14.288666666666668
64,113,8.80793,13.569166666666666
64,114,17.065810000000003,27.817833333333333
64,115,17.06718,22.750666666666667
64,116,13.38817,20.3075
64,117,14.261280000000001,20.1445
64,118,228.51167,160.26383333333334
64,119,114.1807,76.89516666666667
64,120,264.46844,179.68383333333335
64,121,147.12726999999998,102.8245
64,122,85.64308,56.838499999999996
65,0,68.66852,53.849000000000004
65,1,66.78919,59.334666666666664
65,2,49.77563,45.41566666666667
65,3,45.94999,39.463166666666666
65,4,115.69716,129.58983333333333
65,5,82.5529,76.22516666666667
65,6,46.73364,39.33316666666666
65,7,71.54754,65.83183333333334
65,8,45.62633,53.95816666666666
65,9,67.84488,63.594
65,10,58.93019,62.07966666666667
65,11,129.54745,106.98116666666667
65,12,83.9471,77.63183333333333
65,13,17.1919,20.334333333333333
65,14,92.16238,83.92183333333334
65,15,100.77072,92.7465
65,16,79.83902,69.23366666666668
65,17,83.88356,76.75733333333332
65,18,81.09958999999999,75.71516666666666
65,19,72.35252,70.13683333333333
65,20,51.86186,58.5415
65,21,65.48785,74.00616666666666
65,22,69.23528,71.97783333333334
65,23,69.473,64.37666666666667
65,24,36.96364,40.39933333333333
65,25,60.0075,66.51916666666666
65,26,51.71984,53.8365
65,27,27.398509999999998,29.586166666666667
65,28,96.5762,81.83099999999999
65,29,71.96166000000001,61.459666666666664
65,30,90.48878,89.27433333333333
65,31,71.76382000000001,69.0625
65,32,68.0997,64.18883333333333
65,33,99.22439999999999,84.10216666666666
65,34,134.63506,114.06583333333333
65,35,100.4245,111.498
65,36,80.16691,88.30749999999999
65,37,79.66765,71.69116666666667
65,38,45.049800000000005,54.20366666666666
65,39,39.56722,46.38583333333334
65,40,56.717940000000006,54.32966666666667
65,41,92.77155,83.65450000000001
65,42,63.68524,50.05466666666667
65,43,40.94032,43.759
65,44,78.45875,73.42383333333333
65,45,57.93452,48.48883333333333
65,46,22.592290000000002,23.678166666666666
65,47,100.63486,81.33516666666667
65,48,71.37572,66.9925
65,49,88.69252,76.79683333333334
65,50,54.6215,46.792
65,51,72.33858000000001,71.29433333333333
65,52,116.72134,129.88033333333334
65,53,83.45381,71.73083333333334
65,54,66.35825,53.05533333333334
65,55,91.53882,79.00383333333333
65,56,103.96841,99.70599999999999
65,57,22.30115,23.297833333333333
65,58,93.45501,86.28966666666666
65,59,65.04793,51.11533333333333
65,60,51.73405,57.848333333333336
65,61,40.41123,39.83133333333333
65,62,128.71735,113.8275
65,63,42.51457,39.32633333333333
65,64,72.09486,67.2345
65,65,0.0,0.0
65,66,49.18638,52.244
65,67,56.64594,49.55766666666667
65,68,47.29246,51.06216666666667
65,69,46.211040000000004,54.102666666666664
65,70,25.916529999999998,30.754166666666666
65,71,98.9335,115.159
65,72,91.72049000000001,81.47916666666667
65,73,35.27032,33.736666666666665
65,74,55.56971,60.52166666666667
65,75,54.98768,60.755833333333335
65,76,75.34115,71.86733333333333
65,77,10.36463,15.275
65,78,57.32302,50.42516666666667
65,79,91.76791,100.23683333333334
65,80,60.863980000000005,75.23883333333333
65,81,102.87202,89.434
65,82,53.95639,57.299499999999995
65,83,16.901049999999998,22.651666666666664
65,84,75.6717,86.324
65,85,81.78434,76.46583333333334
65,86,137.46281,105.93633333333334
65,87,66.18579,57.809
65,88,77.60592999999999,57.28633333333333
65,89,108.07267999999999,85.446
65,90,45.50924,47.756
65,91,87.93074,77.30866666666667
65,92,69.17372,63.62266666666667
65,93,95.25819,103.47433333333333
65,94,86.35586,77.5345
65,95,70.97449,63.74583333333333
65,96,55.23083999999999,52.78
65,97,48.322,56.001333333333335
65,98,69.47232000000001,65.39033333333333
65,99,80.33813,73.09366666666666
65,100,44.52472,47.093833333333336
65,101,75.40986,70.69866666666667
65,102,110.28880000000001,96.57216666666666
65,103,43.87673,45.872
65,104,81.90798,78.7075
65,105,53.393660000000004,64.98
65,106,56.25013,62.67550000000001
65,107,44.625,43.852
65,108,65.01907,61.351
65,109,62.32811,54.3335
65,110,60.96002,50.52766666666666
65,111,60.01768,48.718833333333336
65,112,61.702510000000004,52.9605
65,113,64.66087999999999,59.48283333333333
65,114,57.829980000000006,45.900666666666666
65,115,58.972139999999996,52.457166666666666
65,116,59.87198,48.6435
65,117,67.42124000000001,55.98633333333333
65,118,163.09731,119.97733333333333
65,119,133.54252,106.22216666666667
65,120,199.05409,139.39716666666666
65,121,90.32366,73.66633333333333
65,122,153.59879999999998,113.8285
66,0,115.82652,84.25633333333333
66,1,113.94719,89.74216666666666
66,2,96.93363000000001,75.82316666666667
66,3,18.37396,21.667333333333332
66,4,139.53364000000002,143.08166666666665
66,5,134.52981,102.3815
66,6,93.89164,69.74066666666666
66,7,120.36023,91.3715
66,8,93.84013,81.71499999999999
66,9,116.65758,89.13366666666667
66,10,52.92475,56.30766666666667
66,11,177.85379999999998,132.7595
66,12,135.92401999999998,103.788
66,13,64.3499,50.74166666666667
66,14,144.13927999999999,110.07816666666666
66,15,149.07706,118.52483333333333
66,16,30.199,36.116499999999995
66,17,135.86047,102.91350000000001
66,18,133.0765,101.87133333333333
66,19,124.32944,96.29316666666666
66,20,100.28091,83.90866666666668
66,21,113.9069,99.37333333333332
66,22,116.39328,102.38533333333334
66,23,117.77935000000001,90.155
66,24,60.800129999999996,53.89116666666666
66,25,108.42655,91.88633333333334
66,26,39.85432,49.02633333333333
66,27,77.33302,58.8695
66,28,148.55310999999998,107.98733333333332
66,29,23.060299999999998,32.01016666666666
66,30,139.30147,114.81400000000001
66,31,120.07016,94.84083333333334
66,32,120.01804,90.62916666666666
66,33,151.20131,110.2585
66,34,182.94141,139.84416666666667
66,35,124.26099,124.98983333333334
66,36,104.0034,101.79933333333334
66,37,126.82565,102.09866666666667
66,38,80.80905,77.87066666666666
66,39,78.09027,75.45883333333333
66,40,37.22486,43.674166666666665
66,41,139.92956,114.062
66,42,110.84324000000001,80.46216666666666
66,43,26.263840000000002,30.404999999999998
66,44,130.43566,99.58016666666667
66,45,13.65565,19.776333333333334
66,46,45.29516,44.834833333333336
66,47,148.9412,107.1135
66,48,125.14686,96.76933333333334
66,49,136.99885999999998,102.57516666666668
66,50,19.84699,25.991666666666667
66,51,124.31548,97.45066666666666
66,52,140.55783,143.37216666666666
66,53,131.76016,97.50916666666667
66,54,10.400379999999998,12.169833333333335
66,55,143.51573000000002,105.16016666666665
66,56,151.12641,130.11350000000002
66,57,27.965490000000003,30.7215
66,58,140.61301999999998,116.69699999999999
66,59,20.056669999999997,25.186333333333334
66,60,75.57053,71.34016666666666
66,61,39.93137,38.94383333333334
66,62,177.02370000000002,139.60566666666668
66,63,89.67257000000001,69.73383333333332
66,64,125.866,97.01116666666667
66,65,61.13446,53.5555
66,66,0.0,0.0
66,67,37.15287,38.90233333333333
66,68,94.45046,81.46966666666667
66,69,81.97028999999999,77.76966666666667
66,70,61.675779999999996,54.421166666666664
66,71,94.47201,109.11916666666666
66,72,140.02684,107.2575
66,73,22.14123,22.20583333333333
66,74,102.72771,90.92916666666666
66,75,102.14568,91.16316666666667
66,76,129.11229,101.64416666666666
66,77,60.05866,48.65933333333333
66,78,22.34082,29.026833333333332
66,79,116.97586,115.77033333333334
66,80,62.26875,69.33366666666667
66,81,154.84894,115.59016666666666
66,82,77.77246000000001,69.99933333333334
66,83,41.64235,37.07833333333333
66,84,72.69031,82.5925
66,85,128.94234,106.87316666666668
66,86,185.76916,131.71466666666666
66,87,114.99848,83.34866666666667
66,88,32.61467,31.357333333333333
66,89,156.37903,111.22433333333333
66,90,3.92213,7.132333333333333
66,91,136.23709,103.087
66,92,122.38045,93.292
66,93,119.09467,116.96616666666667
66,94,138.33276999999998,103.69066666666666
66,95,119.28084,89.52416666666666
66,96,44.234660000000005,46.477666666666664
66,97,96.74104,81.36866666666667
66,98,121.78964,94.63316666666667
66,99,132.31503,99.24983333333333
66,100,91.68272999999999,77.50133333333333
66,101,123.7162,96.47683333333333
66,102,162.26572,122.7285
66,103,67.6928,58.57183333333333
66,104,133.88489,104.86366666666666
66,105,101.60745,92.73666666666666
66,106,104.66917,88.04266666666668
66,107,91.783,74.25949999999999
66,108,113.80224000000001,90.12966666666667
66,109,109.45187,82.25533333333333
66,110,108.11802,80.935
66,111,107.17568,79.12633333333333
66,112,108.86052000000001,83.36783333333332
66,113,111.81888000000001,89.89016666666666
66,114,104.98798,76.30799999999999
66,115,107.78484,77.99683333333334
66,116,108.20089999999999,78.6175
66,117,114.57924,86.39366666666666
66,118,118.10606,94.04833333333333
66,119,180.70051999999998,136.6295
66,120,154.06283,113.46816666666668
66,121,77.50067,64.83533333333334
66,122,205.5757,139.98466666666667
67,0,116.17733,80.55633333333334
67,1,114.298,86.04216666666666
67,2,97.28444999999999,72.123
67,3,21.564529999999998,22.281
67,4,151.70263,156.78083333333333
67,5,130.06171,102.93249999999999
67,6,94.24244999999999,66.04066666666667
67,7,123.33798,94.30133333333333
67,8,106.41306,98.36633333333333
67,9,116.9548,91.71983333333333
67,10,22.986099999999997,29.333666666666666
67,11,177.05626999999998,133.6885
67,12,131.45591000000002,104.33916666666667
67,13,64.70071,47.041666666666664
67,14,139.67119,110.62933333333334
67,15,148.27953,119.45383333333332
67,16,38.041,46.502833333333335
67,17,131.39238,103.46466666666667
67,18,128.6084,102.4225
67,19,119.86134,96.84433333333332
67,20,127.18714,95.04616666666668
67,21,130.37416000000002,102.55199999999999
67,22,116.74409,98.68533333333333
67,23,116.98181,91.084
67,24,72.96911,67.59033333333333
67,25,135.33277999999999,103.02383333333334
67,26,70.07774,74.58033333333333
67,27,82.88969999999999,74.31116666666667
67,28,144.08502,108.53833333333334
67,29,35.199169999999995,40.50816666666666
67,30,142.27922,117.74383333333334
67,31,119.27263,95.76983333333332
67,32,115.60852,90.89616666666667
67,33,146.73322,110.80966666666667
67,34,182.14388,140.77316666666667
67,35,136.42997,138.689
67,36,116.17238,115.49849999999999
67,37,127.17646,98.3985
67,38,81.15987,74.17049999999999
67,39,78.44108,71.75883333333333
67,40,5.08878,11.0745
67,41,140.28038,110.36183333333334
67,42,111.19405,76.762
67,43,56.9129,56.853500000000004
67,44,125.96755999999999,100.13116666666666
67,45,25.190080000000002,29.743833333333335
67,46,58.59776,50.869166666666665
67,47,148.14367000000001,108.0425
67,48,118.88453,93.7
67,49,136.20132999999998,103.50416666666666
67,50,17.611720000000002,19.8925
67,51,119.84739,98.00166666666668
67,52,152.72681,157.07150000000001
67,53,130.96263000000002,98.43816666666666
67,54,42.67871,37.457166666666666
67,55,139.04764,105.71116666666667
67,56,151.47722,126.41333333333334
67,57,40.30693,35.75266666666666
67,58,140.96382999999997,112.997
67,59,32.76315,33.5625
67,60,87.73952,85.03933333333333
67,61,70.15478999999999,64.49783333333333
67,62,176.22617000000002,140.53483333333332
67,63,90.02338,66.03366666666666
67,64,119.60367,93.94183333333334
67,65,61.48527,49.855333333333334
67,66,36.63984,37.2825
67,67,0.0,0.0
67,68,94.80127,77.76950000000001
67,69,82.3211,74.06966666666668
67,70,62.02659,50.72116666666667
67,71,125.02678999999999,135.5785
67,72,139.22931,108.18666666666667
67,73,22.68546,22.682166666666667
67,74,103.07852,87.22916666666667
67,75,102.49649000000001,87.46316666666667
67,76,122.84996000000001,98.57466666666666
67,77,60.40947,44.95916666666667
67,78,15.21301,16.685166666666667
67,79,129.14484,129.4695
67,80,92.82353,95.79299999999999
67,81,150.38082999999997,116.14133333333332
67,82,36.07387,45.669
67,83,41.99316,33.37833333333334
67,84,103.24508999999999,109.05183333333333
67,85,129.29315,103.17316666666667
67,86,184.97163,132.64366666666666
67,87,117.97623,86.2785
67,88,21.95977,25.673833333333334
67,89,155.5815,112.1535
67,90,32.91343,31.680999999999997
67,91,135.43956,104.016
67,92,116.68253,90.33
67,93,131.26366000000002,130.66533333333334
67,94,133.86467000000002,104.24183333333333
67,95,118.4833,90.45316666666666
67,96,13.98456,18.103333333333335
67,97,109.31398,98.02
67,98,116.98113000000001,92.09766666666665
67,99,127.84694,99.801
67,100,92.03353999999999,73.80133333333333
67,101,122.91866999999999,97.40599999999999
67,102,157.79761,123.27950000000001
67,103,33.39188,39.42016666666667
67,104,129.4168,105.41483333333333
67,105,114.18039,109.38799999999999
67,106,131.57541,99.18016666666668
67,107,92.13381,70.55933333333334
67,108,112.52789,88.05833333333334
67,109,109.83691999999999,81.04083333333332
67,110,108.46884,77.235
67,111,107.52649000000001,75.42633333333333
67,112,109.21133,79.66783333333333
67,113,112.16969999999999,86.19016666666667
67,114,105.3388,72.60799999999999
67,115,110.76259,80.92666666666668
67,116,107.38080000000001,75.35083333333334
67,117,114.93005000000001,82.69366666666666
67,118,80.14897,78.1975
67,119,181.05132999999998,132.92950000000002
67,120,143.60859,108.31183333333334
67,121,107.72408999999999,90.38916666666667
67,122,201.10761,140.53583333333333
68,0,40.62558,34.40116666666667
68,1,42.861050000000006,40.95133333333333
68,2,26.421770000000002,25.562666666666665
68,3,83.64831,65.76033333333334
68,4,148.19444000000001,139.9025
68,5,60.243339999999996,58.616499999999995
68,6,30.60118,27.59783333333333
68,7,66.30213,54.584833333333336
68,8,77.63639,64.65066666666667
68,9,62.59948,52.34683333333333
68,10,66.21045,73.89916666666666
68,11,109.17859,94.44183333333334
68,12,54.65228,59.46033333333333
68,13,31.24166,36.900666666666666
68,14,69.85282000000001,66.31316666666666
68,15,80.40186,80.20733333333332
68,16,117.53735,95.53083333333333
68,17,61.57401,59.1485
68,18,58.79003,58.10633333333333
68,19,47.9095,52.31933333333333
68,20,62.41804,55.27033333333333
68,21,73.3383,62.8355
68,22,35.88441,37.734833333333334
68,23,48.30198,50.188833333333335
68,24,93.67885000000001,64.363
68,25,70.56369000000001,63.24816666666666
68,26,107.97737,76.52716666666667
68,27,59.98044,42.267500000000005
68,28,74.26665,64.22216666666667
68,29,109.65997999999999,87.75666666666666
68,30,85.24338,78.02716666666667
68,31,47.78814,53.135666666666665
68,32,44.764900000000004,46.12833333333333
68,33,76.91484,66.4935
68,34,114.2662,101.52666666666667
68,35,117.0115,113.54383333333334
68,36,112.6642,98.62016666666666
68,37,51.62471,52.243500000000004
68,38,41.73225,43.905499999999996
68,39,14.688780000000001,14.621
68,40,94.41627,80.62683333333332
68,41,58.28971,47.71116666666667
68,42,30.78004,28.007833333333334
68,43,112.95016,72.57666666666667
68,44,56.1492,55.81516666666666
68,45,95.63285,74.786
68,46,90.66842999999999,62.62833333333333
68,47,80.26599,68.796
68,48,46.70607,48.531
68,49,68.32366,64.25766666666667
68,50,92.31983,73.08916666666667
68,51,50.029019999999996,53.68566666666666
68,52,149.21863000000002,140.193
68,53,63.08495,59.19166666666667
68,54,104.05658,79.35233333333333
68,55,69.22927,61.39516666666667
68,56,75.92547,80.25833333333334
68,57,69.14864999999999,69.25216666666667
68,58,58.97316,50.34616666666667
68,59,102.74625,77.4125
68,60,84.23134,68.16083333333333
68,61,96.66875,62.522000000000006
68,62,108.34848,101.28816666666667
68,63,45.399589999999996,40.675666666666665
68,64,47.42521,48.77283333333333
68,65,47.45386,51.29483333333334
68,66,98.35306,80.08366666666667
68,67,94.34427000000001,75.85483333333333
68,68,0.0,0.0
68,69,26.932509999999997,26.014333333333333
68,70,28.11255,32.478833333333334
68,71,131.43078,125.47166666666666
68,72,63.40576,65.64316666666667
68,73,72.96865,60.033833333333334
68,74,21.08787,24.578333333333333
68,75,18.24147,22.607666666666667
68,76,50.6715,53.40566666666667
68,77,37.99218,41.45883333333334
68,78,95.02134,76.72233333333334
68,79,102.32409,96.96583333333334
68,80,101.28408999999999,85.734
68,81,80.56246,71.82516666666668
68,82,59.56292,67.08666666666666
68,83,54.38347,49.095166666666664
68,84,108.16899000000001,96.63666666666667
68,85,53.7414,57.018166666666666
68,86,117.09394999999999,93.39699999999999
68,87,60.94038,46.562
68,88,115.30425,83.5835
68,89,87.70381,72.90683333333332
68,90,94.62665,74.48216666666667
68,91,53.167190000000005,61.8645
68,92,44.50407,45.160999999999994
68,93,127.75547,113.787
68,94,64.0463,59.925666666666665
68,95,50.60563,51.20666666666667
68,96,92.92916000000001,79.07716666666667
68,97,70.39297,59.20583333333333
68,98,44.80267,46.92883333333334
68,99,58.02857,55.484833333333334
68,100,10.042879999999998,11.1505
68,101,49.908550000000005,56.06716666666667
68,102,87.97925,78.96333333333334
68,103,51.15699,57.69166666666667
68,104,59.59843,61.09866666666667
68,105,79.64288,74.86183333333334
68,106,66.80631,59.404333333333334
68,107,50.33601,45.80916666666667
68,108,41.40479,44.059666666666665
68,109,42.030300000000004,42.326
68,110,37.69272,34.485
68,111,36.60336,32.202
68,112,37.28328,33.711333333333336
68,113,41.55052,41.69733333333333
68,114,40.828489999999995,36.537
68,115,53.72674,41.210166666666666
68,116,39.52311,37.434
68,117,39.3783,36.53866666666667
68,118,200.79564000000002,146.2745
68,119,99.06067999999999,70.27866666666667
68,120,236.75242,165.69433333333333
68,121,162.33352,102.484
68,122,131.28925,96.21966666666667
69,0,64.66401,55.128166666666665
69,1,66.89948,61.67833333333333
69,2,50.4602,46.28966666666667
69,3,70.9902,61.964000000000006
69,4,172.23288,160.62933333333334
69,5,84.28177000000001,79.34333333333333
69,6,54.63961,48.32483333333333
69,7,90.34057000000001,75.31166666666667
69,8,101.67483,85.37766666666667
69,9,86.63791,73.07383333333334
69,10,58.557900000000004,64.85583333333334
69,11,133.21703,115.16883333333334
69,12,78.69072,80.18733333333333
69,13,40.797050000000006,44.21666666666667
69,14,93.89125,87.03999999999999
69,15,104.44028999999999,100.93416666666667
69,16,104.87922999999999,91.7345
69,17,85.61245,79.8755
69,18,82.82846,78.83333333333333
69,19,71.94794,73.04616666666668
69,20,86.45648,75.99733333333333
69,21,97.37674000000001,83.56233333333333
69,22,39.920480000000005,46.81033333333333
69,23,72.34041,70.91583333333332
69,24,117.71728,85.08983333333335
69,25,94.60212,83.975
69,26,132.01579999999998,97.25416666666666
69,27,84.01886999999999,62.9945
69,28,98.30508,84.94916666666667
69,29,97.00186,83.9605
69,30,109.28181,98.75416666666666
69,31,71.82658,73.86266666666667
69,32,68.80333,66.85533333333333
69,33,100.95327999999999,87.22049999999999
69,34,138.30463,122.2535
69,35,141.04994,134.27083333333334
69,36,136.70263,119.347
69,37,75.66314999999999,72.97049999999999
69,38,14.88817,19.3795
69,39,12.72181,14.394166666666667
69,40,81.75815,76.8305
69,41,54.426019999999994,57.49533333333333
69,42,54.81848,48.734833333333334
69,43,95.29616,91.10783333333333
69,44,80.18763,76.542
69,45,82.97473,70.98966666666666
69,46,68.03761999999999,72.60833333333333
69,47,104.30443,89.523
69,48,70.74450999999999,69.258
69,49,92.36209,84.98466666666667
69,50,79.66171,69.29283333333333
69,51,74.06745,74.4125
69,52,173.25706,160.92000000000002
69,53,87.12338000000001,79.91866666666667
69,54,91.39846,75.55616666666667
69,55,93.26769999999999,82.122
69,56,99.96391,100.98533333333333
69,57,76.32821000000001,68.98716666666665
69,58,55.109480000000005,60.1305
69,59,90.08813,73.61616666666667
69,60,108.26977000000001,88.88783333333335
69,61,120.70718,83.249
69,62,132.38692,122.01516666666666
69,63,69.43803,61.40266666666666
69,64,71.46365,69.49983333333333
69,65,46.05169,54.27066666666666
69,66,85.69494999999999,76.28733333333334
69,67,81.68615,72.05850000000001
69,68,26.86535,25.881666666666668
69,69,0.0,0.0
69,70,21.17474,24.900333333333332
69,71,155.46922,146.19866666666667
69,72,87.44419,86.37016666666666
69,73,60.31054,56.2375
69,74,45.1263,45.30533333333334
69,75,42.279900000000005,43.334666666666664
69,76,74.70994,74.13266666666667
69,77,45.93834,48.47083333333333
69,78,82.36323,72.926
69,79,126.36252999999999,117.69266666666667
69,80,125.32252,106.461
69,81,104.6009,92.55216666666666
69,82,56.4804,54.638000000000005
69,83,39.99743,42.04766666666667
69,84,132.20742,117.3635
69,85,77.77983,77.74516666666666
69,86,141.13238,114.124
69,87,84.97882000000001,67.28883333333333
69,88,102.64613,79.78716666666666
69,89,111.74225,93.63383333333333
69,90,81.96853,70.68583333333332
69,91,77.20563,82.59133333333332
69,92,68.54251,65.888
69,93,151.79391,134.51383333333334
69,94,88.08474000000001,80.65266666666666
69,95,74.64406,71.93350000000001
69,96,62.92564,70.06133333333334
69,97,94.4314,79.93283333333333
69,98,68.84110000000001,67.65566666666668
69,99,82.06701,76.21183333333333
69,100,34.081309999999995,31.8775
69,101,73.94698,76.79416666666665
69,102,112.01768,99.69033333333333
69,103,43.50445,48.64816666666666
69,104,83.63687,81.82566666666666
69,105,103.68131,95.58883333333333
69,106,90.84475,80.13133333333333
69,107,74.37445,66.53616666666667
69,108,65.44322,64.78666666666666
69,109,66.06874,63.053
69,110,61.73115,55.21183333333333
69,111,60.64179,52.92883333333334
69,112,61.321709999999996,54.43833333333334
69,113,65.58896,62.42433333333334
69,114,64.86693,57.26383333333333
69,115,77.76517,61.937
69,116,63.561550000000004,58.160833333333336
69,117,63.41673,57.26566666666667
69,118,188.13753,142.47816666666668
69,119,95.03669000000001,76.35733333333333
69,120,224.09429999999998,161.898
69,121,135.76898,122.59666666666666
69,122,155.32767,116.94666666666667
70,0,71.81718,55.34666666666667
70,1,69.93785000000001,60.832499999999996
70,2,52.92429,46.9135
70,3,50.55768,39.14483333333333
70,4,135.36051999999998,151.739
70,5,85.70155,77.723
70,6,49.8823,40.831
70,7,78.97783,69.09166666666667
70,8,63.90746,75.00833333333334
70,9,72.59466,66.51033333333334
70,10,39.17521,43.50416666666667
70,11,132.69613,108.479
70,12,87.09576,79.12950000000001
70,13,20.36453,21.397499999999997
70,14,95.31103,85.41966666666667
70,15,103.91938,94.24433333333333
70,16,84.44671000000001,68.91533333333334
70,17,87.03223,78.25516666666667
70,18,84.24824000000001,77.213
70,19,75.50119000000001,71.63466666666666
70,20,82.82697999999999,69.83666666666666
70,21,86.014,77.3425
70,22,59.54021,67.914
70,23,72.62166,65.8745
70,24,61.976440000000004,66.51033333333334
70,25,90.97263000000001,77.81433333333332
70,26,76.73264999999999,79.94766666666666
70,27,45.67964,50.63616666666667
70,28,99.72486,83.32883333333332
70,29,76.56934,61.141333333333336
70,30,97.91907,92.53416666666666
70,31,74.91248,70.56033333333333
70,32,71.24837,65.68666666666667
70,33,102.37306,85.6
70,34,137.78372,115.56366666666666
70,35,137.42044,128.11
70,36,99.83027,110.45683333333334
70,37,82.81631,73.18900000000001
70,38,19.999029999999998,25.569333333333336
70,39,17.94671,24.623833333333334
70,40,61.32562,54.01133333333333
70,41,74.04574000000001,78.59899999999999
70,42,66.83391,51.5525
70,43,74.86364,68.28866666666666
70,44,81.60741,74.92166666666667
70,45,62.54221,48.1705
70,46,47.60509,49.78916666666667
70,47,103.78352000000001,82.833
70,48,74.52438000000001,68.49033333333334
70,49,91.84118,78.29466666666667
70,50,59.22919,46.47366666666667
70,51,75.48723,72.79216666666666
70,52,136.3847,152.02966666666669
70,53,86.60247,73.22866666666667
70,54,70.96594,52.736999999999995
70,55,94.68748,80.50166666666668
70,56,107.11707000000001,101.20383333333332
70,57,55.89569,46.168
70,58,74.72919999999999,81.23416666666667
70,59,69.65562,50.797000000000004
70,60,71.39739999999999,79.9975
70,61,65.42403,65.94233333333334
70,62,131.86602,115.32533333333335
70,63,45.663230000000006,40.82416666666666
70,64,75.24352,68.73233333333333
70,65,25.619169999999997,31.4515
70,66,65.26241999999999,53.46816666666667
70,67,61.253629999999994,49.239333333333335
70,68,28.53274,35.40233333333333
70,69,21.160259999999997,25.46833333333333
70,70,0.0,0.0
70,71,118.59685,137.30833333333334
70,72,94.86916000000001,82.977
70,73,39.87801,33.41833333333333
70,74,48.778169999999996,56.611
70,75,45.93177,54.640499999999996
70,76,78.48980999999999,73.36516666666667
70,77,25.50582,25.651666666666664
70,78,61.930699999999995,50.106833333333334
70,79,122.73303999999999,111.532
70,80,88.45016,97.57066666666667
70,81,106.02068,90.93183333333333
70,82,32.527680000000004,36.6915
70,83,19.56491,19.2285
70,84,95.33505000000001,108.47333333333333
70,85,84.933,77.96366666666667
70,86,140.61147,107.43416666666667
70,87,73.61608,61.068999999999996
70,88,82.21361999999999,56.967999999999996
70,89,111.22134,86.94383333333333
70,90,61.536010000000005,47.86666666666667
70,91,91.07939999999999,78.8065
70,92,72.32238000000001,65.1205
70,93,114.92154,125.62366666666667
70,94,89.50452,79.03233333333333
70,95,74.12316,65.24366666666667
70,96,43.54295,48.709666666666664
70,97,90.80191,73.77216666666666
70,98,72.62098,66.88816666666666
70,99,83.48679,74.5915
70,100,37.73318,43.183166666666665
70,101,78.55852,72.19633333333333
70,102,113.43746,98.07
70,103,24.12175,27.296499999999998
70,104,85.05664999999999,80.20533333333333
70,105,71.67478999999999,86.03016666666667
70,106,87.21525,73.97066666666666
70,107,47.77366000000001,45.34983333333333
70,108,68.16772999999999,62.84883333333333
70,109,65.47677,55.83133333333333
70,110,64.10868,52.0255
70,111,63.16634,50.21666666666667
70,112,64.85117,54.458333333333336
70,113,67.80955,60.9805
70,114,60.97864,47.3985
70,115,66.40244,55.717
70,116,63.02065,50.141333333333336
70,117,70.56989999999999,57.48416666666667
70,118,167.705,119.659
70,119,114.65641000000001,97.461
70,120,203.66178,139.07883333333334
70,121,115.33647,99.77749999999999
70,122,156.74745000000001,115.32633333333334
71,0,117.63859,116.914
71,1,110.53811999999999,119.42816666666666
71,2,111.43988,117.139
71,3,107.66747,123.37633333333333
71,4,42.555730000000004,53.46383333333333
71,5,129.21055,129.26266666666666
71,6,105.93673,113.03649999999999
71,7,88.48534,101.59683333333334
71,8,63.25084,72.3275
71,9,97.6785,113.24583333333334
71,10,134.55323,149.17133333333334
71,11,82.05709,104.69383333333333
71,12,130.60476,130.66916666666665
71,13,99.05611,121.91033333333333
71,14,138.82003,136.95933333333332
71,15,118.59848,136.76016666666666
71,16,123.91063,142.88316666666665
71,17,130.54122999999998,129.79466666666667
71,18,127.75724000000001,128.7525
71,19,119.01019000000001,123.17433333333334
71,20,74.84455,93.59866666666667
71,21,83.66277000000001,95.40583333333333
71,22,156.05270000000002,140.6063333333333
71,23,112.46010000000001,117.03616666666667
71,24,62.18979,75.84216666666666
71,25,70.45759,80.40483333333333
71,26,57.13998,73.69033333333333
71,27,73.01169999999999,86.88583333333332
71,28,143.23386,134.86849999999998
71,29,116.77194,138.77683333333334
71,30,72.61004,85.66900000000001
71,31,114.75091,121.722
71,32,114.69878999999999,117.51033333333334
71,33,145.88206,137.13966666666664
71,34,119.83559,143.04866666666666
71,35,40.98553,49.324666666666666
71,36,22.49829,28.270166666666668
71,37,126.16596000000001,132.76083333333332
71,38,137.83463,160.32266666666666
71,39,143.8307,136.58599999999998
71,40,125.60263,141.16716666666667
71,41,170.80583,148.80766666666665
71,42,112.65532,113.11983333333333
71,43,68.93049,80.99266666666668
71,44,125.11641,126.46133333333334
71,45,106.57898,125.68299999999999
71,46,77.30966000000001,93.30966666666667
71,47,118.46262,125.34899999999999
71,48,119.82761,123.6505
71,49,106.52027000000001,120.81066666666668
71,50,116.49102,131.33616666666666
71,51,118.99623,124.33183333333334
71,52,43.579910000000005,53.754333333333335
71,53,93.54249,106.43683333333334
71,54,104.11202,118.9365
71,55,138.19648,132.0413333333333
71,56,151.26881,158.905
71,57,94.93618,107.76516666666666
71,58,171.48928,151.44266666666667
71,59,113.7683,131.953
71,60,50.71754,59.777166666666666
71,61,66.54258999999999,85.32916666666667
71,62,146.54511,157.84116666666665
71,63,95.01634,105.66233333333334
71,64,120.54675,123.89233333333333
71,65,99.35779,117.09733333333334
71,66,94.39347000000001,109.49383333333334
71,67,125.53063,136.39533333333333
71,68,132.04731,127.48683333333334
71,69,156.07442,147.97933333333333
71,70,118.70135,136.87316666666666
71,71,0.0,0.0
71,72,115.6172,128.48833333333334
71,73,103.66422,115.33733333333333
71,74,133.54269,126.60933333333334
71,75,139.64406,136.62716666666665
71,76,123.79303999999999,128.52533333333335
71,77,101.67944,118.97049999999999
71,78,115.26416,134.93366666666668
71,79,38.86533,47.696333333333335
71,80,34.77694,45.833666666666666
71,81,149.52969000000002,142.47133333333335
71,82,159.40095000000002,162.863
71,83,123.27083999999999,129.942
71,84,24.61434,33.3355
71,85,129.08474,135.66483333333335
71,86,90.99138,109.36516666666667
71,87,94.83998,108.40533333333333
71,88,126.3263,138.124
71,89,104.32638,122.21566666666666
71,90,93.21564,108.84116666666667
71,91,111.82745,124.31766666666667
71,92,117.0612,120.17333333333333
71,93,22.11676,27.348333333333336
71,94,133.01352,130.57183333333333
71,95,113.96159,116.40533333333333
71,96,125.86316000000001,139.34133333333332
71,97,62.00573,77.57816666666666
71,98,116.47039,121.51433333333333
71,99,126.99579,126.131
71,100,124.02222,119.0535
71,101,118.39695,123.35799999999999
71,102,156.94647,149.60966666666667
71,103,149.32129999999998,151.43566666666666
71,104,128.56565,131.74483333333333
71,105,54.2868,68.43216666666667
71,106,76.16017,86.79950000000001
71,107,85.28823,102.712
71,108,108.48299,117.01083333333332
71,109,104.13261999999999,109.1365
71,110,105.17389999999999,109.75816666666667
71,111,105.61467999999999,108.92283333333333
71,112,108.01310000000001,113.7125
71,113,108.45466,117.48566666666667
71,114,100.95672,104.45466666666667
71,115,102.46558999999999,104.878
71,116,102.88165,105.49866666666667
71,117,112.02933,117.5485
71,118,211.8177,200.815
71,119,211.5768,171.37516666666667
71,120,247.77447,220.23483333333334
71,121,80.08112,100.04883333333333
71,122,200.25645,166.86583333333334
72,0,42.76222,41.632
72,1,32.37138,34.405166666666666
72,2,50.10211,54.788000000000004
72,3,129.12202,96.90283333333333
72,4,118.28842,128.911
72,5,8.251370000000001,10.173333333333334
72,6,50.151650000000004,53.88483333333333
72,7,30.563560000000003,34.24066666666667
72,8,63.77648000000001,70.95233333333334
72,9,22.691509999999997,24.677833333333336
72,10,131.77731,119.8265
72,11,68.40844,58.772333333333336
72,12,19.67475,24.5825
72,13,76.71536,68.04333333333334
72,14,17.05841,22.28216666666667
72,15,24.892970000000002,31.053166666666666
72,16,163.01104999999998,126.67333333333333
72,17,10.19636,15.482166666666666
72,18,16.77129,20.4925
72,19,21.20127,20.709166666666665
72,20,43.25638,47.581
72,21,32.192479999999996,34.46716666666667
72,22,81.17633000000001,65.32416666666667
72,23,13.23681,23.144166666666667
72,24,97.86638,75.4175
72,25,47.35298,52.327666666666666
72,26,112.16489,87.58166666666666
72,27,64.16796,53.322
72,28,21.86929,21.1225
72,29,155.13369,118.89933333333333
72,30,44.097550000000005,49.659
72,31,10.220120000000001,16.705333333333336
72,32,13.81475,23.609333333333332
72,33,19.018990000000002,21.953666666666667
72,34,73.49604,65.857
72,35,92.48349,100.82166666666667
72,36,93.86847999999999,101.12766666666667
72,37,27.58409,32.37866666666667
72,38,109.53639,103.51950000000001
72,39,82.49292999999999,74.235
72,40,139.88997,111.76933333333334
72,41,95.92945,73.5255
72,42,42.55514,47.352833333333336
72,43,117.13769,83.63116666666666
72,44,7.52583,11.5565
72,45,141.10655,105.92866666666667
72,46,94.85594999999999,73.68266666666666
72,47,39.495839999999994,33.126333333333335
72,48,29.372619999999998,31.332333333333334
72,49,15.30406,19.485333333333333
72,50,137.79353,104.23166666666665
72,51,11.272200000000002,21.48
72,52,149.41944,121.787
72,53,22.30851,22.837
72,54,149.53028,110.49499999999999
72,55,16.83191,18.295333333333335
72,56,49.09,57.167833333333334
72,57,112.48248,88.13833333333334
72,58,96.61291,76.16066666666667
72,59,148.21995,108.55516666666668
72,60,88.41886,79.21533333333333
72,61,100.85627000000001,73.5765
72,62,46.67668,64.17883333333333
72,63,61.46201,58.066
72,64,23.825580000000002,26.1995
72,65,92.92756,82.4375
72,66,140.50670000000002,108.75483333333334
72,67,139.81797,106.9975
72,68,70.70955000000001,65.13583333333334
72,69,94.73666,85.62833333333333
72,70,95.50749,81.28183333333332
72,71,116.09171,128.661
72,72,0.0,0.0
72,73,118.44235,91.17633333333333
72,74,58.666309999999996,51.32733333333333
72,75,75.7939,67.97233333333334
72,76,22.65485,29.309
72,77,83.46588,72.60133333333333
72,78,140.49505,107.865
72,79,77.79608999999999,84.24366666666667
72,80,105.47161,96.78850000000001
72,81,28.165110000000002,28.7255
72,82,125.12979,113.014
72,83,99.85717,80.23766666666667
72,84,112.35652,107.69116666666667
72,85,26.90592,33.92766666666667
72,86,76.32378999999999,57.7275
72,87,31.15627,33.38766666666667
72,88,160.77795,114.72616666666666
72,89,46.93366,37.23733333333333
72,90,140.10036,105.62466666666666
72,91,4.48654,6.959666666666666
72,92,27.33392,27.800166666666666
72,93,108.95975999999999,116.2945
72,94,6.699140000000001,8.792
72,95,21.11956,20.684666666666665
72,96,138.40288,110.21983333333333
72,97,57.44475,63.507666666666665
72,98,24.78389,24.487000000000002
72,99,8.54401,13.389166666666666
72,100,62.68445,56.7025
72,101,9.690850000000001,16.1395
72,102,35.58189,35.86366666666667
72,103,116.72386999999999,103.61883333333334
72,104,4.305020000000001,6.979333333333333
72,105,59.137370000000004,68.31716666666667
72,106,41.14763,44.20516666666666
72,107,61.80589,59.12966666666667
72,108,28.96725,30.68316666666667
72,109,29.2875,29.611833333333333
72,110,32.18009,34.911833333333334
72,111,34.55421,39.67216666666666
72,112,32.62465,33.4865
72,113,28.61359,28.63566666666667
72,114,38.662839999999996,39.602333333333334
72,115,33.05961,32.861333333333334
72,116,31.65054,34.64683333333333
72,117,36.780989999999996,39.342333333333336
72,118,246.26934,177.41716666666667
72,119,136.70042,96.09316666666668
72,120,282.22613,196.837
72,121,166.52103,113.53850000000001
72,122,78.89189,53.12
73,0,94.5541,64.29816666666666
73,1,92.67477000000001,69.784
73,2,75.66121000000001,55.865
73,3,13.948870000000001,14.052333333333333
73,4,128.60692,136.647
73,5,108.43848,86.67450000000001
73,6,72.61922,49.7825
73,7,101.71475,78.04316666666666
73,8,83.31735,78.23233333333333
73,9,95.33158,75.46183333333333
73,10,31.65186,36.34583333333333
73,11,155.43304999999998,117.4305
73,12,109.83268,88.08099999999999
73,13,43.07748,30.783666666666665
73,14,118.04796,94.37116666666667
73,15,126.6563,103.19583333333334
73,16,47.83791,43.82283333333333
73,17,109.76915,87.20666666666666
73,18,106.98516000000001,86.16433333333333
73,19,98.23811,80.58616666666667
73,20,105.56391,78.78816666666667
73,21,108.75092,86.29383333333334
73,22,95.12086000000001,82.42716666666666
73,23,95.35858999999999,74.82600000000001
73,24,49.873400000000004,47.4565
73,25,113.70955000000001,86.76583333333333
73,26,49.34401999999999,55.466166666666666
73,27,66.81026,55.386833333333335
73,28,122.46179,92.28033333333333
73,29,39.96054,36.04883333333333
73,30,120.65599,101.48566666666667
73,31,97.64941,79.51183333333333
73,32,93.98528999999999,74.63816666666666
73,33,125.10998,94.5515
73,34,160.52064000000001,124.51516666666666
73,35,113.33427,118.55516666666668
73,36,93.07667,95.36466666666666
73,37,105.55323,82.1405
73,38,59.53664,57.9125
73,39,56.81785,55.50083333333334
73,40,24.71682,28.918833333333335
73,41,118.65714,94.10383333333333
73,42,89.57083,60.504
73,43,36.17917,37.7395
73,44,104.34434,83.87316666666668
73,45,25.93341,23.078
73,46,35.502050000000004,30.735166666666665
73,47,126.52045,91.7845
73,48,97.2613,77.44183333333334
73,49,114.5781,87.24616666666667
73,50,22.62039,21.380999999999997
73,51,98.22416,81.74366666666667
73,52,129.63111,136.9375
73,53,109.3394,82.18016666666668
73,54,34.35714,27.644333333333336
73,55,117.42441000000001,89.45316666666666
73,56,129.85399,110.15533333333333
73,57,17.21123,15.618666666666666
73,58,119.34058999999999,96.73883333333333
73,59,33.04681,25.7045
73,60,64.64381,64.90533333333333
73,61,49.42106,45.38366666666666
73,62,154.60294,124.27666666666667
73,63,68.40016,49.775666666666666
73,64,97.98044999999999,77.68366666666667
73,65,39.86204,33.59733333333333
73,66,22.56434,23.5275
73,67,24.644830000000002,24.146833333333333
73,68,73.17805,61.5115
73,69,60.69788,57.8115
73,70,40.40336,34.463
73,71,104.29306,116.46433333333333
73,72,117.60608,91.9285
73,73,0.0,0.0
73,74,81.45530000000001,70.971
73,75,80.87327,71.20516666666667
73,76,101.22672999999999,82.31666666666666
73,77,38.78624,28.701166666666666
73,78,25.321900000000003,25.014333333333333
73,79,106.04913,109.3355
73,80,72.0898,76.67883333333333
73,81,128.7576,99.88333333333334
73,82,56.50005,50.04116666666666
73,83,20.36993,17.120166666666666
73,84,82.51137,89.93766666666667
73,85,107.66992,86.91516666666666
73,86,163.34839000000002,116.38550000000001
73,87,96.353,70.02033333333334
73,88,45.60481,31.8755
73,89,133.95827,95.89533333333334
73,90,18.88721,19.039499999999997
73,91,113.81633000000001,87.758
73,92,95.05930000000001,74.07183333333334
73,93,108.16794999999999,110.53150000000001
73,94,112.24145,87.98366666666668
73,95,96.86008,74.19516666666667
73,96,22.96177,26.515666666666668
73,97,86.21827,77.88616666666667
73,98,95.3579,75.83966666666667
73,99,106.22371000000001,83.54299999999999
73,100,70.4103,57.54316666666667
73,101,101.29544,81.14783333333334
73,102,136.17439000000002,107.0215
73,103,46.42039,38.61383333333333
73,104,107.79357,89.15666666666667
73,105,91.08467999999999,89.25416666666666
73,106,109.95218,82.92216666666667
73,107,70.51059,54.30133333333333
73,108,90.90466,71.80033333333334
73,109,88.2137,64.78283333333333
73,110,86.84561,60.97683333333334
73,111,85.90325999999999,59.16816666666667
73,112,87.58809,63.40983333333334
73,113,90.54647,69.932
73,114,83.71557000000001,56.35
73,115,89.13936,64.66850000000001
73,116,85.75757,59.092666666666666
73,117,93.30683,66.43566666666666
73,118,131.0962,94.56649999999999
73,119,159.42810999999998,116.67133333333332
73,120,167.05298000000002,113.98633333333333
73,121,86.99037,71.275
73,122,179.48439000000002,124.27766666666666
74,0,19.353630000000003,16.244333333333334
74,1,30.589299999999998,27.173333333333336
74,2,24.774939999999997,29.413
74,3,90.75422999999999,75.923
74,4,149.31735999999998,138.22766666666666
74,5,49.819050000000004,44.93366666666667
74,6,24.82448,28.509833333333333
74,7,51.39286,49.713499999999996
74,8,78.75931,62.975833333333334
74,9,45.243660000000006,43.0785
74,10,85.47136,94.00416666666666
74,11,98.7543,80.75916666666667
74,12,36.42786,41.9795
74,13,38.34757,47.0635
74,14,59.42854,52.63033333333333
74,15,69.97757,66.5245
74,16,124.64327,105.6935
74,17,51.149730000000005,45.46583333333333
74,18,48.365739999999995,44.42366666666667
74,19,37.48522,38.6365
74,20,63.54096,53.595666666666666
74,21,62.54463,57.139
74,22,24.55012,20.006833333333336
74,23,37.8777,36.506166666666665
74,24,94.80177,62.68816666666667
74,25,71.68660000000001,61.57333333333334
74,26,109.10028,74.85249999999999
74,27,61.10336,40.592666666666666
74,28,63.84236,50.5395
74,29,116.76589,97.9195
74,30,74.44969999999999,72.33083333333335
74,31,37.935790000000004,40.224000000000004
74,32,34.34061,32.4455
74,33,66.49056,52.81066666666666
74,34,103.84191,87.84383333333334
74,35,118.13441,111.869
74,36,113.78712,96.94533333333334
74,37,30.35276,34.086666666666666
74,38,58.93313,62.07416666666666
74,39,31.88967,32.78966666666667
74,40,101.52217999999999,90.7895
74,41,39.30325,28.208000000000002
74,42,15.924040000000002,15.886666666666667
74,43,114.07309,70.90183333333333
74,44,45.72491,42.132333333333335
74,45,102.73877,84.94866666666667
74,46,91.79133999999999,60.9535
74,47,69.84171,55.113166666666665
74,48,36.28179,34.848166666666664
74,49,57.899370000000005,50.57483333333333
74,50,99.42574,83.25183333333332
74,51,39.60474,40.002833333333335
74,52,150.34154999999998,138.51816666666667
74,53,52.66066,45.508833333333335
74,54,111.16249,89.51516666666666
74,55,58.80498,47.712333333333326
74,56,54.65352,62.1015
74,57,109.41787,75.409
74,58,39.9867,30.843166666666665
74,59,109.85217,87.57516666666668
74,60,85.35426,66.48616666666666
74,61,97.79166000000001,60.847166666666666
74,62,97.9242,87.60549999999999
74,63,46.52252,39.00083333333334
74,64,37.00093,35.09016666666666
74,65,54.55977,61.457499999999996
74,66,105.45898,90.24633333333333
74,67,101.45017999999999,86.01766666666667
74,68,20.106279999999998,23.6905
74,69,44.13339,44.183
74,70,47.37346,52.58383333333334
74,71,132.55370000000002,123.79683333333334
74,72,52.98147,51.9605
74,73,80.07455999999999,70.1965
74,74,0.0,0.0
74,75,17.91725,19.03933333333333
74,76,35.38534,39.4465
74,77,45.09809,51.6215
74,78,102.12725999999999,86.885
74,79,103.44702000000001,95.291
74,80,102.40701,84.05933333333334
74,81,70.13817999999999,58.142500000000005
74,82,78.82383,87.19149999999999
74,83,61.48939,59.25783333333333
74,84,109.29191,94.96183333333333
74,85,32.46945,38.86133333333333
74,86,106.66966000000001,79.71433333333333
74,87,46.03111,41.690666666666665
74,88,122.41017,93.74616666666667
74,89,77.27953,59.224000000000004
74,90,101.73255999999999,84.64483333333332
74,91,45.21129,48.262166666666666
74,92,34.07979,31.478333333333335
74,93,128.87839,112.11216666666665
74,94,53.62202,46.243
74,95,40.18134,37.52383333333333
74,96,100.03508000000001,89.24
74,97,71.51589,57.531166666666664
74,98,34.378389999999996,33.246
74,99,47.60429,41.80216666666667
74,100,10.773909999999999,13.0975
74,101,42.6757,42.477666666666664
74,102,77.55496000000001,65.28066666666668
74,103,70.41791,77.7965
74,104,49.174150000000004,47.416000000000004
74,105,80.7658,73.18716666666666
74,106,67.92922999999999,57.72966666666667
74,107,51.45893,44.1345
74,108,33.0766,33.64666666666667
74,109,35.59009,34.577666666666666
74,110,31.89208,28.081833333333336
74,111,31.789540000000002,27.016000000000002
74,112,28.56034,23.05183333333333
74,113,32.60487,30.209166666666665
74,114,35.91054,31.934
74,115,38.81746,36.33883333333333
74,116,33.937059999999995,31.737833333333334
74,117,29.00135,23.8765
74,118,207.90156,156.43716666666666
74,119,80.07422,50.775666666666666
74,120,243.85833,175.857
74,121,163.45644000000001,100.80916666666667
74,122,120.86496000000001,82.53683333333333
75,0,36.889720000000004,33.523
75,1,48.125389999999996,44.452
75,2,34.09077,35.3055
75,3,91.61851,76.13449999999999
75,4,155.86345,149.64516666666665
75,5,67.35515,62.212333333333326
75,6,38.27018,37.3405
75,7,73.97114,64.3275
75,8,85.30539999999999,74.39349999999999
75,9,62.77975,60.357166666666664
75,10,83.2945,91.98933333333333
75,11,116.29039999999999,98.03783333333334
75,12,53.96395,59.25816666666666
75,13,39.21185,47.274833333333326
75,14,76.96463,69.909
75,15,87.51366,83.80316666666666
75,16,125.50753999999999,105.905
75,17,68.68582,62.7445
75,18,65.90183999999999,61.70233333333333
75,19,55.02131,55.915166666666664
75,20,70.08705,65.01316666666666
75,21,81.00731,72.57816666666666
75,22,20.900689999999997,21.705499999999997
75,23,55.41379,53.78483333333334
75,24,101.34785000000001,74.10566666666666
75,25,78.23269,72.99083333333333
75,26,115.64636999999999,86.27
75,27,67.64944,52.01016666666667
75,28,81.37845,67.81816666666667
75,29,117.63016999999999,98.13083333333334
75,30,92.91238,87.77
75,31,55.47188,57.50266666666666
75,32,51.8767,49.72416666666666
75,33,84.02666,70.08933333333333
75,34,121.378,105.1225
75,35,124.6805,123.28649999999999
75,36,120.33319999999999,108.36283333333334
75,37,47.88885,51.36533333333333
75,38,56.756269999999994,60.059333333333335
75,39,29.71281,30.774833333333333
75,40,102.38645,91.001
75,41,35.32182,31.633666666666667
75,42,32.94947,33.845666666666666
75,43,120.61917,82.31933333333333
75,44,63.261,59.410999999999994
75,45,103.60304,85.16016666666665
75,46,98.33743,72.37100000000001
75,47,87.37780000000001,72.39183333333334
75,48,53.817879999999995,52.12683333333334
75,49,75.43546,67.8535
75,50,100.29002,83.46316666666667
75,51,57.14083,57.2815
75,52,156.88764,149.93566666666666
75,53,70.19675,62.7875
75,54,112.02677,89.7265
75,55,76.34107,64.991
75,56,72.18961,79.38016666666667
75,57,77.11883999999999,79.62633333333333
75,58,36.005269999999996,34.26866666666667
75,59,110.71645,87.78666666666666
75,60,91.90034,77.90366666666667
75,61,104.33775,72.26483333333334
75,62,115.4603,104.88416666666667
75,63,53.068599999999996,50.41833333333333
75,64,54.53702,52.368833333333335
75,65,55.42405,61.669
75,66,106.32325,90.45783333333334
75,67,102.31446000000001,86.229
75,68,17.929419999999997,21.675833333333333
75,69,41.95653,42.16816666666667
75,70,45.1966,50.568999999999996
75,71,139.0998,135.2145
75,72,70.51756,69.23916666666668
75,73,80.93884,70.40799999999999
75,74,17.781959999999998,19.38883333333333
75,75,0.0,0.0
75,76,52.92143,56.725166666666674
75,77,45.96237,51.833
75,78,102.99153,87.0965
75,79,109.99309,106.7085
75,80,108.95309,95.47683333333333
75,81,87.67427,75.42116666666668
75,82,76.64697,85.17683333333333
75,83,62.353660000000005,59.46933333333333
75,84,115.83799,106.37933333333334
75,85,50.00554,56.14
75,86,124.20575,96.993
75,87,68.60938,56.30466666666667
75,88,123.27445,93.95766666666667
75,89,94.81563,76.50266666666667
75,90,102.59684,84.85633333333334
75,91,62.74738,65.54083333333332
75,92,51.61588,48.757
75,93,135.42447,123.52966666666666
75,94,71.15812,63.52166666666667
75,95,57.71743,54.8025
75,96,100.89936,89.45133333333334
75,97,78.06197,68.94866666666667
75,98,51.914480000000005,50.52466666666667
75,99,65.14038,59.08083333333333
75,100,17.71188,20.893166666666666
75,101,60.21179,59.75633333333334
75,102,95.09105000000001,82.55933333333334
75,103,68.24105,75.78183333333332
75,104,66.71024,64.69466666666666
75,105,87.31188,84.60466666666666
75,106,74.47531,69.14716666666666
75,107,58.00501,55.552
75,108,50.61269,50.925333333333334
75,109,53.12618,51.85633333333333
75,110,45.36172,44.227666666666664
75,111,44.27236,41.94466666666666
75,112,46.09643,40.3305
75,113,50.14096,47.487833333333334
75,114,48.49749,46.27966666666667
75,115,61.395739999999996,50.95283333333334
75,116,47.19211,47.17666666666666
75,117,46.537440000000004,41.155166666666666
75,118,208.76583,156.64866666666666
75,119,71.17548,56.56733333333333
75,120,244.72260999999997,176.0685
75,121,170.00251999999998,112.22666666666667
75,122,138.40105,99.8155
76,0,16.81605,25.643666666666665
76,1,12.99802,20.099833333333333
76,2,30.728740000000002,40.48266666666667
76,3,114.51069,84.64216666666667
76,4,119.09046000000001,133.79316666666668
76,5,19.71418,23.570666666666668
76,6,30.77828,39.5795
76,7,29.70373,37.40866666666667
76,8,65.5765,69.88366666666667
76,9,22.0155,28.104666666666667
76,10,117.16599000000001,107.56583333333333
76,11,75.52615,65.78533333333333
76,12,6.53083,10.486666666666668
76,13,62.10404,55.782666666666664
76,14,21.63405,29.0705
76,15,42.90945,48.366499999999995
76,16,148.39972,114.41266666666667
76,17,21.04485,24.102833333333333
76,18,11.547559999999999,17.9715
76,19,8.16135,14.757
76,20,36.442099999999996,43.57933333333334
76,21,39.31647,42.165333333333336
76,22,61.80296,51.01883333333333
76,23,14.64954,21.532333333333334
76,24,81.61895,69.596
76,25,46.83771,55.408166666666666
76,26,95.91747,81.76033333333334
76,27,47.92054,47.5005
76,28,33.737480000000005,29.176499999999997
76,29,140.52236,106.63866666666667
76,30,51.22154,57.357
76,31,18.95172,22.95266666666667
76,32,10.79275,16.272666666666666
76,33,36.38568,31.44783333333333
76,34,80.61375,72.86999999999999
76,35,93.28552,105.70383333333332
76,36,100.60430000000001,103.85316666666667
76,37,5.60213,9.366999999999999
76,38,90.16302,89.21416666666667
76,39,63.11956,59.92966666666667
76,40,125.27864,99.50866666666667
76,41,76.55609,59.220166666666664
76,42,23.18178,33.0475
76,43,100.89027,77.80966666666667
76,44,15.93264,20.257
76,45,126.49522999999999,93.66783333333333
76,46,78.60853,67.86133333333333
76,47,46.613550000000004,40.13933333333333
76,48,4.89832,8.724833333333333
76,49,34.67121,35.601
76,50,123.1822,91.971
76,51,17.503169999999997,22.5705
76,52,156.53714000000002,128.8
76,53,29.4325,30.535
76,54,134.91895000000002,98.23433333333334
76,55,28.700110000000002,26.349333333333334
76,56,29.2028,33.966
76,57,96.23505,82.31683333333334
76,58,77.23953999999999,61.855333333333334
76,59,133.60863,96.2945
76,60,72.17144,73.394
76,61,84.60885,67.75500000000001
76,62,74.69605,72.63166666666666
76,63,40.70246,47.147333333333336
76,64,4.96378,9.307833333333333
76,65,78.31622999999999,70.17666666666668
76,66,129.21544,98.9655
76,67,125.20665,94.73683333333334
76,68,51.33618,50.8305
76,69,75.36328999999999,71.32300000000001
76,70,80.89617,69.02116666666667
76,71,119.37089,130.70466666666667
76,72,23.1892,30.085166666666666
76,73,103.83103,78.91566666666667
76,74,39.29295,37.022000000000006
76,75,56.42053,53.667
76,76,0.0,0.0
76,77,68.85455,60.34066666666667
76,78,125.88372,95.60416666666667
76,79,78.59813,89.12583333333333
76,80,89.2242,90.96716666666666
76,81,40.033300000000004,36.7795
76,82,110.51847000000001,100.75316666666666
76,83,85.24585,67.977
76,84,96.10909,101.86966666666667
76,85,7.01872,10.725833333333332
76,86,83.4415,64.7405
76,87,24.34198,29.385833333333334
76,88,146.16663,102.4655
76,89,54.051379999999995,44.25033333333333
76,90,125.48903,93.364
76,91,21.32741,29.3855
76,92,6.628340000000001,13.086666666666668
76,93,115.69558,119.02
76,94,23.51715,24.88
76,95,16.95318,22.55
76,96,123.79154,97.95916666666668
76,97,51.84768,59.5855
76,98,9.52036,15.679833333333333
76,99,17.49941,20.439166666666665
76,100,43.311080000000004,42.397166666666664
76,101,20.57414,25.045333333333335
76,102,33.69027,42.85133333333333
76,103,102.11254,91.35816666666666
76,104,19.381880000000002,25.540666666666667
76,105,57.4651,70.62100000000001
76,106,40.83037,47.71333333333334
76,107,45.63888,52.281
76,108,13.36338,22.017999999999997
76,109,18.113439999999997,24.487833333333334
76,110,14.48953,21.54416666666667
76,111,16.75387,25.733333333333334
76,112,13.251280000000001,19.181166666666666
76,113,11.954270000000001,18.461666666666666
76,114,20.21216,32.7105
76,115,20.21353,27.643166666666666
76,116,16.53452,25.200166666666668
76,117,17.40763,25.037
76,118,231.65802,165.1565
76,119,117.32705,81.78783333333334
76,120,267.61478000000005,184.57633333333334
76,121,150.27363,107.71700000000001
76,122,90.76008999999999,61.174
77,0,59.92546,45.0585
77,1,58.04614,50.5445
77,2,41.03258,36.62533333333333
77,3,50.15728,35.522666666666666
77,4,120.66833,133.98366666666666
77,5,73.80984,67.43483333333333
77,6,37.99059,30.54283333333333
77,7,67.08612,58.803666666666665
77,8,47.28693,57.85433333333334
77,9,60.702940000000005,56.222166666666666
77,10,62.96093,58.57449999999999
77,11,120.80441,98.19083333333333
77,12,75.20405000000001,68.8415
77,13,8.44885,11.544
77,14,83.41932000000001,75.1315
77,15,92.02767,83.95616666666666
77,16,84.04630999999999,65.29316666666666
77,17,75.14052000000001,67.967
77,18,72.35652999999999,66.92483333333332
77,19,63.60947,61.3465
77,20,70.93527,59.5485
77,21,74.12228999999999,67.05433333333333
77,22,60.492230000000006,63.1875
77,23,60.729949999999995,55.58633333333333
77,24,44.81893,52.453833333333336
77,25,79.08091,67.52616666666667
77,26,59.11745,64.618
77,27,29.05911,33.48233333333334
77,28,87.83314999999999,73.04066666666667
77,29,76.16894,57.51916666666667
77,30,86.02736,82.24600000000001
77,31,63.02077,60.272166666666664
77,32,59.356660000000005,55.3985
77,33,90.48135,75.31183333333334
77,34,125.89201,105.2755
77,35,105.39567,115.89183333333334
77,36,85.13808,92.70133333333334
77,37,70.92460000000001,62.90083333333334
77,38,45.01918,47.92966666666667
77,39,30.82417,37.5955
77,40,60.92522,50.38916666666667
77,41,84.0285,74.86416666666668
77,42,54.942190000000004,41.26433333333333
77,43,50.70962,55.976
77,44,69.7157,64.6335
77,45,62.14181,44.54833333333333
77,46,32.36159,35.89516666666667
77,47,91.8918,72.54483333333333
77,48,62.63267,58.20233333333333
77,49,79.94947,68.0065
77,50,58.82879,42.8515
77,51,63.59551999999999,62.504
77,52,121.69252,134.27416666666667
77,53,74.71076,62.9405
77,54,70.56554,49.11483333333333
77,55,82.79577,70.21350000000001
77,56,95.22536,90.91566666666667
77,57,32.07045,35.51483333333333
77,58,84.71195,77.49933333333334
77,59,69.25522,47.175
77,60,56.705220000000004,62.24216666666667
77,61,47.80882,50.612833333333334
77,62,119.9743,105.03716666666666
77,63,33.771519999999995,30.536
77,64,63.35181,58.44416666666667
77,65,11.117790000000001,18.558
77,66,64.86202,49.846000000000004
77,67,60.85323,45.617333333333335
77,68,38.54941,42.27183333333333
77,69,46.18042,47.82866666666666
77,70,25.88591,24.480166666666666
77,71,103.90467,119.55283333333334
77,72,82.97744999999999,72.68883333333333
77,73,39.47761,29.796166666666668
77,74,46.826660000000004,51.73133333333333
77,75,46.24463,51.9655
77,76,66.59809,63.077
77,77,0.0,0.0
77,78,61.530300000000004,46.48466666666666
77,79,110.84132000000001,101.24383333333334
77,80,73.75797,79.81533333333333
77,81,94.12897,80.64366666666666
77,82,57.98714,53.794333333333334
77,83,20.89243,18.8575
77,84,80.64288,90.71783333333333
77,85,73.04128,67.6755
77,86,128.71976,97.146
77,87,61.72436,50.780833333333334
77,88,81.81322,53.34583333333333
77,89,99.32963000000001,76.65566666666668
77,90,61.13561,44.2445
77,91,79.18769,68.51833333333335
77,92,60.43067,54.83233333333333
77,93,100.22936,107.86816666666667
77,94,77.61281,68.74416666666666
77,95,62.23144,54.9555
77,96,59.438129999999994,48.839666666666666
77,97,49.9826,59.8975
77,98,60.72927,56.6
77,99,71.59508,64.30333333333333
77,100,35.78167,38.3035
77,101,66.66680000000001,61.90833333333333
77,102,101.54575,87.78183333333332
77,103,47.90748000000001,42.36683333333334
77,104,73.16494,69.91716666666666
77,105,55.05426,68.87616666666666
77,106,75.32354,63.6825
77,107,35.881949999999996,35.06166666666666
77,108,56.276019999999995,52.56066666666666
77,109,53.58506,45.54316666666667
77,110,52.21697,41.73733333333333
77,111,51.274629999999995,39.9285
77,112,52.95946,44.17016666666667
77,113,55.91783,50.6925
77,114,49.08693,37.11033333333333
77,115,54.51072,45.428999999999995
77,116,51.12893,39.85316666666667
77,117,58.67819,47.196000000000005
77,118,167.30461,116.03683333333333
77,119,124.79947,97.43183333333333
77,120,203.26138,135.45683333333332
77,121,100.09296,85.8835
77,122,144.85575,105.03816666666667
78,0,116.90491,80.97533333333334
78,1,115.02558,86.46116666666667
78,2,98.01202,72.54216666666666
78,3,12.022920000000001,15.745833333333334
78,4,152.4302,157.19983333333332
78,5,130.78928,103.35166666666667
78,6,94.97002,66.45966666666666
78,7,124.06555,94.72033333333334
78,8,107.14064,98.78533333333333
78,9,117.68238000000001,92.13883333333334
78,10,38.082080000000005,44.943999999999996
78,11,177.78384,134.1075
78,12,132.18348,104.75816666666667
78,13,65.42829,47.46066666666666
78,14,140.39876999999998,111.04833333333333
78,15,149.00710999999998,119.87283333333333
78,16,28.18033,36.382333333333335
78,17,132.11995000000002,103.88366666666667
78,18,129.33597,102.8415
78,19,120.58891,97.26333333333334
78,20,127.91471,95.46516666666666
78,21,131.10173,102.971
78,22,117.47166,99.10433333333334
78,23,117.70939,91.50316666666666
78,24,73.69667999999999,68.00933333333333
78,25,136.06035999999997,103.443
78,26,64.24796,72.65366666666667
78,27,83.61728,74.73016666666668
78,28,144.81259,108.9575
78,29,23.27789,29.855166666666666
78,30,143.0068,118.16283333333334
78,31,120.00021000000001,96.18900000000001
78,32,116.33609,91.31533333333333
78,33,147.46079999999998,111.22866666666667
78,34,182.87145,141.19216666666668
78,35,137.15755,139.10816666666668
78,36,116.89995,115.91766666666668
78,37,127.90404,98.81766666666667
78,38,81.88745,74.58966666666667
78,39,79.16866,72.17783333333334
78,40,19.84554,25.858666666666668
78,41,141.00794,110.78099999999999
78,42,111.92163000000001,77.18116666666667
78,43,50.657489999999996,54.032333333333334
78,44,126.69514,100.55033333333334
78,45,10.27971,13.363333333333333
78,46,59.32533,51.28816666666667
78,47,148.87125,108.46166666666666
78,48,119.61211,94.119
78,49,136.92891,103.92333333333333
78,50,2.7013499999999997,3.5118333333333336
78,51,120.57497000000001,98.42083333333333
78,52,153.45439000000002,157.4905
78,53,131.6902,98.85733333333333
78,54,20.02636,22.933666666666667
78,55,139.77522,106.13033333333333
78,56,152.20479999999998,126.83233333333332
78,57,41.034510000000004,36.17166666666667
78,58,141.69139,113.416
78,59,12.39396,19.228666666666665
78,60,88.46709,85.45833333333333
78,61,64.32501,62.57116666666666
78,62,176.95373,140.95383333333334
78,63,90.75096,66.45283333333333
78,64,120.33125,94.36083333333333
78,65,62.212849999999996,50.274499999999996
78,66,22.34136,28.9065
78,67,15.397350000000001,16.81566666666667
78,68,95.52885,78.18866666666666
78,69,83.04867999999999,74.48866666666666
78,70,62.754169999999995,51.140166666666666
78,71,118.86566,132.7465
78,72,139.95689000000002,108.60566666666666
78,73,23.38774,23.158166666666666
78,74,103.8061,87.64816666666667
78,75,103.22407000000001,87.88233333333332
78,76,123.57754,98.99366666666667
78,77,61.13704,45.37833333333333
78,78,0.0,0.0
78,79,129.87242,129.8885
78,80,86.66239,92.961
78,81,151.10841,116.56033333333333
78,82,51.16983999999999,61.279333333333334
78,83,42.72074,33.797333333333334
78,84,97.08396,106.21983333333333
78,85,130.02073,103.59216666666666
78,86,185.69920000000002,133.06266666666667
78,87,118.7038,86.6975
78,88,12.09909,15.553333333333335
78,89,156.30906,112.5725
78,90,25.734509999999997,25.7325
78,91,136.16713000000001,104.435
78,92,117.41011,90.749
78,93,131.99123,131.08433333333335
78,94,134.59225,104.66083333333333
78,95,119.21088,90.87216666666667
78,96,29.08054,33.713499999999996
78,97,110.04156,98.43900000000001
78,98,117.7087,92.51666666666667
78,99,128.57452,100.22
78,100,92.76111,74.22033333333334
78,101,123.64624,97.825
78,102,158.52519,123.69866666666667
78,103,48.48785,55.03033333333334
78,104,130.14438,105.83383333333333
78,105,114.90797,109.80716666666667
78,106,132.30298000000002,99.59916666666666
78,107,92.86139,70.9785
78,108,113.25546,88.47749999999999
78,109,110.5645,81.46000000000001
78,110,109.19641,77.654
78,111,108.25406,75.84533333333334
78,112,109.93889999999999,80.08683333333333
78,113,112.89727,86.60916666666667
78,114,106.06638000000001,73.027
78,115,111.49016,81.34566666666666
78,116,108.10838000000001,75.76983333333332
78,117,115.65763000000001,83.11266666666667
78,118,97.79114,78.7715
78,119,181.77891,133.3485
78,120,133.74792000000002,98.19133333333333
78,121,95.31955,80.252
78,122,201.83519,140.95483333333334
79,0,88.60553,89.37049999999999
79,1,72.61377,83.5925
79,2,82.40682000000001,89.59549999999999
79,3,118.41213,119.28233333333333
79,4,41.18751,48.15533333333334
79,5,85.17335,88.722
79,6,76.90367,85.493
79,7,50.101800000000004,57.378166666666665
79,8,47.298610000000004,53.42483333333333
79,9,59.29497,69.027
79,10,136.11511,141.57566666666668
79,11,42.13805,68.15266666666666
79,12,86.56755,90.12866666666667
79,13,104.71512,99.247
79,14,94.78283,96.41883333333334
79,15,80.21495,92.54133333333333
79,16,152.30116,149.05283333333333
79,17,86.50402,89.25416666666666
79,18,83.72004,88.212
79,19,74.97297999999999,82.63383333333333
79,20,43.134769999999996,50.751666666666665
79,21,45.27924,51.187
79,22,127.01964,113.06283333333334
79,23,68.42289,76.49566666666666
79,24,56.2095,62.646499999999996
79,25,32.07406,36.186
79,26,89.05128,95.23733333333332
79,27,64.23332,71.28299999999999
79,28,99.19666000000001,94.32783333333333
79,29,144.42378,141.27866666666665
79,30,34.2265,41.45016666666667
79,31,70.71371,81.1815
79,32,70.66158,76.96983333333333
79,33,101.84486,96.59916666666666
79,34,99.43757000000001,108.00666666666666
79,35,15.38258,20.066
79,36,16.76757,20.372
79,37,82.12876,92.22016666666667
79,38,142.64053,135.935
79,39,114.79764,109.0425
79,40,129.18007,134.14866666666666
79,41,141.77276999999998,121.26416666666667
79,42,83.62226,85.57633333333334
79,43,94.02409,91.28666666666666
79,44,81.07921,85.92083333333333
79,45,130.39666,128.308
79,46,71.32938,80.11416666666668
79,47,80.07909,81.13016666666667
79,48,75.79041000000001,83.11
79,49,68.13674,76.59183333333334
79,50,127.08364,126.611
79,51,74.95903,83.79116666666667
79,52,42.2117,48.446000000000005
79,53,55.15896,62.217999999999996
79,54,127.11164,125.85316666666667
79,55,94.15927,91.50066666666666
79,56,107.23161,118.36449999999999
79,57,88.9559,94.56966666666668
79,58,142.45622,123.89916666666666
79,59,137.51006,130.93449999999999
79,60,41.42991000000001,46.10466666666667
79,61,77.74266,81.23216666666667
79,62,108.16158,113.62233333333333
79,63,65.97874,77.4585
79,64,76.50955,83.35183333333333
79,65,92.00511,102.616
79,66,117.39309,116.4105
79,67,129.10808,129.37683333333334
79,68,103.01426,99.94333333333334
79,69,127.04137,120.43583333333332
79,70,123.50725999999999,112.4855
79,71,38.9908,47.90533333333334
79,72,77.23367,84.26950000000001
79,73,105.48811,108.00433333333334
79,74,104.50963,99.066
79,75,110.611,109.08366666666667
79,76,79.75583999999999,87.98466666666667
79,77,92.90105,103.36783333333332
79,78,129.78515,130.24433333333334
79,79,0.0,0.0
79,80,58.390209999999996,64.76166666666667
79,81,105.49248,101.93083333333334
79,82,153.12955,144.21766666666664
79,83,127.85692999999999,111.44149999999999
79,84,43.64507,54.22116666666667
79,85,85.04754,95.12433333333334
79,86,64.52879,78.32549999999999
79,87,56.45645,64.1865
79,88,150.06806,137.1055
79,89,65.94283999999999,77.99683333333334
79,90,116.21527,115.75783333333334
79,91,73.44391,80.09899999999999
79,92,73.02399000000001,79.63266666666667
79,93,31.858849999999997,35.53883333333333
79,94,88.97632,90.03133333333334
79,95,63.00969,72.23949999999999
79,96,127.42502,131.74566666666666
79,97,44.98597,50.37083333333333
79,98,72.43319,80.97383333333333
79,99,82.95858,85.5905
79,100,94.98916,91.51
79,101,68.29003999999999,79.9655
79,102,112.90925999999999,109.069
79,103,144.72363,134.82266666666666
79,104,80.74918,89.19083333333333
79,105,42.65949,50.78966666666667
79,106,37.77664,42.580666666666666
79,107,66.32263,78.52216666666666
79,108,66.4092,77.77816666666666
79,109,63.293910000000004,70.66416666666667
79,110,65.60821,77.145
79,111,67.11116,78.14899999999999
79,112,67.31681,80.25233333333334
79,113,68.67852,77.655
79,114,62.271860000000004,72.46616666666667
79,115,58.57861,66.55666666666667
79,116,62.515209999999996,73.53150000000001
79,117,73.52580999999999,86.77466666666666
79,118,235.55945,199.7965
79,119,182.54373,143.83166666666665
79,120,271.51622,219.21633333333332
79,121,143.40742,121.19416666666666
79,122,156.21925,126.32533333333335
80,0,87.55297,77.60483333333333
80,1,80.45249000000001,80.11883333333334
80,2,81.35426,77.82983333333333
80,3,75.53366,83.889
80,4,80.99155,92.31133333333334
80,5,99.12492999999999,89.95333333333333
80,6,75.85111,73.72733333333333
80,7,67.42938000000001,78.393
80,8,31.65129,36.782333333333334
80,9,81.25269999999999,76.70566666666667
80,10,102.41945,109.684
80,11,142.44892000000002,120.33133333333333
80,12,100.51913,91.36
80,13,68.97048,82.60116666666666
80,14,108.73441,97.65016666666666
80,15,113.6722,106.09683333333334
80,16,91.77683999999999,103.39583333333333
80,17,100.4556,90.4855
80,18,97.67161999999999,89.44333333333334
80,19,88.92456,83.86516666666667
80,20,56.04079,66.8425
80,21,62.60682,72.202
80,22,125.96708,101.29716666666667
80,23,82.37447,77.727
80,24,24.235919999999997,36.341
80,25,48.49098,56.06433333333334
80,26,25.00618,34.20316666666667
80,27,42.92608,47.57666666666667
80,28,113.14823,95.55916666666667
80,29,84.63813999999999,99.2895
80,30,74.81902000000001,87.80483333333333
80,31,84.66529,82.41283333333334
80,32,84.61316000000001,78.20116666666667
80,33,115.79644,97.8305
80,34,147.53653,127.41616666666667
80,35,65.71891000000001,74.2195
80,36,45.46131,51.028999999999996
80,37,96.08033999999999,93.4515
80,38,107.749,121.01350000000001
80,39,113.74508,97.27683333333333
80,40,93.46883,101.67983333333333
80,41,140.7202,109.49833333333332
80,42,82.56969000000001,73.8105
80,43,36.796699999999994,41.50533333333333
80,44,95.03079,87.15216666666667
80,45,74.44518,86.19583333333334
80,46,39.35579,53.8085
80,47,113.53633,94.6855
80,48,89.74198,84.34133333333332
80,49,101.59399,90.14716666666666
80,50,84.35722,91.84883333333333
80,51,88.91061,85.02250000000001
80,52,82.01574000000001,92.60183333333333
80,53,72.48653999999999,83.23299999999999
80,54,71.97821,79.44916666666667
80,55,108.11086,92.732
80,56,121.1832,119.59583333333333
80,57,56.98231,68.264
80,58,141.40366,112.1335
80,59,81.63450999999999,92.46566666666666
80,60,18.228,23.543833333333335
80,61,34.40879,45.841833333333334
80,62,141.61882999999997,127.17766666666667
80,63,64.93071,66.35316666666667
80,64,90.46113000000001,84.58316666666666
80,65,61.40392,77.596
80,66,62.25967,70.0065
80,67,93.39684,96.90799999999999
80,68,101.9617,88.17766666666667
80,69,125.9888,108.67016666666667
80,70,88.61573,97.56400000000001
80,71,34.82525,46.18866666666667
80,72,104.62197,94.82950000000001
80,73,71.53041999999999,75.85
80,74,103.45706,87.30016666666667
80,75,109.55844,97.318
80,76,93.70741000000001,89.216
80,77,71.5938,79.66133333333333
80,78,83.13035,95.44633333333333
80,79,58.433769999999996,65.0
80,80,0.0,0.0
80,81,119.44405,103.16216666666666
80,82,127.26716,123.37566666666666
80,83,91.13705,90.45466666666667
80,84,10.7765,16.246666666666666
80,85,98.99911999999999,96.35549999999999
80,86,150.36428,119.28649999999999
80,87,79.59360000000001,70.92066666666666
80,88,94.19251,98.63666666666667
80,89,120.97415,98.79633333333332
80,90,61.08184,69.35383333333333
80,91,100.83221,90.659
80,92,86.97558000000001,80.864
80,93,60.552589999999995,66.19583333333334
80,94,102.9279,91.26266666666668
80,95,83.87596,77.09616666666668
80,96,93.72936,99.854
80,97,42.857949999999995,50.30166666666666
80,98,86.38477,82.20516666666667
80,99,96.91016,86.82183333333334
80,100,93.93659,79.74433333333333
80,101,88.31133,84.04883333333333
80,102,126.86084,110.30033333333334
80,103,117.1875,111.94833333333332
80,104,98.48002000000001,92.43566666666668
80,105,38.91129,47.17133333333334
80,106,55.10421,63.595666666666666
80,107,55.2026,63.402833333333334
80,108,78.39737,77.70166666666667
80,109,74.04699000000001,69.82733333333334
80,110,75.08827000000001,70.449
80,111,75.52905,69.61366666666666
80,112,77.92748,74.40333333333334
80,113,78.36904,78.1765
80,114,70.87109,65.1455
80,115,72.37996000000001,65.56883333333333
80,116,72.79602,66.1895
80,117,81.94369999999999,78.23933333333333
80,118,179.68391,161.32766666666666
80,119,181.49117,132.066
80,120,215.64067,180.7475
80,121,59.2014,68.89083333333333
80,122,170.17083,127.55666666666666
81,0,52.93014,46.453833333333336
81,1,42.53931,39.22716666666667
81,2,60.27004,59.609833333333334
81,3,139.3857,103.164
81,4,144.86225,147.28016666666664
81,5,24.57773,24.3265
81,6,60.31957,58.70666666666667
81,7,55.47553,50.89566666666666
81,8,94.74964,83.97399999999999
81,9,47.90506,42.46483333333333
81,10,142.041,126.0875
81,11,101.41571,80.14533333333334
81,12,21.386650000000003,26.296166666666668
81,13,86.97905,74.30433333333333
81,14,6.91242,11.1715
81,15,34.59353,40.02333333333333
81,16,173.27473,132.93449999999999
81,17,14.483979999999999,19.705499999999997
81,18,18.19876,23.01033333333333
81,19,31.3692,25.531
81,20,62.21389,57.06633333333333
81,21,65.20603,56.525333333333336
81,22,91.34425,70.14616666666667
81,23,37.88146,33.906666666666666
81,24,110.79209,83.68633333333334
81,25,72.60952,68.89516666666667
81,26,125.09061,95.85066666666667
81,27,77.09367999999999,61.59083333333333
81,28,9.35992,13.893
81,29,165.39738,125.1605
81,30,77.11110000000001,71.71716666666666
81,31,35.75065,31.757166666666667
81,32,35.770739999999996,28.455499999999997
81,33,12.00811,16.164166666666667
81,34,106.50331,87.23016666666668
81,35,119.05732,119.19083333333333
81,36,129.77745,117.9435
81,37,27.78264,36.31766666666667
81,38,119.70432000000001,108.3415
81,39,92.66085000000001,79.05683333333333
81,40,150.15366,118.0305
81,41,106.09738,78.34750000000001
81,42,52.72307,52.17483333333333
81,43,130.06341,91.9
81,44,29.880380000000002,27.461166666666667
81,45,151.37023000000002,112.18966666666667
81,46,107.78166999999999,81.95166666666667
81,47,72.50312,54.4995
81,48,39.54054,36.154333333333334
81,49,43.15639,47.92016666666667
81,50,148.05722,110.49283333333332
81,51,34.30211,31.374833333333335
81,52,182.4267,143.16
81,53,55.32206,44.89516666666667
81,54,159.79397,116.75616666666666
81,55,9.553090000000001,15.154666666666666
81,56,27.34179,43.659
81,57,125.4082,96.40716666666667
81,58,106.78084,80.9825
81,59,158.48364,114.81616666666667
81,60,101.34458000000001,87.48433333333334
81,61,113.78199000000001,81.84533333333334
81,62,56.377230000000004,73.14899999999999
81,63,65.57748,65.66916666666667
81,64,33.9935,31.0215
81,65,103.19125,88.6985
81,66,153.43242,117.02383333333334
81,67,150.08166,113.2585
81,68,80.87747,69.95783333333334
81,69,104.90458,90.45016666666668
81,70,105.77117999999999,87.54283333333333
81,71,148.54403,144.79500000000002
81,72,28.0503,29.22683333333333
81,73,128.70604,97.4375
81,74,68.83424000000001,56.149166666666666
81,75,85.96182,72.79416666666665
81,76,39.11054,34.7945
81,77,93.72957000000001,78.8625
81,78,150.75873,114.126
81,79,104.36992,102.61283333333334
81,80,118.39734,105.05749999999999
81,81,0.0,0.0
81,82,135.39348,119.275
81,83,110.12086000000001,86.49883333333334
81,84,125.28223,115.96000000000001
81,85,29.296200000000002,36.564
81,86,109.33106,79.1005
81,87,50.11378,42.87283333333333
81,88,171.04164,120.98716666666665
81,89,79.94094,58.61033333333333
81,90,150.36405,111.88583333333332
81,91,32.33887,35.394666666666666
81,92,37.50185,32.622
81,93,144.86872,133.11033333333333
81,94,22.41132,23.071833333333334
81,95,42.84275,36.91
81,96,148.66656,116.48083333333334
81,97,77.61948,73.0725
81,98,34.951809999999995,29.309
81,99,23.83429,22.457
81,100,72.85237,61.524499999999996
81,101,37.37307,33.849666666666664
81,102,6.727189999999999,9.687666666666667
81,103,126.98755,109.88000000000001
81,104,30.96034,31.267166666666665
81,105,83.23689999999999,84.10799999999999
81,106,66.60216,61.20033333333333
81,107,74.73161,67.3985
81,108,39.135169999999995,35.505
81,109,41.62286,38.09533333333333
81,110,42.34802,39.733666666666664
81,111,44.72213,44.494
81,112,42.79257,38.30833333333333
81,113,38.78151999999999,33.4575
81,114,51.58857,47.87116666666667
81,115,45.985330000000005,41.13016666666667
81,116,43.337540000000004,41.0105
81,117,46.94892,44.16416666666667
81,118,256.53303,183.67816666666667
81,119,146.86834,100.91499999999999
81,120,292.48981,203.09799999999998
81,121,179.44677,121.80733333333333
81,122,66.39027,46.33316666666666
82,0,101.50261,86.77966666666666
82,1,99.62328,92.2655
82,2,82.60972,78.3465
82,3,66.36959,54.64933333333333
82,4,168.76379999999997,180.37
82,5,115.38698,109.15599999999999
82,6,79.56773,72.264
82,7,108.66326,100.52466666666666
82,8,99.68502000000001,106.19733333333333
82,9,102.28009,97.94316666666667
82,10,13.38964,16.660833333333333
82,11,162.38154999999998,139.9118333333333
82,12,116.78119000000001,110.5625
82,13,50.049949999999995,52.8305
82,14,124.99646000000001,116.85266666666666
82,15,133.60481,125.67716666666666
82,16,100.25862,84.41983333333333
82,17,116.71766000000001,109.688
82,18,113.93366999999999,108.64583333333333
82,19,105.18661999999999,103.06766666666667
82,20,112.51241,101.26950000000001
82,21,115.69942999999999,108.77533333333334
82,22,84.09577,77.73233333333333
82,23,102.30709,97.30749999999999
82,24,90.03027,91.1795
82,25,120.65805,109.24733333333333
82,26,103.84039,101.52
82,27,81.4572,81.82516666666668
82,28,129.41029,114.76183333333333
82,29,92.38125,76.64583333333333
82,30,127.6045,123.96716666666666
82,31,104.59791,101.99333333333334
82,32,100.9338,97.11966666666667
82,33,132.05848,117.03299999999999
82,34,167.46914,146.99650000000003
82,35,167.10585999999998,159.543
82,36,133.23354999999998,139.08766666666668
82,37,112.50174000000001,104.622
82,38,35.869510000000005,44.256499999999996
82,39,48.6866,57.25
82,40,38.58755,51.78033333333334
82,41,98.60131,88.41733333333333
82,42,96.51933,82.9855
82,43,90.67555,83.79333333333334
82,44,111.29284,106.35466666666666
82,45,78.35412,63.675
82,46,75.65892,74.45833333333333
82,47,133.46895,114.266
82,48,104.20981,99.92333333333333
82,49,121.52661,109.72766666666666
82,50,75.0411,61.97816666666667
82,51,105.17266000000001,104.22516666666667
82,52,169.78798,180.66066666666666
82,53,116.2879,104.66166666666666
82,54,86.77784,68.2415
82,55,124.37291,111.93466666666667
82,56,136.8025,132.63683333333333
82,57,71.7076,61.6725
82,58,99.28477000000001,91.05233333333334
82,59,85.46752000000001,66.3015
82,60,104.80068,108.6285
82,61,93.47786,90.61166666666666
82,62,161.55144,146.75816666666665
82,63,75.34866000000001,72.25716666666668
82,64,104.92895,100.16516666666666
82,65,60.052769999999995,57.3695
82,66,81.07433,68.97266666666665
82,67,36.03698,45.119
82,68,59.27264,68.02866666666667
82,69,56.22375,53.37683333333334
82,70,31.60239,34.7985
82,71,158.78944,162.51816666666667
82,72,124.55458999999999,114.41000000000001
82,73,55.68992,48.92283333333333
82,74,79.51807000000001,89.23733333333332
82,75,91.41167999999999,84.43166666666666
82,76,108.17524,104.798
82,77,58.97697,52.473333333333336
82,78,51.12465,60.67100000000001
82,79,152.41847,142.965
82,80,126.58618,122.73266666666667
82,81,135.70611,122.36466666666666
82,82,0.0,0.0
82,83,37.251400000000004,35.98016666666667
82,84,137.00775,135.9915
82,85,114.61842999999999,109.3965
82,86,170.29691,138.86700000000002
82,87,103.30151,92.50183333333332
82,88,57.871410000000004,69.65966666666667
82,89,140.90677,118.37683333333332
82,90,77.34792,63.37116666666667
82,91,120.76483,110.23933333333333
82,92,102.0078,96.55333333333333
82,93,148.32480999999999,154.2545
82,94,119.18995,110.46516666666666
82,95,103.80858,96.67666666666668
82,96,22.073150000000002,27.55183333333333
82,97,120.48734,105.205
82,98,102.30641,98.32116666666667
82,99,113.17222,106.02433333333333
82,100,68.47308,75.8095
82,101,108.24395,103.62933333333334
82,102,143.12289,129.50300000000001
82,103,17.313470000000002,18.57
82,104,114.74208,111.63816666666666
82,105,107.45235000000001,117.21916666666667
82,106,116.90068,105.4035
82,107,77.45909,76.78283333333334
82,108,97.85316,94.28183333333332
82,109,95.1622,87.26433333333333
82,110,93.79411,83.45833333333333
82,111,92.85177,81.64966666666666
82,112,94.5366,85.89133333333332
82,113,97.49498,92.41350000000001
82,114,90.66408,78.83133333333333
82,115,96.08787,87.15
82,116,92.70608,81.57416666666667
82,117,100.25533,88.917
82,118,104.32808,102.015
82,119,123.02208999999999,101.36833333333334
82,120,170.72056,146.86133333333333
82,121,141.48673000000002,117.329
82,122,186.43289000000001,146.75916666666666
83,0,76.22868,54.065000000000005
83,1,74.34935,59.55083333333334
83,2,57.33579,45.63166666666667
83,3,30.387169999999998,22.692833333333333
83,4,130.2423,145.93983333333333
83,5,90.11305,76.44116666666667
83,6,54.293800000000005,39.54933333333334
83,7,83.38933,67.81
83,8,61.16354,71.76716666666667
83,9,77.00616000000001,65.2285
83,10,42.89971,41.478500000000004
83,11,137.10761,107.19716666666666
83,12,91.50725999999999,77.84783333333333
83,13,24.75206,20.550333333333334
83,14,99.72252999999999,84.13799999999999
83,15,108.33088000000001,92.9625
83,16,64.27621,52.46333333333334
83,17,91.44373,76.97333333333333
83,18,88.65974,75.93116666666667
83,19,79.91269,70.35300000000001
83,20,87.23848,68.55483333333333
83,21,90.4255,76.06066666666668
83,22,76.79544,72.194
83,23,77.03316000000001,64.59266666666666
83,24,51.50879,56.74933333333333
83,25,95.38413,76.5325
83,26,67.85798,69.5635
83,27,42.93572,47.394999999999996
83,28,104.13636,82.047
83,29,56.39884,44.68933333333334
83,30,102.33057000000001,91.2525
83,31,79.32397999999999,69.2785
83,32,75.65987,64.40483333333333
83,33,106.78456,84.31833333333334
83,34,142.19522,114.28183333333332
83,35,141.83194,126.82833333333333
83,36,94.71205,104.6575
83,37,87.22780999999999,71.90716666666667
83,38,38.67855,42.678
83,39,35.95977,40.26616666666666
83,40,41.155120000000004,37.559333333333335
83,41,100.33171,83.87049999999999
83,42,71.24539999999999,50.27066666666666
83,43,54.69314,51.836666666666666
83,44,86.01891,73.64
83,45,42.37171,31.7185
83,46,37.13743,40.02816666666667
83,47,108.19502,81.55133333333333
83,48,78.93588000000001,67.20866666666667
83,49,96.25268,77.01299999999999
83,50,39.058690000000006,30.021666666666665
83,51,79.89873,71.51033333333334
83,52,131.26648,146.2305
83,53,91.01397,71.94699999999999
83,54,50.79544,36.28483333333334
83,55,99.09898,79.21983333333333
83,56,111.52857,99.922
83,57,35.725190000000005,29.716
83,58,101.01517,86.50566666666667
83,59,49.48511,34.345
83,60,66.2792,74.19833333333332
83,61,54.956379999999996,56.1815
83,62,136.27751999999998,114.0435
83,63,50.07473,39.542500000000004
83,64,79.65502000000001,67.4505
83,65,21.53662,23.364166666666666
83,66,45.09192,37.01616666666666
83,67,41.08313,32.787333333333336
83,68,46.545809999999996,51.04483333333334
83,69,39.83979,42.577
83,70,19.545279999999998,19.2285
83,71,122.80703,130.56166666666667
83,72,99.28066,81.69533333333334
83,73,19.70751,16.966333333333335
83,74,63.129870000000004,60.737833333333334
83,75,62.547839999999994,60.97183333333333
83,76,82.90131,72.08333333333333
83,77,20.460810000000002,18.468
83,78,41.7602,33.654833333333336
83,79,127.14453,110.25033333333334
83,80,90.60377,90.77616666666667
83,81,110.43217999999999,89.65
83,82,37.92592,36.69833333333334
83,83,0.0,0.0
83,84,90.21685000000001,102.67399999999999
83,85,89.34449000000001,76.68183333333333
83,86,145.02297000000002,106.15233333333335
83,87,78.02758,59.787166666666664
83,88,62.04311,40.516
83,89,115.63284,85.66216666666666
83,90,41.36551,31.41466666666667
83,91,95.4909,77.52466666666666
83,92,76.73388,63.83866666666667
83,93,109.80333999999999,119.82433333333333
83,94,93.91602,77.7505
83,95,78.53465,63.96183333333333
83,96,39.66802,36.00966666666667
83,97,95.21341000000001,72.49033333333334
83,98,77.03247999999999,65.60633333333334
83,99,87.89828999999999,73.30966666666667
83,100,52.08488,47.309999999999995
83,101,82.97002,70.91466666666666
83,102,117.84896,96.78816666666667
83,103,27.846259999999997,25.270833333333332
83,104,89.46815,78.9235
83,105,68.93087,82.789
83,106,91.62675,72.68883333333333
83,107,52.18516,44.068
83,108,72.57923,61.56716666666667
83,109,69.88827,54.549499999999995
83,110,68.52018,50.74366666666666
83,111,67.57784,48.934999999999995
83,112,69.26267,53.176500000000004
83,113,72.22105,59.69883333333333
83,114,65.39014,46.11666666666667
83,115,70.81394,54.43533333333333
83,116,67.43215,48.859500000000004
83,117,74.9814,56.20233333333333
83,118,147.5345,103.20700000000001
83,119,141.10269,106.43816666666666
83,120,183.49128,122.62683333333332
83,121,105.50433,85.37233333333333
83,122,161.15895,114.0445
84,0,94.24642,87.42133333333332
84,1,87.14595,89.9355
84,2,88.04771000000001,87.64633333333333
84,3,85.69733000000001,95.79683333333334
84,4,64.63247,78.92233333333334
84,5,105.81838,99.77
84,6,82.54456,83.54383333333334
84,7,72.2866,86.32716666666667
84,8,36.5085,44.71633333333333
84,9,87.94616,86.52216666666666
84,10,112.58311,121.59200000000001
84,11,90.43138,116.19966666666666
84,12,107.21258999999999,101.1765
84,13,75.66394,92.41766666666668
84,14,115.42786,107.46666666666667
84,15,120.36564999999999,115.91333333333334
84,16,101.9405,115.30383333333333
84,17,107.14905,100.30199999999999
84,18,104.36507,99.25983333333333
84,19,95.61802,93.68166666666666
84,20,62.17518,76.38783333333335
84,21,67.46404,80.136
84,22,132.66053,111.11366666666666
84,23,89.06792999999999,87.5435
84,24,38.79761,46.3495
84,25,53.3482,63.998333333333335
84,26,35.16985,46.111
84,27,49.61954,57.393166666666666
84,28,119.8417,105.37583333333333
84,29,94.8018,111.1975
84,30,77.20341,91.403
84,31,91.35875,92.22933333333334
84,32,91.30662,88.01766666666667
84,33,122.48989,107.64699999999999
84,34,154.22998,137.23266666666666
84,35,49.35982,60.8305
84,36,29.102220000000003,37.64
84,37,102.77378999999999,103.268
84,38,114.44245,130.83
84,39,120.43853,107.09333333333333
84,40,103.63249,113.58783333333334
84,41,147.41366,119.315
84,42,89.26315,83.62716666666667
84,43,46.96036,53.413333333333334
84,44,101.72424000000001,96.96866666666666
84,45,84.60885,98.10366666666667
84,46,53.91749,63.817
84,47,120.22979,104.502
84,48,96.43544,94.15783333333334
84,49,108.28744999999999,99.96366666666667
84,50,94.52088,103.75666666666666
84,51,95.60407000000001,94.83916666666667
84,52,65.65666,79.21283333333334
84,53,77.34375999999999,91.167
84,54,82.14188,91.35716666666667
84,55,114.80431,102.54866666666666
84,56,127.87665,129.41233333333332
84,57,71.54401,78.27250000000001
84,58,148.09711,121.95
84,59,91.79817,104.37366666666667
84,60,23.9752,32.16583333333333
84,61,44.572449999999996,57.74983333333333
84,62,148.31228,136.99433333333334
84,63,71.62416999999999,76.16966666666667
84,64,97.15458,94.39966666666666
84,65,75.96562,87.60466666666666
84,66,72.42333,81.9145
84,67,103.5605,108.816
84,68,108.65514999999999,97.99416666666666
84,69,132.68227,118.48666666666666
84,70,95.30918,107.3805
84,71,24.48396,32.67783333333333
84,72,111.31542,104.646
84,73,81.69409,87.758
84,74,110.15052,97.11666666666666
84,75,116.25189,107.13449999999999
84,76,100.40087,99.03266666666667
84,77,78.28727,89.47783333333334
84,78,93.29402,107.35433333333334
84,79,43.4587,53.43033333333334
84,80,10.651209999999999,15.305166666666667
84,81,126.13750999999999,112.97866666666667
84,82,137.43083,135.28366666666668
84,83,101.30071000000001,102.36266666666667
84,84,0.0,0.0
84,85,105.69257,106.17216666666667
84,86,99.36567,120.87100000000001
84,87,86.28706,80.73716666666665
84,88,104.35616999999999,110.54466666666667
84,89,127.66761,108.61283333333334
84,90,71.2455,81.26183333333333
84,91,107.52566,100.4755
84,92,93.66902999999999,90.6805
84,93,44.1935,52.80683333333333
84,94,109.62135,101.07916666666667
84,95,90.56941,86.91266666666667
84,96,103.89302,111.762
84,97,49.551410000000004,60.11816666666667
84,98,93.07822,92.02166666666668
84,99,103.60361999999999,96.63833333333334
84,100,100.63005,89.56083333333332
84,101,95.00478,93.86533333333334
84,102,133.55429999999998,120.117
84,103,127.35116000000001,123.85616666666667
84,104,105.17348,102.25216666666667
84,105,43.76851,55.105333333333334
84,106,59.96144,71.52966666666666
84,107,61.89606,73.21933333333332
84,108,85.09082000000001,87.51816666666667
84,109,80.74045,79.64383333333333
84,110,81.78173,80.2655
84,111,82.22251,79.43016666666668
84,112,84.62092999999999,84.21983333333333
84,113,85.06249000000001,87.993
84,114,77.56455,74.962
84,115,79.07342,75.38533333333334
84,116,79.48948,76.006
84,117,88.63716000000001,88.05583333333334
84,118,189.84756,173.23566666666665
84,119,188.18463,141.88250000000002
84,120,225.80434,192.6555
84,121,69.36507,80.79883333333333
84,122,176.8643,137.37316666666666
85,0,13.9079,25.226
85,1,18.38168,27.579
85,2,31.660490000000003,44.483666666666664
85,3,117.73739,90.1645
85,4,124.47413,141.27233333333334
85,5,19.83247,27.739833333333333
85,6,31.71003,43.5805
85,7,35.0874,44.88783333333333
85,8,76.16596000000001,76.64483333333332
85,9,27.39916,35.58383333333334
85,10,120.39269999999999,113.08816666666667
85,11,80.90981,73.2645
85,12,7.98173,10.404833333333332
85,13,65.33073,61.305
85,14,23.08495,28.988666666666667
85,15,43.33011,53.348499999999994
85,16,151.62642000000002,119.935
85,17,18.92538,28.02283333333333
85,18,12.99845,17.889666666666667
85,19,19.43497,22.176333333333332
85,20,41.82577,51.0585
85,21,44.700129999999994,49.6445
85,22,54.470510000000004,51.58683333333333
85,23,20.0332,29.0115
85,24,92.20841,76.357
85,25,52.221379999999996,62.88733333333333
85,26,106.50693,88.52133333333333
85,27,58.51,54.2615
85,28,34.158139999999996,34.15866666666667
85,29,143.74906,112.161
85,30,56.605199999999996,64.83616666666667
85,31,23.81643,28.402333333333335
85,32,16.17641,23.75183333333333
85,33,36.80634,36.429833333333335
85,34,85.99741,80.34916666666666
85,35,98.6692,113.18299999999999
85,36,111.19377,110.61416666666668
85,37,3.7799099999999997,8.470833333333333
85,38,91.09477000000001,93.21533333333333
85,39,64.05131,63.93066666666667
85,40,128.50534,105.03099999999999
85,41,69.22363,59.78816666666667
85,42,20.23867,35.070166666666665
85,43,111.47972999999999,84.57066666666667
85,44,20.797349999999998,25.706666666666667
85,45,129.72192,99.19033333333333
85,46,89.19799,74.62233333333333
85,47,51.99722,47.618500000000004
85,48,9.68234,13.838666666666667
85,49,40.05488,43.08016666666666
85,50,126.40891,97.49333333333334
85,51,22.36788,28.020166666666668
85,52,161.92081,136.27916666666667
85,53,34.81617,38.01416666666667
85,54,138.14566,103.75666666666666
85,55,29.120759999999997,31.331500000000002
85,56,22.575950000000002,24.669500000000003
85,57,106.82452,89.07783333333333
85,58,69.90709,62.42316666666667
85,59,136.83533,101.81683333333334
85,60,82.76089999999999,80.155
85,61,95.19830999999999,74.516
85,62,80.07971,80.11083333333333
85,63,43.92916,52.669666666666664
85,64,11.741530000000001,18.8085
85,65,81.54294,75.699
85,66,132.44214000000002,104.48783333333334
85,67,128.43334,100.25916666666667
85,68,52.26793,54.83166666666667
85,69,76.29503,75.324
85,70,84.12286999999999,74.5435
85,71,129.96035,137.46566666666666
85,72,28.05391,35.53483333333334
85,73,107.05772999999999,84.438
85,74,31.9605,37.59
85,75,49.088080000000005,54.234833333333334
85,76,7.04364,11.155666666666667
85,77,72.08126,65.863
85,78,129.11041,101.12666666666668
85,79,83.98178999999999,96.605
85,80,99.81366,97.72816666666667
85,81,29.49604,37.176500000000004
85,82,113.74516,106.27566666666667
85,83,88.47255,73.49933333333334
85,84,106.69855,108.63066666666667
85,85,0.0,0.0
85,86,88.82516,72.21966666666667
85,87,29.72565,36.865
85,88,149.39333,107.98783333333334
85,89,59.43504,51.7295
85,90,128.71573,98.88633333333334
85,91,26.19212,34.835166666666666
85,92,12.62524,18.697
85,93,126.28504,125.78099999999999
85,94,23.9378,29.862000000000002
85,95,22.33685,30.029166666666665
85,96,127.01824,103.48150000000001
85,97,57.23135,67.06466666666667
85,98,14.842459999999999,22.965333333333334
85,99,17.61771,24.608166666666666
85,100,39.75275,46.02916666666667
85,101,25.43885,30.495
85,102,35.141160000000006,42.7695
85,103,105.33923,96.8805
85,104,24.24659,30.990333333333336
85,105,62.848769999999995,78.10016666666667
85,106,46.214040000000004,55.1925
85,107,48.86557,57.80333333333333
85,108,18.747040000000002,29.497166666666665
85,109,23.49711,31.967
85,110,19.8732,29.023333333333333
85,111,22.13754,33.2125
85,112,18.63495,26.66033333333333
85,113,17.33794,25.940833333333334
85,114,25.59582,40.18966666666667
85,115,25.5972,35.12233333333334
85,116,21.91818,32.67933333333333
85,117,12.7337,30.982666666666667
85,118,234.88472,170.67883333333333
85,119,109.9946,82.35566666666666
85,120,270.8415,190.09866666666667
85,121,160.86308,114.47800000000001
85,122,91.18073,66.156
86,0,90.48804,68.99816666666668
86,1,80.0972,61.771499999999996
86,2,97.82793,82.15433333333334
86,3,175.36552,122.47783333333334
86,4,75.30202,90.35650000000001
86,5,88.95455,65.42633333333333
86,6,93.51229,79.742
86,7,76.83388000000001,60.756
86,8,103.82887,93.60466666666666
86,9,68.96182,51.19316666666667
86,10,178.02081,145.40133333333333
86,11,15.56009,19.546333333333333
86,12,90.34875,66.833
86,13,122.95885000000001,93.61816666666667
86,14,98.56402,73.12316666666668
86,15,72.79122,61.59533333333333
86,16,209.25455,152.24833333333333
86,17,90.28522,65.9585
86,18,87.50122999999999,64.91633333333333
86,19,78.75417999999999,59.338166666666666
86,20,89.52669999999999,74.0965
86,21,72.24486999999999,57.1195
86,22,128.90215,92.6905
86,23,71.96709,52.693333333333335
86,24,144.10988,100.99233333333333
86,25,87.40536,74.98
86,26,158.40839000000003,113.15666666666667
86,27,110.41145,78.89683333333333
86,28,102.97785,71.03216666666667
86,29,201.37717,144.4741666666667
86,30,44.558769999999996,55.32216666666667
86,31,74.25791000000001,57.37916666666667
86,32,74.44278,53.674166666666665
86,33,105.62605,73.3035
86,34,28.887520000000002,33.85666666666667
86,35,50.31825,62.98800000000001
86,36,70.53913,83.77166666666668
86,37,85.90995,68.92450000000001
86,38,160.88427,130.30616666666666
86,39,130.21875,101.60133333333333
86,40,186.13347,137.34433333333334
86,41,143.65527,100.89183333333334
86,42,90.28097,74.71916666666667
86,43,163.38119,109.20599999999999
86,44,84.86041,62.625
86,45,187.35004999999998,131.5035
86,46,141.09945000000002,99.25766666666667
86,47,46.31616,37.78416666666667
86,48,79.5716,59.81433333333334
86,49,60.71302,45.64566666666666
86,50,184.03703,129.8065
86,51,78.74023,60.4955
86,52,51.548410000000004,75.28566666666667
86,53,62.3609,45.489333333333335
86,54,195.77378,136.06983333333332
86,55,97.94048,68.205
86,56,111.01281,95.06883333333333
86,57,158.72597,113.71316666666667
86,58,144.33872,103.527
86,59,194.46345000000002,134.13
86,60,134.66235999999998,104.79016666666666
86,61,147.09976999999998,99.15133333333333
86,62,74.39864999999999,70.27633333333333
86,63,107.70550999999999,83.64083333333333
86,64,80.29074,60.05616666666666
86,65,139.17106,108.01233333333333
86,66,186.7502,134.32983333333334
86,67,186.06147,132.57233333333335
86,68,118.43536,92.50216666666667
86,69,142.46247,112.99466666666667
86,70,141.751,106.85666666666665
86,71,90.99201,109.16900000000001
86,72,76.43085,58.31583333333333
86,73,164.68583999999998,116.75133333333333
86,74,106.39213000000001,78.69366666666666
86,75,123.51972,95.33866666666667
86,76,83.53703,64.68900000000001
86,77,129.70938,98.17633333333333
86,78,186.73854999999998,133.43983333333333
86,79,64.43221,77.6895
86,80,151.71510999999998,122.3635
86,81,109.27367,78.63516666666666
86,82,171.37328,138.58883333333333
86,83,146.10067,105.8125
86,84,99.43488,121.30283333333334
86,85,88.82873,71.8285
86,86,0.0,0.0
86,87,77.42658,59.903
86,88,207.02145000000002,140.301
86,89,30.53491,25.717166666666667
86,90,186.34384,131.19966666666667
86,91,72.64108999999999,54.14533333333333
86,92,76.8052,56.336999999999996
86,93,73.88922,89.63616666666667
86,94,82.93202000000001,66.316
86,95,67.68489,47.833
86,96,184.64636,135.79466666666667
86,97,100.31727000000001,89.16483333333333
86,98,76.21438,57.67816666666667
86,99,86.73978,62.29483333333334
86,100,110.41027,84.06883333333333
86,101,72.96522999999999,55.559
86,102,116.69045,85.77333333333333
86,103,162.96735999999999,129.19383333333334
86,104,79.94636,63.23716666666667
86,105,99.18975,90.9695
86,106,81.20002000000001,66.8575
86,107,108.04938,84.70450000000001
86,108,76.67172000000001,58.556000000000004
86,109,75.53099,55.18666666666666
86,110,80.14631,62.775
86,111,81.10781,66.25766666666667
86,112,80.35047,60.852833333333336
86,113,76.31806,56.50866666666666
86,114,84.90634,65.17716666666666
86,115,79.3031,58.436166666666665
86,116,77.89403,60.22166666666667
86,117,84.50681,66.70866666666667
86,118,292.51284000000004,202.99200000000002
86,119,184.42623,123.45933333333333
86,120,328.46963,222.4118333333333
86,121,212.76453,139.11333333333332
86,122,160.00045,103.02966666666666
87,0,28.925099999999997,30.603333333333335
87,1,18.53427,23.376666666666665
87,2,31.803330000000003,36.82383333333333
87,3,109.6505,75.03500000000001
87,4,96.33336,107.4945
87,5,31.09385,28.506333333333334
87,6,27.797279999999997,32.299166666666665
87,7,5.9638599999999995,9.459666666666667
87,8,40.33999,47.996
87,9,8.150689999999999,11.4445
87,10,112.3058,97.9585
87,11,67.58422999999999,58.66366666666667
87,12,32.488060000000004,29.91283333333333
87,13,57.24384,46.175333333333334
87,14,40.70333,36.202999999999996
87,15,38.80749,44.428999999999995
87,16,143.53952999999998,104.8055
87,17,32.42452,29.038333333333334
87,18,29.64054,27.996166666666667
87,19,20.89348,22.418
87,20,15.03699,19.038333333333334
87,21,13.00004,17.71033333333333
87,22,67.33921000000001,54.29566666666666
87,23,14.343399999999999,16.279833333333332
87,24,72.65295,50.905
87,25,25.43261,30.867
87,26,86.95146000000001,63.06933333333333
87,27,38.95453,28.8095
87,28,45.117160000000005,34.112
87,29,135.66216,97.03133333333334
87,30,24.90511,32.902166666666666
87,31,16.63421,20.965666666666667
87,32,16.58208,16.754
87,33,47.76536,36.38333333333333
87,34,72.67183,65.74833333333333
87,35,70.52842999999999,79.40516666666667
87,36,71.91342,79.71116666666667
87,37,28.049259999999997,32.004333333333335
87,38,95.16925,82.86316666666667
87,39,72.64575,56.82516666666667
87,40,120.41844999999999,89.90133333333333
87,41,82.09234,62.497
87,42,41.47036,33.359
87,43,91.92427,59.11866666666666
87,44,26.99971,25.705
87,45,121.63503,84.06066666666668
87,46,69.64252,49.17033333333333
87,47,38.67163,33.01766666666666
87,48,21.71091,22.894166666666667
87,49,26.729290000000002,28.479499999999998
87,50,118.32202000000001,82.36366666666666
87,51,20.879540000000002,23.575499999999998
87,52,97.35755,107.78500000000001
87,53,14.59991,21.853333333333335
87,54,130.05877,88.627
87,55,40.07978,31.285
87,56,53.152120000000004,58.14866666666667
87,57,87.26905000000001,63.62583333333334
87,58,82.77579,65.132
87,59,128.74844000000002,86.68716666666666
87,60,63.20543,54.702999999999996
87,61,75.64283999999999,49.064166666666665
87,62,66.75413,65.51
87,63,36.248580000000004,33.5535
87,64,22.430049999999998,23.136000000000003
87,65,66.74652999999999,60.173
87,66,115.29327,84.2425
87,67,120.34644999999999,85.12950000000001
87,68,60.862370000000006,47.726
87,69,84.88947999999999,68.2185
87,70,76.03598,59.41383333333333
87,71,94.13666,107.2445
87,72,29.827419999999996,32.6865
87,73,98.97084,69.30833333333334
87,74,44.8292,40.29883333333333
87,75,68.45911,56.86633333333334
87,76,25.67634,27.769000000000002
87,77,63.99436,50.733333333333334
87,78,121.02352,85.997
87,79,55.841029999999996,62.82716666666667
87,80,80.25819,72.27616666666667
87,81,51.412980000000005,41.715
87,82,105.65827,91.146
87,83,80.38566,58.36966666666667
87,84,87.14309,83.17866666666667
87,85,30.968040000000002,34.908500000000004
87,86,75.49958000000001,57.618833333333335
87,87,0.0,0.0
87,88,141.30644,92.85816666666666
87,89,46.109449999999995,37.12866666666666
87,90,114.11545,83.58983333333335
87,91,26.03767,28.515833333333333
87,92,18.9445,19.416833333333333
87,93,87.0047,94.878
87,94,34.89682,29.8155
87,95,15.84489,15.649000000000001
87,96,118.93135000000001,88.35183333333333
87,97,30.44257,35.0445
87,98,18.35369,20.758
87,99,28.87909,25.374666666666666
87,100,52.83727,39.29266666666667
87,101,20.28025,22.601666666666667
87,102,58.82976,48.85316666666667
87,103,97.25233999999999,81.75083333333333
87,104,30.44895,30.9885
87,105,36.05999,46.080000000000005
87,106,19.19257,22.788833333333333
87,107,36.59246,34.61716666666667
87,108,12.329709999999999,17.562333333333335
87,109,9.21442,10.448333333333332
87,110,13.86558,17.369500000000002
87,111,13.986360000000001,19.791999999999998
87,112,15.57418,20.47683333333333
87,113,14.59903,17.439166666666665
87,114,13.44942,15.09
87,115,7.84618,8.349
87,116,10.77257,13.756
87,117,20.611330000000002,28.04733333333333
87,118,226.79782999999998,155.54916666666668
87,119,122.86330000000001,85.0645
87,120,262.75459,174.969
87,121,141.30760999999998,89.02600000000001
87,122,102.13976,66.1095
88,0,136.71035999999998,86.62266666666666
88,1,134.83103,92.1085
88,2,117.81747,78.18933333333332
88,3,31.82836,21.393166666666666
88,4,172.23566,162.84716666666665
88,5,150.59473,108.99883333333334
88,6,114.77548,72.10683333333333
88,7,143.871,100.36766666666668
88,8,126.94609,104.43266666666666
88,9,137.48782999999997,97.78616666666667
88,10,44.80805,54.0665
88,11,197.58929999999998,139.75483333333335
88,12,151.98894,110.4055
88,13,85.23373,53.108
88,14,160.20420000000001,116.6955
88,15,168.81256,125.52016666666667
88,16,16.38795,21.288999999999998
88,17,151.92541,109.53099999999999
88,18,149.14142,108.48883333333333
88,19,140.39435999999998,102.91066666666667
88,20,147.72016,101.1125
88,21,150.90717,108.61833333333334
88,22,137.27711,104.75166666666668
88,23,137.51484,97.15033333333334
88,24,93.50213000000001,73.65666666666667
88,25,155.86579999999998,109.09016666666666
88,26,71.2409,75.19583333333334
88,27,103.42273,80.3775
88,28,164.61803,114.60466666666666
88,29,16.4665,19.0405
88,30,162.81225,123.81
88,31,139.80566000000002,101.83616666666667
88,32,136.14155,96.9625
88,33,167.26623,116.876
88,34,202.67689000000001,146.83950000000002
88,35,156.963,144.75533333333334
88,36,136.70541,121.56483333333334
88,37,147.70948,104.46483333333335
88,38,101.69289,80.23683333333334
88,39,98.9741,77.82516666666668
88,40,26.57151,34.98116666666667
88,41,160.81339000000003,116.42816666666666
88,42,131.72708,82.82833333333333
88,43,57.65042,56.574333333333335
88,44,146.50059,106.1975
88,45,19.86293,17.278166666666667
88,46,79.13078,56.935500000000005
88,47,168.6767,114.10883333333332
88,48,139.41756,99.76633333333332
88,49,156.73435999999998,109.5705
88,50,14.23591,18.491666666666667
88,51,140.38041,104.068
88,52,173.25984,163.13766666666666
88,53,151.49564,104.50450000000001
88,54,25.804080000000003,19.538666666666664
88,55,159.58066,111.77749999999999
88,56,172.01025,132.47966666666667
88,57,60.83996,41.818999999999996
88,58,161.49684,119.06333333333333
88,59,14.03047,12.094833333333334
88,60,108.27253999999999,91.10566666666666
88,61,71.31795,65.11333333333333
88,62,196.75919,146.60116666666667
88,63,110.55641,72.1
88,64,140.13669000000002,100.00816666666667
88,65,82.01829,55.92166666666667
88,66,32.06841,28.896666666666665
88,67,21.88561,25.882833333333334
88,68,115.3343,83.83583333333333
88,69,102.85413,80.136
88,70,82.55962,56.7875
88,71,125.85858999999999,135.2885
88,72,159.76233,114.253
88,73,43.19319,28.8055
88,74,123.61155000000001,93.29549999999999
88,75,123.02952,93.52950000000001
88,76,143.38298,104.641
88,77,80.94249,51.0255
88,78,12.08039,15.74
88,79,149.67785999999998,135.53583333333333
88,80,93.65532,95.503
88,81,170.91386,122.20766666666667
88,82,57.89581,70.40183333333333
88,83,62.52619,39.44466666666666
88,84,104.07689,108.76183333333333
88,85,149.82617000000002,109.23949999999999
88,86,205.50464000000002,138.71
88,87,138.50925,92.34483333333333
88,88,0.0,0.0
88,89,176.11452,118.21983333333333
88,90,32.560520000000004,28.765833333333333
88,91,155.97258,110.08233333333332
88,92,137.21554999999998,96.39633333333333
88,93,151.79667,136.73166666666665
88,94,154.39770000000001,110.30816666666666
88,95,139.01632999999998,96.51950000000001
88,96,35.80651,42.836
88,97,129.84700999999998,104.08633333333334
88,98,137.51416,98.164
88,99,148.37997000000001,105.86733333333333
88,100,112.56655,79.8675
88,101,143.45169,103.47233333333334
88,102,178.33064000000002,129.34583333333333
88,103,88.57664,60.93816666666667
88,104,149.94983,111.48116666666667
88,105,134.71341,115.45433333333334
88,106,152.10842000000002,105.2465
88,107,112.66684,76.62566666666666
88,108,133.06091,94.12466666666666
88,109,130.36995,87.10716666666667
88,110,129.00186,83.30133333333333
88,111,128.05952,81.49266666666668
88,112,129.74435,85.73416666666667
88,113,132.70272,92.2565
88,114,125.87182000000001,78.67433333333334
88,115,131.29560999999998,86.993
88,116,127.91382,81.41716666666666
88,117,135.46308,88.76
88,118,87.84833,68.45566666666667
88,119,201.58435999999998,138.99583333333334
88,120,123.80510000000001,87.8755
88,121,101.09727000000001,76.857
88,122,221.64064000000002,146.60216666666665
89,0,60.40338,46.01983333333333
89,1,50.012550000000005,38.79316666666667
89,2,67.74327000000001,59.17583333333334
89,3,145.28086,99.49933333333334
89,4,115.46443,103.937
89,5,58.86989,42.448
89,6,63.42764,56.7635
89,7,46.74922,37.7775
89,8,73.74421000000001,70.62616666666666
89,9,38.87717,28.21466666666667
89,10,147.93616,122.423
89,11,22.72892,25.9175
89,12,60.2641,43.8545
89,13,92.8742,70.63983333333334
89,14,68.47938,50.144666666666666
89,15,42.706559999999996,38.61683333333334
89,16,179.16989,129.26983333333334
89,17,60.20057,42.980000000000004
89,18,57.41658,41.93783333333333
89,19,48.66953,36.35966666666666
89,20,59.44204,51.118
89,21,42.16021,34.141
89,22,98.81749,69.71216666666666
89,23,41.88243,29.715
89,24,114.02522,78.01383333333334
89,25,57.32071,52.001666666666665
89,26,128.32372999999998,90.17816666666666
89,27,80.3268,55.91833333333333
89,28,72.8932,48.05383333333334
89,29,171.29253,121.49583333333334
89,30,34.12282,39.88133333333334
89,31,44.17325,34.400666666666666
89,32,44.358129999999996,30.695666666666668
89,33,75.5414,50.325
89,34,43.313550000000006,37.94383333333334
89,35,64.03182,83.8875
89,36,82.53036,94.73266666666667
89,37,55.825300000000006,45.94616666666666
89,38,130.79962,107.32766666666666
89,39,100.13409,78.62283333333333
89,40,156.04881,114.36583333333333
89,41,113.57061999999999,77.91333333333334
89,42,60.19631,51.74083333333333
89,43,133.29653,86.22749999999999
89,44,54.77575,39.64666666666667
89,45,157.26539000000002,108.525
89,46,111.01480000000001,76.27916666666667
89,47,15.95035,12.952333333333334
89,48,49.48695,36.83583333333333
89,49,30.62836,22.667333333333332
89,50,153.95238,106.82816666666666
89,51,48.65558,37.51716666666667
89,52,103.83637,90.13516666666666
89,53,32.27625,22.510833333333334
89,54,165.68913,113.0915
89,55,67.85582000000001,45.22666666666667
89,56,80.92816,72.09033333333333
89,57,128.64132,90.73466666666667
89,58,114.25407000000001,80.5485
89,59,164.37879999999998,111.1515
89,60,104.5777,81.81183333333334
89,61,117.01512,76.173
89,62,44.03283999999999,45.4445
89,63,77.62085,60.6625
89,64,50.206089999999996,37.07783333333334
89,65,109.08641,85.03383333333333
89,66,156.66555,111.35133333333333
89,67,155.97681,109.59383333333334
89,68,88.35071,69.52383333333334
89,69,112.37782000000001,90.01616666666668
89,70,111.66633999999999,83.87816666666666
89,71,104.75359,122.266
89,72,46.346199999999996,35.3375
89,73,134.6012,93.77283333333334
89,74,76.30748,55.71516666666666
89,75,93.43506,72.36016666666666
89,76,53.45238,41.71066666666666
89,77,99.62473,75.19783333333334
89,78,156.65389000000002,110.46133333333334
89,79,66.45797,77.84866666666667
89,80,121.63045,99.385
89,81,79.18902,55.65683333333333
89,82,141.28864000000002,115.61033333333333
89,83,116.01602,82.83416666666668
89,84,128.51536,110.2875
89,85,58.744080000000004,48.850166666666674
89,86,30.74072,26.075666666666667
89,87,47.34192,36.924499999999995
89,88,176.93679999999998,117.3225
89,89,0.0,0.0
89,90,156.25920000000002,108.22116666666668
89,91,42.55644,31.166833333333333
89,92,46.72054,33.358666666666664
89,93,97.62164,109.8995
89,94,52.84736,43.3375
89,95,37.60023,24.854499999999998
89,96,154.56172,112.81633333333333
89,97,70.23262,66.18633333333334
89,98,46.12973,34.699666666666666
89,99,56.65513,39.3165
89,100,80.32561,61.0905
89,101,42.88058,32.5805
89,102,86.6058,62.794999999999995
89,103,132.8827,106.21533333333333
89,104,49.86171,40.25866666666666
89,105,69.10510000000001,67.991
89,106,51.11536,43.87916666666667
89,107,77.96473,61.726
89,108,46.58707,35.577666666666666
89,109,45.44634,32.208333333333336
89,110,50.06166,39.79666666666667
89,111,51.023160000000004,43.27916666666667
89,112,50.265809999999995,37.87433333333333
89,113,46.233410000000006,33.530166666666666
89,114,54.821690000000004,42.19883333333333
89,115,49.21845,35.45783333333333
89,116,47.80938,37.24333333333333
89,117,54.422160000000005,43.73016666666667
89,118,262.42819000000003,180.0135
89,119,154.34158,100.481
89,120,298.38496999999995,199.43333333333334
89,121,182.67988,116.135
89,122,129.9158,80.05116666666666
90,0,112.75712,80.06133333333334
90,1,110.87778999999999,85.54716666666667
90,2,93.86422999999999,71.62816666666666
90,3,15.03203,17.337333333333333
90,4,138.23847,141.71216666666666
90,5,133.23463,101.01183333333333
90,6,90.82222999999999,65.54566666666666
90,7,119.06505,90.002
90,8,92.54494,80.34533333333334
90,9,115.3624,87.76416666666667
90,10,49.85535,52.11266666666667
90,11,176.55863,131.38983333333334
90,12,134.62883,102.4185
90,13,61.2805,46.54666666666667
90,14,142.84410999999997,108.70866666666667
90,15,147.78189,117.15516666666667
90,16,33.28926,39.7265
90,17,134.56529999999998,101.54400000000001
90,18,131.78131,100.50183333333332
90,19,123.03425999999999,94.92366666666666
90,20,98.98572999999999,82.53916666666667
90,21,112.61172,98.00383333333333
90,22,113.32388,98.19033333333333
90,23,116.48416,88.7855
90,24,59.504940000000005,52.52166666666667
90,25,107.13136999999999,90.51683333333334
90,26,38.55914,47.65683333333333
90,27,76.03784,57.49983333333333
90,28,147.25794,106.61766666666668
90,29,26.150560000000002,35.62016666666667
90,30,138.00629999999998,113.4445
90,31,118.77498,93.47133333333333
90,32,118.72285000000001,89.25966666666666
90,33,149.90613000000002,108.889
90,34,181.64622,138.47449999999998
90,35,122.96581,123.62033333333333
90,36,102.70821000000001,100.42983333333333
90,37,123.75625,97.90366666666667
90,38,77.73966,73.67566666666667
90,39,75.02087,71.26383333333334
90,40,33.882940000000005,39.344166666666666
90,41,136.86016,109.867
90,42,107.77383999999999,76.26716666666667
90,43,24.96866,29.03533333333333
90,44,129.14048,98.2105
90,45,13.900709999999998,19.688166666666667
90,46,42.22575,40.63983333333333
90,47,147.64603,105.744
90,48,115.46432,93.205
90,49,135.70369,101.20566666666667
90,50,23.855580000000003,25.297166666666666
90,51,123.0203,96.08099999999999
90,52,139.26266,142.00266666666667
90,53,130.46498,96.13966666666667
90,54,13.490639999999999,15.779833333333332
90,55,142.22054999999997,103.79050000000001
90,56,148.05702,125.9185
90,57,24.89609,26.5265
90,58,137.54360999999997,112.502
90,59,20.12352,26.03083333333333
90,60,74.27535,69.97049999999999
90,61,38.63618,37.574333333333335
90,62,175.72852,138.23616666666666
90,63,86.60316999999999,65.53883333333333
90,64,116.18346000000001,93.44683333333334
90,65,58.065059999999995,49.3605
90,66,3.77209,6.337166666666667
90,67,33.81094,34.57233333333333
90,68,91.38105999999999,77.27466666666666
90,69,78.90089,73.57466666666666
90,70,58.606379999999994,50.22616666666667
90,71,93.17683,107.74966666666666
90,72,138.73166,105.88799999999999
90,73,19.071830000000002,18.010833333333334
90,74,99.65831,86.73416666666667
90,75,99.07628,86.96833333333333
90,76,119.42975,98.07983333333333
90,77,56.98925,44.464333333333336
90,78,26.55709,28.930333333333333
90,79,115.68068,114.40066666666667
90,80,60.97356,67.964
90,81,153.55375,114.22066666666666
90,82,74.70306,65.80433333333333
90,83,38.57295,32.88333333333333
90,84,71.39513000000001,81.223
90,85,125.87294,102.67816666666666
90,86,184.47397,130.345
90,87,113.7033,81.97916666666667
90,88,32.68152,32.20183333333333
90,89,155.08384,109.85483333333333
90,90,0.0,0.0
90,91,134.94191,101.71733333333333
90,92,113.26232,89.83500000000001
90,93,117.79949,115.59666666666666
90,94,137.03759,102.32116666666667
90,95,117.98566000000001,88.15450000000001
90,96,41.16526,42.282666666666664
90,97,95.44586,79.999
90,98,113.56091,91.60283333333334
90,99,131.01986,97.88033333333333
90,100,88.61332,73.30633333333334
90,101,122.42102,95.10733333333333
90,102,160.97053,121.35883333333332
90,103,64.6234,54.37683333333334
90,104,132.58972,103.49416666666666
90,105,100.31227,91.36716666666666
90,106,103.37399,86.67316666666667
90,107,88.7136,70.0645
90,108,109.10767,87.5635
90,109,106.41671000000001,80.546
90,110,105.04863,76.74
90,111,104.10627000000001,74.93133333333334
90,112,105.79111,79.173
90,113,108.74947999999999,85.69516666666667
90,114,101.91859,72.11316666666667
90,115,106.48966,76.62733333333334
90,116,103.96059,74.85583333333334
90,117,111.50984,82.19866666666667
90,118,118.17291,94.89283333333333
90,119,177.63113,132.43449999999999
90,120,154.12969,114.31283333333334
90,121,76.20549000000001,63.46583333333333
90,122,204.28053,138.61516666666665
91,0,26.68214,36.57933333333334
91,1,16.2913,29.352666666666668
91,2,34.02202,49.7355
91,3,114.23597,92.06766666666667
91,4,114.48271000000001,124.77116666666667
91,5,12.52398,16.372
91,6,34.07157,48.832166666666666
91,7,26.757849999999998,30.100666666666665
91,8,59.970769999999995,66.8125
91,9,18.8858,20.53783333333333
91,10,116.89127,114.99133333333333
91,11,64.60273000000001,54.6325
91,12,19.059099999999997,25.374000000000002
91,13,61.82932,63.208
91,14,21.33102,28.480666666666664
91,15,30.14854,35.59883333333333
91,16,148.125,121.83816666666667
91,17,14.468969999999999,21.680833333333332
91,18,16.21158,23.457333333333334
91,19,9.243229999999999,17.163333333333334
91,20,39.450669999999995,43.44116666666666
91,21,28.386770000000002,30.327333333333335
91,22,65.09625,60.27166666666667
91,23,8.77317,17.753
91,24,82.98033,70.58216666666667
91,25,43.54727,48.18783333333333
91,26,97.27884,82.7465
91,27,49.28192,48.486666666666665
91,28,26.14191,27.321166666666667
91,29,140.24764000000002,114.06416666666668
91,30,40.29183999999999,45.51916666666667
91,31,5.75648,11.314166666666667
91,32,9.35111,18.21833333333333
91,33,23.291610000000002,28.152333333333335
91,34,69.69033,61.71716666666667
91,35,88.67778,96.68183333333333
91,36,90.06277,96.98783333333334
91,37,26.96843,33.17016666666667
91,38,93.45631,98.46700000000001
91,39,66.41284,69.18233333333333
91,40,125.00392,106.93416666666667
91,41,79.84937,68.473
91,42,26.475060000000003,42.300333333333334
91,43,102.25165,78.79583333333333
91,44,6.33258,15.029
91,45,126.22050999999999,101.09333333333333
91,46,79.96991,68.84750000000001
91,47,35.690129999999996,28.9865
91,48,16.137340000000002,27.106166666666663
91,49,18.4255,20.27466666666667
91,50,122.90747999999999,99.3965
91,51,6.808560000000001,16.089000000000002
91,52,145.61372,117.64716666666666
91,53,18.5028,18.697166666666664
91,54,134.64423000000002,105.65983333333334
91,55,21.10453,24.494000000000003
91,56,48.47434,57.95933333333333
91,57,97.59643,83.30300000000001
91,58,80.53283,71.10799999999999
91,59,133.33391,103.71983333333333
91,60,73.53281,74.38016666666667
91,61,85.97023,68.74133333333333
91,62,63.77263,61.478833333333334
91,63,46.57596,53.23066666666667
91,64,11.867540000000002,22.653666666666666
91,65,78.04152,77.60216666666666
91,66,125.62066,103.91966666666667
91,67,124.93193,102.16216666666666
91,68,54.62946,60.083333333333336
91,69,78.65657,80.57566666666666
91,70,80.62145,76.4465
91,71,112.286,124.52116666666667
91,72,4.47058,6.9905
91,73,103.55631,86.34116666666667
91,74,42.58623,46.274833333333326
91,75,59.71382,62.919666666666664
91,76,15.06968,28.77583333333333
91,77,68.57983999999999,67.76616666666666
91,78,125.609,103.02966666666666
91,79,73.99038,80.10383333333333
91,80,90.58557,91.95333333333333
91,81,32.43772,34.924166666666665
91,82,110.24375,108.17866666666667
91,83,84.97113,75.40249999999999
91,84,97.47047,102.85583333333334
91,85,26.29026,34.719166666666666
91,86,72.51808,53.58766666666667
91,87,27.35055,29.247666666666664
91,88,145.89191,109.89083333333333
91,89,43.12795,33.09733333333333
91,90,125.21431,100.7895
91,91,0.0,0.0
91,92,12.539069999999999,23.536333333333335
91,93,105.15405,112.15450000000001
91,94,10.97175,14.990499999999999
91,95,17.31384,16.544833333333333
91,96,123.51683,105.38466666666666
91,97,53.63904,59.36783333333334
91,98,11.54861,20.261000000000003
91,99,8.697790000000001,18.1845
91,100,46.60436,51.65
91,101,5.22721,10.748333333333333
91,102,39.854510000000005,42.06233333333333
91,103,101.83782000000001,98.78366666666668
91,104,4.57919,11.535833333333333
91,105,55.33166000000001,64.17733333333334
91,106,37.34192,40.065333333333335
91,107,46.91983999999999,54.294333333333334
91,108,12.92937,25.73
91,109,14.401459999999998,24.776666666666664
91,110,16.14221,29.9585
91,111,18.516330000000004,34.719
91,112,16.54456,28.433833333333332
91,113,12.575719999999999,23.6825
91,114,23.776799999999998,34.767
91,115,18.173560000000002,28.026
91,116,16.764490000000002,29.811666666666667
91,117,20.70091,34.289833333333334
91,118,231.3833,172.58183333333332
91,119,120.62034,91.04050000000001
91,120,267.34006,192.00166666666667
91,121,151.635,108.70316666666666
91,122,83.1645,59.3185
92,0,16.784860000000002,18.522666666666666
92,1,6.39403,11.296166666666666
92,2,24.12475,31.678833333333333
92,3,107.9067,75.83833333333334
92,4,112.48647,124.98933333333333
92,5,16.869229999999998,19.502
92,6,24.17429,30.775666666666666
92,7,23.09975,28.604833333333332
92,8,58.97251,61.07983333333333
92,9,15.41151,19.300833333333333
92,10,110.56201,98.762
92,11,68.92216,56.9815
92,12,15.67338,18.062166666666666
92,13,55.50005,46.978833333333334
92,14,26.47871,27.198833333333333
92,15,40.14543,42.746833333333335
92,16,141.79573000000002,105.60883333333332
92,17,18.199900000000003,20.034166666666668
92,18,15.41592,18.992
92,19,5.83413,11.254333333333333
92,20,29.83811,34.7755
92,21,32.71248,33.3615
92,22,55.19897,42.215
92,23,8.04555,12.7285
92,24,75.01497,60.79216666666667
92,25,40.23373,46.60433333333334
92,26,89.31348,72.9565
92,27,41.31655,38.69666666666667
92,28,30.89254,25.107833333333335
92,29,133.91838,97.83483333333334
92,30,44.61755,48.55316666666667
92,31,7.91594,14.769333333333332
92,32,4.18876,7.468833333333333
92,33,33.54073,27.379166666666666
92,34,74.00977,64.06616666666666
92,35,86.68154,96.9
92,36,94.00031,95.04933333333334
92,37,9.57264,15.021666666666667
92,38,83.55904,80.41033333333333
92,39,56.51557,51.12583333333334
92,40,118.67466,90.70483333333333
92,41,69.9521,50.416333333333334
92,42,16.57779,24.243666666666666
92,43,94.28629,69.00583333333334
92,44,12.77509,16.700666666666667
92,45,119.89124000000001,84.864
92,46,72.00455000000001,59.0575
92,47,40.00957,31.335500000000003
92,48,3.23429,5.911333333333333
92,49,28.067220000000002,26.797166666666666
92,50,116.57822,83.16716666666666
92,51,6.65491,14.571166666666667
92,52,149.93316000000002,119.99616666666667
92,53,22.82852,21.731333333333335
92,54,128.31497,89.4305
92,55,25.85516,22.280666666666665
92,56,34.6755,41.16583333333333
92,57,89.63107000000001,73.51299999999999
92,58,70.63555000000001,53.051500000000004
92,59,127.00464,87.49066666666666
92,60,65.56745,64.59016666666666
92,61,78.00487,58.95116666666667
92,62,68.09205,63.82783333333334
92,63,34.09848,38.3435
92,64,4.06868,7.5095
92,65,71.71225,61.37283333333333
92,66,122.61144999999999,90.16166666666666
92,67,118.60266,85.93299999999999
92,68,44.73219,42.026666666666664
92,69,68.7593,62.51916666666667
92,70,74.29219,60.21716666666667
92,71,112.76691000000001,121.90083333333334
92,72,20.031650000000003,26.528833333333335
92,73,97.22703999999999,70.11183333333334
92,74,32.68896,28.218166666666665
92,75,49.81654,44.863166666666665
92,76,6.09511,10.751833333333334
92,77,62.250569999999996,51.536833333333334
92,78,119.27973,86.80033333333334
92,79,71.99414,80.32199999999999
92,80,82.6202,82.16333333333334
92,81,37.18836,32.71083333333333
92,82,103.91448,91.94933333333333
92,83,78.64186,59.17316666666667
92,84,89.50511,93.06583333333333
92,85,12.491430000000001,17.925666666666665
92,86,76.83752,55.93666666666666
92,87,17.73799,20.582
92,88,139.56264000000002,93.66166666666666
92,89,47.44739,35.4465
92,90,118.88503999999999,84.56016666666666
92,91,12.07395,22.646333333333335
92,92,0.0,0.0
92,93,109.09159,110.21616666666667
92,94,20.6722,20.811333333333334
92,95,10.349200000000002,13.746166666666666
92,96,117.18755,89.15533333333333
92,97,45.2437,50.781666666666666
92,98,2.7847399999999998,6.477333333333333
92,99,14.654459999999998,16.3705
92,100,36.707089999999994,33.593333333333334
92,101,9.53836,16.862000000000002
92,102,44.60514,39.849000000000004
92,103,95.50855,82.55433333333333
92,104,16.22432,21.984333333333332
92,105,50.861110000000004,61.81716666666667
92,106,34.22638,38.9095
92,107,39.03489,43.47716666666667
92,108,6.759390000000001,13.214166666666667
92,109,11.509459999999999,15.684
92,110,7.88555,12.740333333333332
92,111,10.14989,16.9295
92,112,6.64729,10.377333333333333
92,113,5.35029,9.657833333333334
92,114,13.60817,23.90666666666667
92,115,13.60954,18.839333333333332
92,116,9.930530000000001,16.396333333333335
92,117,10.80364,16.233166666666666
92,118,225.05403,156.35266666666666
92,119,110.72306,72.984
92,120,261.01081,175.7725
92,121,143.66963,98.91316666666667
92,122,87.91513,57.105333333333334
93,0,113.81399,105.02433333333333
93,1,106.71352,107.53850000000001
93,2,107.61528,105.24933333333334
93,3,120.5678,120.58816666666667
93,4,20.44014,26.116666666666667
93,5,125.38595,117.373
93,6,102.11213000000001,101.14683333333333
93,7,81.35338,89.23033333333333
93,8,56.11889,59.961
93,9,90.54655,100.87933333333334
93,10,138.27078,142.88166666666666
93,11,64.97565,85.16916666666665
93,12,126.78016000000001,118.77950000000001
93,13,95.23151,110.02066666666666
93,14,134.99542000000002,125.06966666666668
93,15,111.46652,124.39366666666666
93,16,154.45683,150.35866666666666
93,17,126.71663000000001,117.905
93,18,123.93264,116.86283333333334
93,19,115.18558999999999,111.28466666666667
93,20,67.71258999999999,81.23216666666667
93,21,76.53082,83.03933333333333
93,22,152.22809,128.71666666666667
93,23,108.63549,105.1465
93,24,58.36518,63.9525
93,25,63.32564,68.03833333333334
93,26,91.20694999999999,96.54333333333334
93,27,69.1871,74.99616666666667
93,28,139.40927,122.97883333333333
93,29,146.57947000000001,142.58466666666666
93,30,65.47808,73.3025
93,31,110.92631,109.83233333333332
93,32,110.87418,105.62066666666666
93,33,142.05745000000002,125.25
93,34,122.89391,123.08133333333333
93,35,23.90409,29.799833333333332
93,36,15.366340000000001,15.903666666666668
93,37,122.34135,120.87116666666667
93,38,134.01002,148.433
93,39,140.00609,124.69633333333333
93,40,131.33575,135.45466666666667
93,41,166.98122,136.918
93,42,108.83071000000001,101.23016666666668
93,43,96.17976,92.59266666666667
93,44,121.29181,114.57166666666667
93,45,132.55232999999998,129.61383333333333
93,46,73.48505,81.42
93,47,111.33066000000001,112.98233333333333
93,48,116.00300999999999,111.76083333333332
93,49,99.38832000000001,108.44416666666666
93,50,129.23931,127.917
93,51,115.17163000000001,112.44216666666667
93,52,21.46433,26.40716666666667
93,53,86.41054,94.07033333333334
93,54,129.26731,127.15916666666666
93,55,134.37188,120.15166666666667
93,56,147.44422,147.01533333333333
93,57,91.11158,95.87566666666666
93,58,167.66467,139.553
93,59,139.66573,132.2405
93,60,43.58558,47.410666666666664
93,61,79.89833999999999,82.53816666666667
93,62,139.41316,145.47466666666665
93,63,91.19172999999999,93.77266666666667
93,64,116.72215,112.00266666666667
93,65,95.53319,105.20766666666667
93,66,119.54877,117.7165
93,67,131.26375,130.68283333333335
93,68,128.22272,115.59733333333334
93,69,152.24982999999997,136.08966666666666
93,70,114.87675,124.98366666666668
93,71,21.8708,27.42366666666667
93,72,108.48524,116.12183333333334
93,73,107.64377999999999,109.31033333333333
93,74,129.71809,114.71983333333333
93,75,135.81945000000002,124.7375
93,76,119.96844,116.63566666666667
93,77,97.85483,107.08083333333335
93,78,131.94082999999998,131.55016666666668
93,79,31.73338,35.32983333333333
93,80,54.42468,65.933
93,81,145.70507999999998,130.58166666666665
93,82,147.19817,154.70716666666667
93,83,110.14283,120.05933333333334
93,84,44.262080000000005,53.43483333333334
93,85,125.26013999999999,123.77516666666666
93,86,73.90995,89.84033333333333
93,87,87.70802,96.03883333333333
93,88,152.22373000000002,138.41150000000002
93,89,97.19442,109.84916666666666
93,90,118.37094,117.06383333333333
93,91,104.69549,111.95116666666667
93,92,113.23658999999999,108.28366666666668
93,93,0.0,0.0
93,94,129.18892,118.68216666666667
93,95,94.26127000000001,104.09183333333334
93,96,129.5807,133.05166666666668
93,97,54.87376999999999,65.21166666666666
93,98,112.64578999999999,109.62466666666666
93,99,123.17117999999999,114.24133333333333
93,100,120.19762,107.164
93,101,114.57235,111.46833333333333
93,102,153.12186,137.72
93,103,137.11852,143.27983333333336
93,104,124.74105,119.85516666666668
93,105,47.15483999999999,56.065666666666665
93,106,69.02821,74.43299999999999
93,107,81.46363000000001,90.82233333333333
93,108,104.65838000000001,105.12116666666667
93,109,100.30802,97.24683333333334
93,110,101.3493,97.8685
93,111,101.79008,97.03316666666666
93,112,104.1885,101.82283333333334
93,113,104.63005,105.596
93,114,97.13212,92.565
93,115,98.64098,92.98833333333333
93,116,99.05704,93.609
93,117,108.20473,105.65883333333333
93,118,237.71513000000002,201.1025
93,119,207.75219,159.48549999999997
93,120,273.67190999999997,220.52233333333334
93,121,145.56311,122.5
93,122,196.43185999999997,154.97616666666667
94,0,36.88486,34.42783333333333
94,1,26.49403,27.201166666666666
94,2,44.22475,47.58383333333334
94,3,123.34042,91.13799999999999
94,4,128.81697,135.25416666666666
94,5,3.71012,5.2675
94,6,44.27429,46.68066666666667
94,7,39.43025,38.86966666666667
94,8,78.70436,71.94800000000001
94,9,31.859779999999997,30.43883333333333
94,10,125.99573,114.0615
94,11,74.57184,65.99
94,12,20.08516,18.041999999999998
94,13,70.93377000000001,62.27833333333333
94,14,11.181049999999999,15.078
94,15,20.11471,25.341
94,16,157.22945,120.9085
94,17,4.319,8.278
94,18,10.89394,13.288333333333332
94,19,15.32391,13.504999999999999
94,20,46.16861,45.040333333333336
94,21,38.35588,41.68483333333334
94,22,75.29897,58.12016666666667
94,23,21.83617,21.880666666666666
94,24,94.74681,71.66033333333333
94,25,56.56423,56.869166666666665
94,26,109.04533,83.8245
94,27,61.0484,49.56483333333333
94,28,15.991940000000001,13.918333333333333
94,29,149.35209,113.13433333333334
94,30,50.260949999999994,56.8765
94,31,19.70537,19.730999999999998
94,32,19.725459999999998,16.4295
94,33,18.640130000000003,16.189666666666668
94,34,79.65944999999999,73.07466666666666
94,35,103.01204,107.16483333333333
94,36,113.73216000000001,105.9175
94,37,27.9945,25.838166666666666
94,38,103.65903999999999,96.3155
94,39,76.61557,67.03083333333333
94,40,134.10838,106.00450000000001
94,41,90.05208999999999,66.32133333333334
94,42,36.67779,40.14883333333333
94,43,114.01813,79.874
94,44,7.93053,12.215499999999999
94,45,135.32495,100.16366666666666
94,46,91.73639,69.92566666666667
94,47,45.65925,40.344
94,48,23.49526,24.12816666666667
94,49,21.46746,26.702833333333334
94,50,132.01194,98.46666666666667
94,51,18.25683,19.348833333333335
94,52,155.58284,129.0045
94,53,28.471919999999997,30.054666666666666
94,54,143.74869,104.73
94,55,10.954559999999999,11.091333333333333
94,56,49.50041,50.62733333333333
94,57,109.36291,84.38116666666666
94,58,90.73555,68.9565
94,59,142.43836,102.79016666666666
94,60,85.2993,75.45816666666666
94,61,97.73671,69.81933333333333
94,62,41.898410000000005,58.46666666666667
94,63,49.53219,53.643166666666666
94,64,17.948220000000003,18.9955
94,65,87.14597,76.6725
94,66,137.38714000000002,104.99783333333333
94,67,134.03638,101.2325
94,68,64.83219,57.93183333333333
94,69,88.8593,78.42416666666666
94,70,89.7259,75.51683333333334
94,71,132.49875,132.769
94,72,6.3613800000000005,8.0095
94,73,112.66076,85.41149999999999
94,74,52.788959999999996,44.12316666666666
94,75,69.91654,60.768166666666666
94,76,23.06526,22.76833333333333
94,77,77.68428999999999,66.8365
94,78,134.71345000000002,102.1
94,79,88.32464,90.58683333333333
94,80,102.35205,93.03133333333334
94,81,22.28775,21.521333333333335
94,82,119.34819999999999,107.249
94,83,94.07558,74.47283333333333
94,84,109.23695,103.934
94,85,27.31633,27.387166666666666
94,86,82.4872,64.945
94,87,34.0685,30.846833333333333
94,88,154.99635999999998,108.96116666666667
94,89,53.09707,44.45483333333333
94,90,134.31877,99.85983333333334
94,91,10.64995,14.177333333333333
94,92,21.45656,20.596
94,93,128.82344,121.08433333333333
94,94,0.0,0.0
94,95,26.797459999999997,24.884
94,96,132.62126999999998,104.45483333333333
94,97,61.5742,61.0465
94,98,18.90653,17.283
94,99,7.78901,10.431000000000001
94,100,56.807089999999995,49.4985
94,101,21.32779,21.823666666666668
94,102,29.70454,28.659499999999998
94,103,110.94227000000001,97.854
94,104,8.00607,12.5435
94,105,67.19162,72.08200000000001
94,106,50.55688,49.17433333333334
94,107,58.686330000000005,55.372499999999995
94,108,23.08989,23.479
94,109,25.57757,26.069333333333336
94,110,26.30273,27.707666666666668
94,111,28.676849999999998,32.467999999999996
94,112,26.74729,26.282333333333334
94,113,22.736240000000002,21.431500000000003
94,114,35.543279999999996,35.845166666666664
94,115,29.94005,29.104166666666668
94,116,27.29226,28.9845
94,117,30.90364,32.13816666666666
94,118,240.48775,171.65216666666666
94,119,130.82306,88.889
94,120,276.44453000000004,191.072
94,121,163.40147,109.78133333333334
94,122,73.01453,45.91583333333333
95,0,23.11778,25.39783333333333
95,1,12.72695,18.171166666666668
95,2,30.457669999999997,38.553999999999995
95,3,107.92686,79.45916666666668
95,4,104.03371000000001,117.83649999999999
95,5,21.58429,21.826
95,6,26.07364,36.723333333333336
95,7,13.85679,19.988166666666665
95,8,60.62876,58.26133333333333
95,9,5.9847399999999995,10.425333333333333
95,10,110.58216,102.38266666666667
95,11,59.49854,48.59683333333333
95,12,22.97849,23.232666666666667
95,13,55.520199999999996,50.5995
95,14,31.19377,29.52283333333333
95,15,30.72181,34.36216666666667
95,16,141.81589000000002,109.22966666666666
95,17,22.91496,22.358166666666666
95,18,20.13098,21.316
95,19,11.38392,15.737833333333333
95,20,28.09301,31.353666666666665
95,21,23.28886,24.976666666666667
95,22,61.53189,49.09016666666666
95,23,4.55693,9.080666666666668
95,24,76.67122,57.97366666666667
95,25,33.09826,41.253166666666665
95,26,90.96973,70.13799999999999
95,27,42.9728,35.878166666666665
95,28,35.6076,27.431833333333334
95,29,133.93851999999998,101.4555
95,30,35.19393,40.1685
95,31,7.56709,13.431000000000001
95,32,7.072520000000001,10.073833333333333
95,33,38.2558,29.703166666666668
95,34,64.58614,55.6815
95,35,78.22878,89.74716666666667
95,36,79.61377,90.05316666666666
95,37,18.53969,25.324166666666667
95,38,89.89195,87.2855
95,39,62.84849,58.001
95,40,118.6948,94.32566666666666
95,41,76.28502,57.2915
95,42,22.910709999999998,31.118833333333335
95,43,95.94253,66.18733333333333
95,44,17.49015,19.02466666666667
95,45,119.91139,88.48483333333334
95,46,73.66078999999999,56.239000000000004
95,47,30.58595,22.950833333333332
95,48,12.20135,16.214000000000002
95,49,18.64361,18.4125
95,50,116.59838,86.78783333333334
95,51,11.369969999999999,16.895166666666668
95,52,140.50955,111.61149999999999
95,53,13.4049,13.346499999999999
95,54,128.33512,93.05116666666666
95,55,30.570220000000003,24.604666666666667
95,56,43.64255,51.468333333333334
95,57,91.28730999999999,70.6945
95,58,76.96847,59.926500000000004
95,59,127.0248,91.11133333333333
95,60,67.2237,61.771499999999996
95,61,79.66111,56.132666666666665
95,62,58.668440000000004,55.44316666666667
95,63,40.26685,40.622166666666665
95,64,12.92048,16.455833333333334
95,65,71.7324,64.99366666666667
95,66,119.31154,91.31116666666667
95,67,118.62281,89.55366666666667
95,68,51.06511,48.901833333333336
95,69,75.09221000000001,69.39433333333334
95,70,74.31233999999999,63.838
95,71,101.837,117.58649999999999
95,72,21.16234,21.767999999999997
95,73,97.24719999999999,73.73266666666667
95,74,39.021879999999996,35.093333333333334
95,75,56.14946,51.73833333333334
95,76,16.16677,21.088666666666665
95,77,62.270720000000004,55.157666666666664
95,78,119.29988,90.42116666666668
95,79,63.54138,73.16916666666665
95,80,84.27645,79.34483333333333
95,81,41.90341,35.03483333333334
95,82,103.93463,95.57016666666667
95,83,78.66202,62.794
95,84,91.16135,90.24733333333333
95,85,21.458479999999998,28.228166666666667
95,86,67.4139,47.552
95,87,15.992899999999999,17.160166666666665
95,88,139.5828,97.28233333333333
95,89,38.02377,27.061666666666667
95,90,118.9052,88.181
95,91,17.372580000000003,17.59733333333333
95,92,9.434940000000001,12.736666666666668
95,93,94.70505,105.21983333333333
95,94,25.387259999999998,23.13533333333333
95,95,0.0,0.0
95,96,117.20771,92.77600000000001
95,97,43.498599999999996,47.359833333333334
95,98,8.84413,14.077833333333333
95,99,19.36952,18.6945
95,100,43.04001,40.4685
95,101,5.6131899999999995,9.494
95,102,49.3202,42.173
95,103,95.5287,86.17516666666667
95,104,20.93938,24.308333333333334
95,105,44.88265,57.242666666666665
95,106,26.892919999999997,33.13066666666666
95,107,40.610730000000004,41.685833333333335
95,108,9.301459999999999,14.955666666666668
95,109,8.09234,12.168000000000001
95,110,12.51431,19.18433333333333
95,111,13.66916,23.238999999999997
95,112,12.98021,17.2525
95,113,8.947809999999999,12.908333333333333
95,114,17.46768,22.1585
95,115,11.864450000000001,15.417499999999999
95,116,10.45538,17.203166666666668
95,117,17.13655,23.108333333333334
95,118,225.07419000000002,159.97333333333333
95,119,117.05597999999999,79.859
95,120,261.03095,179.39316666666667
95,121,145.32588,96.09466666666667
95,122,92.6302,59.42933333333334
96,0,114.99286000000001,84.33133333333333
96,1,113.11353,89.81716666666667
96,2,96.09997,75.89816666666667
96,3,32.32176,31.293833333333335
96,4,150.21035999999998,159.88583333333332
96,5,128.87723,106.70766666666667
96,6,93.05798,69.81566666666666
96,7,122.15351,98.07633333333334
96,8,104.92079,101.47116666666668
96,9,115.77033999999999,95.49483333333333
96,10,9.00157,11.230500000000001
96,11,175.87179999999998,137.46349999999998
96,12,130.27144,108.11416666666668
96,13,63.516239999999996,50.81666666666667
96,14,138.48672,114.40433333333334
96,15,147.09506,123.22883333333333
96,16,66.21078999999999,61.06433333333334
96,17,130.20791,107.23966666666666
96,18,127.42392,106.1975
96,19,118.67687,100.61933333333333
96,20,126.00266,98.82116666666667
96,21,129.18967999999998,106.327
96,22,115.55962,102.46033333333334
96,23,115.79733999999999,94.85916666666667
96,24,71.47683,70.69533333333334
96,25,134.14829999999998,106.79899999999999
96,26,70.94745,78.705
96,27,81.70523,78.08616666666667
96,28,142.90054999999998,112.3135
96,29,58.33342,53.290333333333336
96,30,141.09475,121.51883333333333
96,31,118.08816,99.545
96,32,114.42405000000001,94.67133333333332
96,33,145.54873,114.58466666666666
96,34,180.95939,144.54816666666665
96,35,134.9377,141.79399999999998
96,36,114.68010000000001,118.6035
96,37,125.99199,102.17366666666666
96,38,43.295919999999995,67.47116666666666
96,39,59.63933,69.107
96,40,16.51444,24.2285
96,41,139.09589000000003,114.137
96,42,110.00958,80.53716666666666
96,43,57.78261,60.97833333333333
96,44,124.78309,103.90633333333334
96,45,44.306290000000004,40.3195
96,46,57.10548,53.97416666666666
96,47,146.9592,111.81766666666667
96,48,117.70006,97.475
96,49,135.01685999999998,107.27933333333334
96,50,31.45024,36.3265
96,51,118.66291,101.77683333333333
96,52,151.23453,160.17633333333333
96,53,129.77814999999998,102.21333333333334
96,54,52.730019999999996,44.885999999999996
96,55,137.86316,109.48633333333333
96,56,150.29275,130.1885
96,57,38.81466,38.857499999999995
96,58,139.77934,116.77199999999999
96,59,51.4197,42.946000000000005
96,60,86.24724,88.14416666666666
96,61,71.02449,68.6225
96,62,175.04169,144.30983333333333
96,63,88.83891,69.80883333333333
96,64,118.4192,97.71683333333334
96,65,60.3008,53.6305
96,66,47.0265,45.61716666666667
96,67,13.96386,17.567166666666665
96,68,70.22538,79.88550000000001
96,69,62.85289,69.95166666666667
96,70,42.55512,46.65533333333334
96,71,125.8965,139.70316666666668
96,72,138.04483,111.96166666666666
96,73,22.796979999999998,26.107833333333335
96,74,101.89405000000001,91.00416666666666
96,75,101.31202,91.23816666666667
96,76,121.66548,102.34966666666666
96,77,59.22499,48.73433333333333
96,78,29.05153,33.119166666666665
96,79,127.65257000000001,132.5745
96,80,93.69323,99.91766666666668
96,81,149.19636,119.91633333333333
96,82,22.08934,27.565833333333334
96,83,40.808690000000006,37.15333333333333
96,84,104.1148,113.1765
96,85,128.10867,106.94816666666667
96,86,183.78714000000002,136.41866666666667
96,87,116.79176,90.0535
96,88,35.79829,42.10783333333333
96,89,154.39702,115.9285
96,90,43.30009,40.01566666666667
96,91,134.25508,107.791
96,92,115.49805,94.105
96,93,129.77138,133.77033333333333
96,94,132.6802,108.01683333333334
96,95,117.29883,94.22816666666667
96,96,0.0,0.0
96,97,107.82171000000001,101.125
96,98,115.79666,95.87283333333333
96,99,126.66247,103.57600000000001
96,100,90.84906,77.57633333333334
96,101,121.7342,101.181
96,102,156.61314000000002,127.0545
96,103,19.407349999999997,21.31683333333333
96,104,128.23233,109.18983333333334
96,105,112.68812,112.493
96,106,130.39093,102.95516666666667
96,107,90.94933999999999,74.33449999999999
96,108,111.34341,91.8335
96,109,108.65245,84.816
96,110,107.28436,81.01
96,111,106.34202,79.20133333333334
96,112,108.02685000000001,83.44283333333333
96,113,110.98523,89.96516666666666
96,114,104.15432000000001,76.383
96,115,109.57811,84.70166666666667
96,116,106.19633,79.12583333333333
96,117,113.74558,86.46866666666666
96,118,85.3637,82.08133333333333
96,119,145.00239000000002,128.498
96,120,157.44713000000002,124.74583333333334
96,121,108.5938,94.514
96,122,199.92314000000002,144.31083333333333
97,0,56.8478,50.837833333333336
97,1,49.74732,53.352
97,2,50.649089999999994,51.06283333333333
97,3,98.66258,86.421
97,4,75.29359,91.42683333333333
97,5,58.66686,58.79966666666667
97,6,45.14594,46.96033333333333
97,7,33.076449999999994,39.748333333333335
97,8,13.529950000000001,17.572
97,9,36.578739999999996,41.882
97,10,116.36555,108.7145
97,11,69.5252,85.09533333333334
97,12,60.06106,60.20633333333333
97,13,72.95738,60.714333333333336
97,14,68.27633999999999,66.4965
97,15,67.23554,74.8665
97,16,126.74775,115.71433333333333
97,17,59.99753,59.33183333333333
97,18,57.21354,58.28966666666667
97,19,48.46649,52.7115
97,20,16.62827,20.829333333333334
97,21,28.31627,33.8065
97,22,95.26191,74.53016666666667
97,23,41.9164,46.57333333333334
97,24,36.31532,42.57066666666666
97,25,13.389280000000001,16.190833333333334
97,26,68.88877000000001,61.151833333333336
97,27,20.961779999999997,26.5455
97,28,72.69016,64.4055
97,29,124.67424000000001,108.4175
97,30,40.52846,49.40933333333333
97,31,44.20722,51.25916666666667
97,32,44.155089999999994,47.0475
97,33,75.33836,66.67683333333333
97,34,101.09988,96.18583333333332
97,35,59.837089999999996,66.4865
97,36,39.76334,50.1445
97,37,55.622260000000004,62.29783333333333
97,38,110.88279,97.40233333333335
97,39,83.03991,70.50983333333333
97,40,109.43052,101.2875
97,41,110.01503,82.73133333333334
97,42,51.86452,47.04366666666667
97,43,73.86157,57.20133333333333
97,44,54.57271,55.998333333333335
97,45,110.64711,95.44683333333334
97,46,51.57983,47.252833333333335
97,47,67.09967999999999,63.45516666666666
97,48,49.283910000000006,53.18766666666667
97,49,55.15734,58.91683333333334
97,50,107.33409,93.74983333333333
97,51,48.45254,53.868833333333335
97,52,76.31777000000001,91.71733333333333
97,53,38.195989999999995,44.8375
97,54,106.94913000000001,91.76766666666667
97,55,67.65277999999999,61.57833333333333
97,56,80.72511999999999,88.44200000000001
97,57,69.20635,61.7085
97,58,110.69847999999999,85.3665
97,59,117.76052,98.07333333333332
97,60,25.6798,32.0395
97,61,57.58015,47.14666666666667
97,62,95.18217,95.9475
97,63,34.22554,39.58616666666667
97,64,50.00305,53.4295
97,65,48.73356,57.87866666666666
97,66,97.23058,82.325
97,67,109.35853,96.51566666666666
97,68,71.25652000000001,61.410666666666664
97,69,95.28363,81.90316666666666
97,70,91.74952,73.95283333333333
97,71,61.98657,77.67783333333334
97,72,58.25547,63.124
97,73,85.73855999999999,75.14316666666667
97,74,72.75189,60.533166666666666
97,75,78.85327000000001,70.551
97,76,53.24934,58.06233333333333
97,77,49.62951,58.63033333333333
97,78,110.0356,97.383
97,79,45.14969,49.908500000000004
97,80,42.73255,49.61266666666667
97,81,78.98598,72.0085
97,82,121.37181,105.685
97,83,96.0992,72.90883333333333
97,84,49.61745,60.515166666666666
97,85,58.54104,65.20183333333334
97,86,103.92763000000001,88.05633333333334
97,87,29.44161,36.096333333333334
97,88,130.31852,104.24433333333333
97,89,74.5375,67.566
97,90,96.05275,81.67233333333334
97,91,54.46571,58.95333333333333
97,92,46.5175,49.71033333333333
97,93,54.854620000000004,65.31133333333334
97,94,62.46982,60.109
97,95,43.41789,45.94233333333333
97,96,107.67547,98.88449999999999
97,97,0.0,0.0
97,98,45.92669,51.051500000000004
97,99,56.45209,55.66816666666667
97,100,63.23142,52.977333333333334
97,101,47.85325,52.89516666666667
97,102,86.40277,79.14666666666668
97,103,112.96588,96.28999999999999
97,104,58.02195,61.282000000000004
97,105,9.24994,15.656
97,106,20.443990000000003,24.101
97,107,28.285970000000002,37.73733333333333
97,108,39.90271,47.85583333333333
97,109,36.78742,40.74183333333334
97,110,44.3831,43.682
97,111,44.823879999999996,42.84666666666667
97,112,47.222300000000004,47.63633333333333
97,113,42.17203,47.73266666666667
97,114,40.16592,38.3785
97,115,32.07212,36.63433333333333
97,116,42.090849999999996,39.4225
97,117,51.23854,51.47233333333334
97,118,215.80991,166.93533333333335
97,119,150.786,105.29899999999999
97,120,251.76667,186.35516666666666
97,121,123.24491,87.10866666666668
97,122,129.71276,96.403
98,0,17.48405,21.252166666666668
98,1,7.0932200000000005,14.0255
98,2,24.82394,34.408166666666666
98,3,108.60589,78.56766666666667
98,4,112.26803,125.90716666666667
98,5,15.326319999999999,17.418833333333335
98,6,24.87348,33.505
98,7,22.881310000000003,29.522666666666666
98,8,62.15542,62.601
98,9,15.19307,20.218833333333336
98,10,111.2612,101.49133333333333
98,11,68.70373,57.89933333333333
98,12,16.72052,18.825499999999998
98,13,56.19923,49.70816666666666
98,14,24.93579,25.115666666666666
98,15,38.521589999999996,42.214666666666666
98,16,142.49492,108.33816666666667
98,17,16.65699,17.951
98,18,13.873,16.908833333333334
98,19,4.09184,9.553333333333335
98,20,29.61968,35.693333333333335
98,21,32.49404,34.279333333333334
98,22,55.898160000000004,44.94433333333333
98,23,7.827109999999999,13.646333333333333
98,24,78.19788,62.31333333333334
98,25,40.01529,47.522166666666664
98,26,92.49639,74.47766666666666
98,27,44.49946,40.21783333333334
98,28,29.349619999999998,23.02466666666667
98,29,134.61756,100.56416666666668
98,30,44.39912,49.471000000000004
98,31,6.37303,12.686166666666667
98,32,3.74674,8.151833333333334
98,33,31.99782,25.296
98,34,73.79133,64.984
98,35,86.46310000000001,97.81783333333333
98,36,97.18322,96.5705
98,37,11.73483,19.698833333333333
98,38,84.25823,83.13966666666667
98,39,57.214760000000005,53.85516666666667
98,40,119.37384,93.43416666666667
98,41,70.65128999999999,53.14566666666666
98,42,17.27698,26.973000000000003
98,43,97.4692,70.527
98,44,11.23217,14.6175
98,45,120.59043,87.59333333333333
98,46,75.18745,60.57866666666666
98,47,39.791129999999995,32.25333333333334
98,48,5.3964799999999995,10.588666666666667
98,49,27.84879,27.71516666666667
98,50,117.27741,85.8965
98,51,5.112,12.488
98,52,149.71472,120.914
98,53,22.610080000000004,22.649166666666666
98,54,129.01416,92.15983333333334
98,55,24.312240000000003,20.197499999999998
98,56,36.83769,45.842999999999996
98,57,92.81398,75.03416666666666
98,58,71.33474000000001,55.780833333333334
98,59,127.70383,90.22
98,60,68.75036,66.11133333333333
98,61,81.18777,60.47233333333334
98,62,67.87363,64.74566666666666
98,63,34.79766,41.07283333333333
98,64,6.11562,10.8305
98,65,72.41144,64.10216666666666
98,66,123.31064,92.891
98,67,119.30184,88.66233333333334
98,68,45.43138,44.756
98,69,69.45848,65.24849999999999
98,70,74.99138,62.9465
98,71,115.94981,123.422
98,72,18.48873,24.445666666666668
98,73,97.92622999999999,72.84116666666667
98,74,33.38814,30.947499999999998
98,75,50.515730000000005,47.5925
98,76,9.36191,15.463333333333333
98,77,62.949760000000005,54.26616666666666
98,78,119.97892,89.52966666666666
98,79,71.7757,81.23983333333334
98,80,85.80311,83.6845
98,81,35.64544,30.627666666666666
98,82,104.61366000000001,94.67866666666667
98,83,79.34105000000001,61.9025
98,84,92.68802000000001,94.587
98,85,14.65361,22.602833333333333
98,86,76.61908,56.8545
98,87,17.519560000000002,21.499833333333335
98,88,140.26182999999997,96.391
98,89,47.22895,36.364333333333335
98,90,119.58422999999999,87.2895
98,91,10.531030000000001,20.563166666666667
98,92,3.35778,7.056333333333333
98,93,112.2745,111.73733333333332
98,94,19.129279999999998,18.728166666666667
98,95,10.13076,14.664
98,96,117.88674,91.88466666666666
98,97,45.02526,51.699666666666666
98,98,0.0,0.0
98,99,13.11155,14.287333333333333
98,100,37.406279999999995,36.32266666666667
98,101,7.99545,14.778833333333333
98,102,43.06222,37.76583333333333
98,103,96.20774,85.28366666666668
98,104,14.68141,19.901166666666665
98,105,50.64268,62.735
98,106,34.007949999999994,39.82733333333333
98,107,42.137389999999996,46.0255
98,108,6.54095,14.132
98,109,11.29102,16.601833333333335
98,110,8.58473,15.469666666666665
98,111,10.84907,19.658833333333334
98,112,7.34648,13.106666666666666
98,113,6.1873000000000005,12.084666666666667
98,114,18.99434,26.49816666666667
98,115,13.391110000000001,19.757166666666667
98,116,10.629719999999999,19.125666666666667
98,117,11.50283,18.9625
98,118,225.75322,159.082
98,119,111.42225,75.71333333333334
98,120,261.71,178.50183333333334
98,121,146.85253,100.43433333333334
98,122,86.37222,55.022166666666664
99,0,30.94917,31.851333333333333
99,1,20.55833,24.624666666666666
99,2,38.28905,45.0075
99,3,117.40473,88.5615
99,4,122.88127,132.67766666666665
99,5,3.34328,6.493833333333333
99,6,38.3386,44.104166666666664
99,7,33.494550000000004,36.29316666666667
99,8,72.76866,69.37166666666667
99,9,25.92408,27.862333333333332
99,10,120.06003,111.48516666666666
99,11,79.43473,65.54299999999999
99,12,9.54184,15.090666666666667
99,13,64.99807,59.702
99,14,13.38835,16.474833333333333
99,15,26.97415,33.574
99,16,151.29377,118.33200000000001
99,17,4.78292,8.474666666666668
99,18,4.6916899999999995,9.955833333333334
99,19,9.388219999999999,10.928666666666667
99,20,40.23292,42.46383333333333
99,21,43.22505,41.92283333333333
99,22,69.36327,55.54366666666667
99,23,15.90048,19.304166666666667
99,24,88.81111999999999,69.08383333333333
99,25,50.62854,54.29266666666667
99,26,103.10963000000001,81.24816666666668
99,27,55.1127,46.98833333333334
99,28,17.80218,14.383999999999999
99,29,143.41639,110.55799999999999
99,30,55.130120000000005,57.11466666666667
99,31,13.769680000000001,17.154666666666667
99,32,13.78976,13.853
99,33,20.450380000000003,16.655333333333335
99,34,84.52234,72.62766666666667
99,35,97.07634,104.58833333333334
99,36,107.79646000000001,103.341
99,37,22.058799999999998,23.261666666666667
99,38,97.72334,93.739
99,39,70.67988000000001,64.4545
99,40,128.17267,103.42800000000001
99,41,84.1164,63.745
99,42,30.74209,37.57233333333333
99,43,108.08244,77.2975
99,44,4.26734,9.6645
99,45,129.38926,97.58716666666666
99,46,85.80069999999999,67.34916666666666
99,47,50.52214,39.897000000000006
99,48,17.55956,21.55183333333333
99,49,23.55133,32.39516666666667
99,50,126.07624,95.89033333333333
99,51,12.321129999999998,16.772333333333332
99,52,160.44573,128.5575
99,53,33.341089999999994,30.292666666666666
99,54,137.81298,102.15366666666667
99,55,12.7648,11.556833333333334
99,56,43.56471,48.05083333333334
99,57,103.42722,81.80466666666666
99,58,84.79985,66.38000000000001
99,59,136.50267000000002,100.21383333333333
99,60,79.3636,72.88183333333333
99,61,91.80102000000001,67.243
99,62,48.75785,66.6995
99,63,43.5965,51.06666666666667
99,64,12.01253,16.419
99,65,81.21027000000001,74.096
99,66,131.45144,102.42133333333332
99,67,128.10067999999998,98.65616666666666
99,68,58.89649,55.355333333333334
99,69,82.92360000000001,75.84783333333333
99,70,83.7902,72.94033333333333
99,71,126.56305,130.19266666666667
99,72,8.99949,14.706999999999999
99,73,106.72506,82.83500000000001
99,74,46.85326,41.54683333333333
99,75,63.98085,58.191833333333335
99,76,17.12956,20.192
99,77,71.74859,64.26
99,78,128.77775,99.5235
99,79,82.38895,88.01033333333334
99,80,96.41636,90.455
99,81,24.098,21.987000000000002
99,82,113.4125,104.6725
99,83,88.13988,71.89633333333333
99,84,103.30126,101.3575
99,85,21.38064,24.81066666666667
99,86,87.35009,64.49816666666666
99,87,28.1328,28.270333333333333
99,88,149.06067000000002,106.38466666666666
99,89,57.95996,44.00783333333333
99,90,128.38306,97.28333333333333
99,91,12.583770000000001,19.683333333333334
99,92,15.52087,18.01966666666667
99,93,122.88774000000001,118.50783333333334
99,94,7.581840000000001,10.0875
99,95,20.86177,22.307666666666666
99,96,126.68558,101.8785
99,97,55.6385,58.470166666666664
99,98,12.97083,14.7065
99,99,0.0,0.0
99,100,50.87139,46.922000000000004
99,101,15.392100000000001,19.247333333333334
99,102,31.51478,29.125166666666665
99,103,105.00657000000001,95.27749999999999
99,104,5.19217,10.1625
99,105,61.255919999999996,69.50566666666667
99,106,44.621190000000006,46.598
99,107,52.750629999999994,52.79600000000001
99,108,17.1542,20.90266666666667
99,109,19.64188,23.492833333333333
99,110,20.36704,25.131166666666665
99,111,22.74115,29.891666666666666
99,112,20.81159,23.706
99,113,16.80054,18.855166666666666
99,114,29.607590000000002,33.26883333333333
99,115,24.00435,26.527833333333334
99,116,21.35656,26.408
99,117,24.96794,29.561833333333333
99,118,234.55206,169.07566666666668
99,119,124.88736999999999,86.3125
99,120,270.50884,188.49566666666666
99,121,157.46578,107.20483333333333
99,122,74.82478,46.381499999999996
100,0,27.28257,24.311333333333334
100,1,34.72086,32.8715
100,2,18.28157,17.483
100,3,79.98043,62.825500000000005
100,4,140.05425,131.82266666666666
100,5,52.10315,50.53666666666666
100,6,22.460990000000002,19.517999999999997
100,7,58.16195,46.505
100,8,69.4962,56.57083333333333
100,9,54.45929,44.26716666666667
100,10,74.69756,80.90666666666667
100,11,101.0384,86.36216666666665
100,12,44.356809999999996,50.0465
100,13,27.57378,33.966
100,14,61.71263,58.233333333333334
100,15,72.26166,72.1275
100,16,113.86947,92.59616666666668
100,17,53.43382,51.068666666666665
100,18,50.64984,50.026500000000006
100,19,39.76931,44.2395
100,20,54.27785,47.190666666666665
100,21,65.19812,54.75566666666667
100,22,33.49382,28.3595
100,23,40.16179,42.10916666666667
100,24,85.53866000000001,56.283166666666666
100,25,62.42349,55.16833333333333
100,26,99.83717,68.4475
100,27,51.84025,34.18766666666667
100,28,66.12644999999999,56.142500000000005
100,29,105.99210000000001,84.82199999999999
100,30,77.10319,69.9475
100,31,39.647949999999994,45.05583333333333
100,32,36.62471,38.0485
100,33,68.77466,58.41366666666667
100,34,106.126,93.44683333333334
100,35,108.8713,105.464
100,36,104.52400999999999,90.54033333333334
100,37,38.28171,42.153666666666666
100,38,48.15933999999999,48.97666666666667
100,39,21.115869999999997,19.692166666666665
100,40,90.74838000000001,77.69200000000001
100,41,48.24695,36.56066666666666
100,42,22.63985,19.928
100,43,104.80998,64.49683333333333
100,44,48.009,47.73533333333333
100,45,91.96497000000001,71.85133333333333
100,46,82.52823,54.5485
100,47,72.1258,60.716166666666666
100,48,38.56588,40.45116666666667
100,49,60.18346,56.17783333333333
100,50,88.65195,70.15433333333334
100,51,41.88883,45.60583333333333
100,52,141.07844,132.11316666666667
100,53,54.94475,51.11183333333334
100,54,100.3887,76.41766666666668
100,55,61.08907,53.315333333333335
100,56,62.58247,70.1685
100,57,65.48076999999999,66.31750000000001
100,58,48.9304,39.19583333333333
100,59,99.07838000000001,74.47783333333334
100,60,76.09114,60.081
100,61,88.52855000000001,54.44216666666667
100,62,100.20830000000001,93.20833333333333
100,63,37.25941,32.59583333333333
100,64,39.285019999999996,40.693
100,65,43.78598,48.36016666666667
100,66,94.68517999999999,77.14899999999999
100,67,90.67639,72.92016666666667
100,68,9.33249,10.593166666666667
100,69,33.35959,31.085500000000003
100,70,36.599669999999996,39.48633333333333
100,71,123.29059,117.39183333333334
100,72,55.26557,57.56333333333334
100,73,69.30077,57.099000000000004
100,74,11.0451,13.427999999999999
100,75,16.92923,19.733333333333334
100,76,42.53131,45.326
100,77,34.3243,38.524
100,78,91.35346000000001,73.78766666666667
100,79,94.18391,88.886
100,80,93.14389999999999,77.65433333333334
100,81,72.42227,63.74533333333333
100,82,68.05002999999999,74.09416666666667
100,83,50.71559,46.160333333333334
100,84,100.0288,88.55683333333333
100,85,40.39839,46.92833333333333
100,86,108.95375,85.31733333333334
100,87,52.80019,38.482166666666664
100,88,111.63638,80.64883333333334
100,89,79.56363,64.827
100,90,90.95877,71.54733333333334
100,91,45.027,53.784666666666666
100,92,36.363879999999995,37.08116666666667
100,93,119.61528,105.70716666666667
100,94,55.90611,51.84583333333333
100,95,42.46543,43.12683333333334
100,96,89.26128,76.1425
100,97,62.25278,51.126
100,98,36.66248,38.849000000000004
100,99,49.88838,47.405
100,100,0.0,0.0
100,101,41.76836,47.98733333333333
100,102,79.83905,70.88366666666667
100,103,59.64411,64.69916666666667
100,104,51.458239999999996,53.01883333333333
100,105,71.50269,66.78216666666667
100,106,58.66612,51.324666666666666
100,107,42.19582,37.7295
100,108,33.26459,35.980000000000004
100,109,33.89011,34.24616666666667
100,110,29.552529999999997,26.405166666666666
100,111,28.463169999999998,24.122166666666665
100,112,29.14309,25.631666666666668
100,113,33.41033,33.6175
100,114,32.6883,28.45716666666667
100,115,45.58655,33.13033333333333
100,116,31.38292,29.354166666666668
100,117,31.23811,28.458833333333335
100,118,197.12777,143.33983333333333
100,119,89.01791,59.12833333333333
100,120,233.08453,162.75966666666667
100,121,154.19332999999997,94.40416666666667
100,122,123.14905,88.13983333333334
101,0,22.87958,29.202166666666667
101,1,12.48874,21.9755
101,2,30.219459999999998,42.358333333333334
101,3,110.43341000000001,84.6905
101,4,109.30859,125.21149999999999
101,5,14.59183,17.844
101,6,30.269009999999998,41.455000000000005
101,7,19.13167,27.363166666666665
101,8,63.13532,63.49283333333334
101,9,11.25962,17.800333333333334
101,10,113.08872,107.61416666666668
101,11,64.77342,55.97183333333333
101,12,15.986040000000001,19.2505
101,13,58.02675,55.831
101,14,24.201310000000003,25.540666666666667
101,15,35.99669,41.73716666666667
101,16,144.32245,114.461
101,17,15.9225,18.375999999999998
101,18,13.13852,17.333833333333335
101,19,6.1409899999999995,10.954666666666666
101,20,30.59957,36.585166666666666
101,21,28.563740000000003,32.35183333333333
101,22,61.29368,52.8945
101,23,4.97061,10.375833333333333
101,24,79.17777000000001,63.205000000000005
101,25,40.99519,48.41383333333333
101,26,93.47628999999999,75.36933333333333
101,27,45.47936,41.10966666666666
101,28,28.61514,23.449833333333334
101,29,136.44508,106.687
101,30,40.46881,47.5435
101,31,1.95392,3.937
101,32,5.5485500000000005,10.841166666666668
101,33,31.26334,25.721
101,34,69.86102000000001,63.0565
101,35,83.50366,97.12216666666667
101,36,84.88865,97.42816666666666
101,37,23.89537,27.046666666666667
101,38,89.65375,91.08983333333335
101,39,62.61029,61.80533333333334
101,40,121.20136,99.557
101,41,76.04681,61.09583333333333
101,42,22.6725,34.92316666666667
101,43,98.44909,71.41883333333334
101,44,7.88657,14.057500000000001
101,45,122.41794999999999,93.71616666666667
101,46,76.16735,61.47033333333333
101,47,35.86082,30.326
101,48,12.33478,19.729166666666668
101,49,23.918490000000002,25.787666666666667
101,50,119.10493,92.01933333333334
101,51,3.7355,9.965499999999999
101,52,145.78442,118.98649999999999
101,53,18.679779999999997,20.721666666666668
101,54,130.84168,98.28266666666667
101,55,23.577759999999998,20.622666666666664
101,56,45.40128,51.836
101,57,93.79387,75.926
101,58,76.73027,63.731
101,59,129.53135,96.34266666666667
101,60,69.73026,67.003
101,61,82.16766,61.36416666666666
101,62,63.94332,62.81816666666667
101,63,42.773410000000005,45.85366666666666
101,64,8.79448,16.530166666666666
101,65,74.23896,70.225
101,66,121.81809,96.5425
101,67,121.12937,94.78516666666665
101,68,50.8269,52.70616666666667
101,69,74.85400999999999,73.19866666666667
101,70,76.81889,69.06933333333333
101,71,116.92971,124.31383333333333
101,72,8.99234,13.9965
101,73,99.75375,78.964
101,74,38.78367,38.897666666666666
101,75,55.91125,55.54266666666667
101,76,11.99662,22.652333333333335
101,77,64.77728,60.389
101,78,121.80644000000001,95.65249999999999
101,79,68.81626,80.54416666666665
101,80,86.78300999999999,84.57616666666667
101,81,34.910959999999996,31.052666666666667
101,82,106.44119,100.8015
101,83,81.16857,68.02533333333334
101,84,93.66791,95.47883333333333
101,85,23.217200000000002,28.595666666666666
101,86,72.68877,54.927
101,87,18.49945,22.391666666666666
101,88,142.08936,102.51383333333334
101,89,43.29865,34.43683333333333
101,90,121.41175,93.41233333333334
101,91,4.48613,8.261166666666666
101,92,8.73651,16.159166666666668
101,93,99.97991999999999,112.595
101,94,18.3948,19.153166666666667
101,95,5.43154,8.939666666666666
101,96,119.71427,98.0075
101,97,46.005160000000004,52.59133333333333
101,98,7.74605,12.883833333333333
101,99,12.37706,14.712333333333333
101,100,42.8018,44.27283333333333
101,101,0.0,0.0
101,102,42.32774,38.191
101,103,98.03526,91.40650000000001
101,104,12.507850000000001,18.917666666666666
101,105,51.62257,63.62683333333334
101,106,32.167790000000004,40.505833333333335
101,107,43.117290000000004,46.91716666666667
101,108,9.126809999999999,18.352833333333333
101,109,10.598889999999999,17.3995
101,110,12.339649999999999,22.581500000000002
101,111,14.71377,27.341833333333334
101,112,12.742,21.056833333333334
101,113,8.77316,16.305333333333333
101,114,19.97424,27.39
101,115,14.371,20.649
101,116,12.96193,22.4345
101,117,16.898349999999997,26.912666666666667
101,118,227.58075,165.20483333333334
101,119,116.81777000000001,83.66350000000001
101,120,263.53753,184.62466666666666
101,121,147.83244,101.32616666666667
101,122,85.63772999999999,55.44716666666667
102,0,54.1997,53.530833333333334
102,1,43.80886,46.30416666666667
102,2,61.53958,66.687
102,3,140.65525,110.241
102,4,146.13181,154.35716666666667
102,5,25.43563,30.557833333333335
102,6,61.58913,65.78366666666666
102,7,56.74508,57.97266666666667
102,8,96.01919000000001,91.051
102,9,49.17461,49.54183333333334
102,10,143.31056,133.16466666666668
102,11,102.68526,87.22250000000001
102,12,26.80506,31.414499999999997
102,13,88.24859,81.38133333333333
102,14,12.33082,16.289833333333334
102,15,42.30223,47.449333333333335
102,16,174.54428,140.0115
102,17,19.90238,24.823833333333333
102,18,23.61716,28.128666666666668
102,19,32.63875,32.60816666666667
102,20,63.48345,64.14333333333333
102,21,66.47558000000001,63.602333333333334
102,22,92.6138,77.22316666666667
102,23,39.15101,40.983666666666664
102,24,112.06165,90.76333333333334
102,25,73.87906,75.97216666666667
102,26,126.36016000000001,102.92766666666667
102,27,78.36323,68.66783333333333
102,28,17.06861,21.319000000000003
102,29,166.66692,132.2375
102,30,78.38064999999999,78.79416666666665
102,31,37.020199999999996,38.83416666666667
102,32,37.04029,35.5325
102,33,19.716810000000002,23.59016666666667
102,34,107.77286,94.30716666666667
102,35,120.32688,126.26783333333333
102,36,131.04699,125.0205
102,37,33.20105,41.436
102,38,120.97386999999999,115.4185
102,39,93.93041000000001,86.13383333333333
102,40,151.4232,125.1075
102,41,107.36693,85.42450000000001
102,42,53.99262,59.25183333333334
102,43,131.33297,98.977
102,44,31.14993,34.53816666666667
102,45,152.63978,119.26666666666667
102,46,109.05122999999999,89.02866666666667
102,47,73.77266,61.5765
102,48,40.810089999999995,43.23133333333333
102,49,44.01429,54.151500000000006
102,50,149.32676999999998,117.56983333333332
102,51,35.57166,38.45183333333333
102,52,183.69625,150.237
102,53,56.59161,51.972166666666666
102,54,161.06351999999998,123.83316666666666
102,55,17.26179,22.580666666666666
102,56,21.833119999999997,35.67183333333333
102,57,126.67774,103.48416666666667
102,58,108.05038,88.0595
102,59,159.75319,121.89316666666667
102,60,102.61413,94.56133333333334
102,61,115.05153999999999,88.9225
102,62,60.85538,78.47666666666667
102,63,66.84702,72.74616666666667
102,64,35.26305,38.098499999999994
102,65,104.4608,95.7755
102,66,154.70197,124.10083333333334
102,67,151.3512,120.3355
102,68,82.14702,77.03483333333334
102,69,106.17413,97.52716666666667
102,70,107.04073,94.61983333333333
102,71,149.81357999999997,151.87199999999999
102,72,28.9082,35.458
102,73,129.97558999999998,104.5145
102,74,70.10378999999999,63.22616666666667
102,75,87.23138,79.87116666666667
102,76,33.32647,41.467333333333336
102,77,94.99911999999999,85.9395
102,78,152.02828,121.203
102,79,105.63947999999999,109.68983333333334
102,80,119.66688,112.13449999999999
102,81,6.8229,9.822166666666668
102,82,136.66303,126.352
102,83,111.39041,93.57583333333334
102,84,126.55179,123.037
102,85,34.7146,41.68233333333333
102,86,110.60061,86.1775
102,87,51.38333,49.94983333333333
102,88,172.31119,128.06416666666667
102,89,81.21047999999999,65.68733333333333
102,90,151.63359,118.96283333333334
102,91,33.196769999999994,41.626
102,92,38.77139,39.69916666666666
102,93,146.13826999999998,140.18733333333333
102,94,23.26922,29.303166666666666
102,95,44.112300000000005,43.98716666666667
102,96,149.93610999999999,123.55799999999999
102,97,78.88903,80.14966666666666
102,98,36.22136,36.385999999999996
102,99,25.10384,29.534
102,100,74.12192,68.6015
102,101,38.64263,40.926833333333335
102,102,0.0,0.0
102,103,128.2571,116.95700000000001
102,104,29.73159,37.83383333333334
102,105,84.50645,91.185
102,106,67.87172,68.27733333333335
102,107,76.00116,74.4755
102,108,40.404720000000005,42.582
102,109,42.892410000000005,45.172333333333334
102,110,43.61757,46.81066666666666
102,111,45.99168,51.571000000000005
102,112,44.06212,45.38533333333333
102,113,40.05107,40.534666666666666
102,114,52.85812,54.948166666666665
102,115,47.25488,48.207166666666666
102,116,44.60709,48.0875
102,117,48.21847,51.24133333333334
102,118,257.80258,190.75516666666667
102,119,148.13789000000003,107.992
102,120,293.75934,210.175
102,121,180.71631,128.88433333333333
102,122,67.81094,49.428
103,0,104.6526,76.7215
103,1,102.77327000000001,82.20733333333332
103,2,85.75972,68.28833333333334
103,3,56.27736,43.30050000000001
103,4,158.67156,169.02133333333333
103,5,118.53698,99.09783333333333
103,6,82.71772999999999,62.20583333333333
103,7,111.81326,90.46666666666667
103,8,89.5928,94.8485
103,9,105.43008,87.88516666666666
103,10,15.06236,16.2165
103,11,165.53154999999998,129.8538333333333
103,12,119.93119,100.50450000000001
103,13,53.17599,43.207
103,14,128.14646000000002,106.7945
103,15,136.75481,115.61916666666666
103,16,90.16638999999999,73.071
103,17,119.86765,99.63000000000001
103,18,117.08367,98.58783333333334
103,19,108.33661000000001,93.00966666666666
103,20,115.66241000000001,91.21149999999999
103,21,118.84943,98.71733333333333
103,22,81.83439,91.08933333333333
103,23,105.45709,87.24933333333334
103,24,79.93805,79.83083333333335
103,25,123.80805000000001,99.18916666666668
103,26,93.74816,90.17116666666668
103,27,71.36498,70.4765
103,28,132.56028,104.70366666666668
103,29,82.28902000000001,65.297
103,30,130.7545,113.909
103,31,107.74791,91.93516666666666
103,32,104.08379,87.0615
103,33,135.20848,106.975
103,34,170.61914000000002,136.9385
103,35,170.25585999999998,149.48483333333334
103,36,123.14131,127.739
103,37,115.65173,94.56383333333333
103,38,23.897470000000002,46.16316666666667
103,39,40.24089,47.799
103,40,35.9445,45.6505
103,41,96.33993,101.77433333333333
103,42,99.66933,72.92733333333334
103,43,80.58332,72.4445
103,44,114.44283999999999,96.2965
103,45,68.26189,52.32616666666667
103,46,65.5667,63.109500000000004
103,47,136.61895,104.20783333333334
103,48,107.3598,89.86533333333334
103,49,124.67661,99.6695
103,50,64.94887,50.629333333333335
103,51,108.32266,94.167
103,52,159.69575,169.3118333333333
103,53,119.4379,94.6035
103,54,76.68562,56.89266666666666
103,55,127.52291000000001,101.87650000000001
103,56,139.9525,122.57866666666668
103,57,61.615379999999995,50.32383333333333
103,58,97.02338,104.40933333333334
103,59,75.37530000000001,54.95283333333334
103,60,94.70845,97.27966666666666
103,61,83.38563,79.26283333333335
103,62,164.70144,136.70016666666666
103,63,78.49866,62.199
103,64,108.07894999999999,90.10716666666667
103,65,49.96054,46.02066666666666
103,66,70.9821,57.62383333333333
103,67,33.39393,38.98916666666666
103,68,50.82693,58.577666666666666
103,69,43.454440000000005,48.64366666666667
103,70,23.15668,25.34733333333333
103,71,148.6972,151.16933333333333
103,72,127.70458,104.352
103,73,45.59769,37.574
103,74,71.07235,79.78633333333333
103,75,68.22595,77.81566666666666
103,76,111.32522999999999,94.74
103,77,48.88474,41.1245
103,78,67.65038,54.2625
103,79,155.56845,132.90683333333334
103,80,116.49395,111.38383333333333
103,81,138.85610999999997,112.30666666666666
103,82,17.30091,18.648666666666667
103,83,27.15917,24.631333333333334
103,84,126.91552,124.64266666666667
103,85,117.76841999999999,99.33850000000001
103,86,173.44689000000002,128.809
103,87,106.4515,82.44383333333333
103,88,87.9333,61.12383333333333
103,89,144.05677,108.31866666666666
103,90,67.25569999999999,52.022333333333336
103,91,123.91483,100.18133333333334
103,92,105.15780000000001,86.49533333333333
103,93,138.23259,142.90583333333333
103,94,122.33995,100.40716666666667
103,95,106.95858,86.6185
103,96,19.4301,21.422
103,97,123.63734,95.14699999999999
103,98,105.45641,88.26299999999999
103,99,116.32221000000001,95.96633333333332
103,100,60.02736,66.35833333333333
103,101,111.39395,93.57116666666667
103,102,146.27289000000002,119.44483333333332
103,103,0.0,0.0
103,104,117.89207,101.58016666666667
103,105,97.36013,105.87033333333333
103,106,120.05068,95.34549999999999
103,107,80.60909,66.72466666666666
103,108,101.00316000000001,84.22366666666667
103,109,98.31219999999999,77.20616666666666
103,110,96.94411,73.40033333333334
103,111,96.00177000000001,71.5915
103,112,97.68660000000001,75.83316666666666
103,113,100.64497,82.35549999999999
103,114,93.81407,68.77333333333333
103,115,99.23786,77.09200000000001
103,116,95.85607,71.51616666666668
103,117,103.40533,78.859
103,118,103.51189,102.546
103,119,140.21395,119.58083333333335
103,120,209.38145,143.23466666666667
103,121,131.39452,105.98016666666668
103,122,189.58289000000002,136.70116666666667
104,0,32.82898,39.242333333333335
104,1,22.43814,32.01566666666667
104,2,40.168870000000005,52.39833333333333
104,3,119.28453999999999,95.9525
104,4,118.88945,135.56833333333333
104,5,4.433590000000001,8.480833333333333
104,6,40.218410000000006,51.49516666666667
104,7,31.16459,40.898
104,8,74.64847,76.7625
104,9,23.292540000000002,31.335166666666666
104,10,121.93983999999999,118.876
104,11,69.00946,65.42983333333333
104,12,16.14301,21.416333333333334
104,13,66.87788,67.09283333333333
104,14,18.108169999999998,26.098333333333336
104,15,26.692790000000002,37.146
104,16,153.17356,125.723
104,17,9.617379999999999,18.26383333333333
104,18,9.155959999999999,17.408833333333334
104,19,11.268030000000001,18.319666666666667
104,20,42.112730000000006,49.85483333333333
104,21,32.7935,41.12466666666667
104,22,71.24309,62.934666666666665
104,23,17.78029,26.69516666666667
104,24,90.69093,76.47483333333334
104,25,47.954,58.98516666666667
104,26,104.98944999999999,88.63916666666667
104,27,56.99252,54.379333333333335
104,28,22.63664,24.173333333333336
104,29,145.2962,117.949
104,30,44.69857,56.31633333333333
104,31,10.17231,21.987833333333334
104,32,15.66957,21.244000000000003
104,33,25.28484,26.4445
104,34,74.09706,72.5145
104,35,93.08452,107.47916666666667
104,36,94.46951,107.78500000000001
104,37,24.05234,29.2125
104,38,99.60315,101.13000000000001
104,39,72.55969,71.84533333333334
104,40,130.05248,110.819
104,41,85.99621,71.13583333333332
104,42,32.621900000000004,44.96333333333334
104,43,109.96224000000001,84.6885
104,44,3.9940900000000004,8.390333333333334
104,45,131.26907999999997,104.97816666666667
104,46,87.68051,74.74016666666667
104,47,40.09687,39.783833333333334
104,48,25.197020000000002,28.84016666666667
104,49,19.21414,26.432666666666666
104,50,127.95605,103.28133333333334
104,51,9.293299999999999,20.351666666666667
104,52,150.02045,128.44433333333333
104,53,22.90954,29.494500000000002
104,54,139.69279999999998,109.54466666666667
104,55,17.599259999999997,21.346166666666665
104,56,45.55825,54.00183333333334
104,57,105.30703,89.19566666666667
104,58,86.67966,73.771
104,59,138.38247,107.60466666666666
104,60,81.24341,80.27283333333334
104,61,93.68083,74.63383333333333
104,62,48.4765,70.27166666666668
104,63,45.47631,58.45766666666667
104,64,13.89234,23.81
104,65,83.09008,81.48700000000001
104,66,133.33125,109.81233333333333
104,67,129.98049,106.047
104,68,60.776300000000006,62.74633333333334
104,69,84.80341,83.23866666666666
104,70,85.67002000000001,80.33133333333333
104,71,116.69273,135.31833333333333
104,72,4.6623,8.744333333333334
104,73,108.60488000000001,90.22600000000001
104,74,48.73307,48.93766666666667
104,75,65.86066000000001,65.58266666666667
104,76,19.123099999999997,26.142833333333332
104,77,73.62841,71.65100000000001
104,78,130.65756,106.9145
104,79,78.39712,90.90100000000001
104,80,98.29616,97.846
104,81,28.93246,31.776166666666665
104,82,115.29231,112.0635
104,83,90.0197,79.28733333333334
104,84,105.18107,108.74849999999999
104,85,23.37418,30.761666666666667
104,86,76.92481,64.38483333333333
104,87,30.012610000000002,35.66133333333333
104,88,150.94047,113.77566666666667
104,89,47.534690000000005,43.894666666666666
104,90,130.26288,104.67433333333334
104,91,4.54347,11.344166666666666
104,92,17.40068,25.410666666666668
104,93,109.56078,122.95183333333333
104,94,8.498959999999999,14.884666666666668
104,95,21.72058,27.342166666666667
104,96,128.56539,109.26950000000001
104,97,57.51831,65.86116666666666
104,98,14.85064,22.0975
104,99,5.01227,10.223166666666666
104,100,52.7512,54.313
104,101,9.643040000000001,21.422
104,102,36.349239999999995,38.91433333333334
104,103,106.88638,102.6685
104,104,0.0,0.0
104,105,59.73839,74.9745
104,106,41.748650000000005,50.86266666666667
104,107,54.63044,60.187
104,108,19.03401,28.293499999999998
104,109,21.52169,30.88383333333333
104,110,22.24685,32.522166666666664
104,111,24.62096,37.2825
104,112,22.6914,31.096833333333333
104,113,18.680349999999997,26.246166666666667
104,114,31.4874,40.659666666666666
104,115,25.88416,33.91866666666667
104,116,23.236369999999997,33.799
104,117,26.84775,36.95283333333334
104,118,236.43185999999997,176.46666666666667
104,119,126.76718,93.7035
104,120,272.38863,195.8865
104,121,159.34559,114.59583333333333
104,122,79.65923,56.17066666666666
105,0,66.1785,66.60033333333334
105,1,51.648559999999996,64.62383333333334
105,2,59.97979,66.82516666666668
105,3,102.63253999999999,95.67366666666666
105,4,67.65545,82.38733333333333
105,5,64.20814,69.75333333333333
105,6,54.476639999999996,62.722833333333334
105,7,31.98503,41.24216666666667
105,8,8.09597,12.5175
105,9,42.12003,52.83566666666666
105,10,120.33552,117.96716666666666
105,11,68.37139,86.33983333333335
105,12,65.60234,71.16000000000001
105,13,52.04726,70.21466666666667
105,14,73.81763000000001,77.45
105,15,62.098169999999996,76.4055
105,16,130.71771,124.96700000000001
105,17,65.53881,70.2855
105,18,62.75483,69.24333333333334
105,19,54.007769999999994,63.665166666666664
105,20,22.16956,31.783
105,21,27.162470000000003,35.051
105,22,104.59261000000001,90.2925
105,23,47.45769,57.527
105,24,36.640029999999996,44.452999999999996
105,25,13.046629999999999,18.913333333333334
105,26,72.85873,70.40450000000001
105,27,26.002860000000002,35.19016666666666
105,28,78.23145,75.35916666666667
105,29,128.64419999999998,117.67016666666667
105,30,39.374660000000006,50.65383333333333
105,31,49.7485,62.212833333333336
105,32,49.69638,58.00116666666667
105,33,80.87965,77.6305
105,34,95.96251,97.72466666666666
105,35,52.3828,64.2955
105,36,32.125209999999996,41.105000000000004
105,37,61.16355,73.25150000000001
105,38,90.82578,108.627
105,39,92.37061,86.27216666666666
105,40,113.40048,110.54016666666666
105,41,119.34572999999999,98.49383333333334
105,42,61.19523,62.806000000000004
105,43,77.83153,66.45383333333334
105,44,60.114,66.952
105,45,114.61707000000001,104.69933333333333
105,46,55.54979,56.5055
105,47,61.962309999999995,64.99416666666667
105,48,54.825199999999995,64.14133333333334
105,49,50.01997,60.45583333333333
105,50,111.30405,103.0025
105,51,53.99382,64.8225
105,52,68.67964,82.67783333333334
105,53,37.042190000000005,46.082
105,54,110.91909,101.02033333333334
105,55,73.19407000000001,72.532
105,56,86.26641000000001,99.39566666666666
105,57,73.17631,70.961
105,58,120.02919,101.12899999999999
105,59,121.73048,107.32583333333334
105,60,21.86043,27.911
105,61,61.550110000000004,56.39933333333333
105,62,90.04480000000001,97.48633333333333
105,63,43.55625,55.34866666666667
105,64,55.54434,64.38316666666667
105,65,53.77464,66.52316666666667
105,66,101.20055,91.57766666666666
105,67,113.32849,105.76816666666667
105,68,80.58722999999999,77.17316666666667
105,69,104.61434,97.66550000000001
105,70,71.6925,85.1775
105,71,54.348440000000004,68.63833333333334
105,72,59.11689,68.1335
105,73,89.70852000000001,84.39583333333333
105,74,82.08259,76.29566666666666
105,75,88.18397,86.31333333333333
105,76,58.79063,69.016
105,77,54.67059,67.27483333333333
105,78,114.00556,106.63566666666667
105,79,42.54378,49.644
105,80,38.85282,46.726
105,81,84.52727,82.96216666666666
105,82,101.3148,116.90966666666667
105,83,69.32719,82.83383333333333
105,84,43.92429,55.80466666666667
105,85,64.08233,76.1555
105,86,98.79025999999999,89.59516666666667
105,87,34.98289,47.05
105,88,134.28848000000002,113.49683333333334
105,89,69.40013,69.105
105,90,100.02272,90.925
105,91,55.32714,63.963
105,92,52.05879,60.664
105,93,47.216480000000004,56.27183333333333
105,94,68.01111,71.06266666666667
105,95,44.89291,56.10366666666666
105,96,111.64542999999999,108.13716666666666
105,97,9.33074,15.7625
105,98,51.467980000000004,62.005
105,99,61.993379999999995,66.62183333333333
105,100,72.56213000000001,68.73983333333334
105,101,50.17326,63.8295
105,102,91.94405,90.10033333333334
105,103,96.30288,106.05416666666666
105,104,63.563230000000004,72.23566666666667
105,105,0.0,0.0
105,106,19.659860000000002,26.444666666666667
105,107,38.279379999999996,51.016333333333336
105,108,45.444,58.8095
105,109,42.32871,51.6955
105,110,44.643,58.17633333333333
105,111,54.15459,58.60916666666667
105,112,46.3516,61.28366666666667
105,113,47.71332,58.686166666666665
105,114,41.30666,53.497499999999995
105,115,37.6134,47.588
105,116,41.55,54.56283333333333
105,117,60.56924,67.23483333333334
105,118,219.77988,176.18783333333334
105,119,160.1167,121.0615
105,120,255.73664000000002,195.60766666666666
105,121,127.21488000000001,96.36116666666666
105,122,135.25404999999998,107.35666666666665
106,0,45.43446,48.99433333333333
106,1,35.04363,41.76766666666666
106,2,47.03221,51.57983333333333
106,3,121.74716000000001,90.091
106,4,78.78880000000001,87.34316666666668
106,5,47.60321,46.897166666666664
106,6,41.52906,47.477333333333334
106,7,14.06031,17.521833333333333
106,8,24.27686,29.3845
106,9,23.25348,29.170833333333334
106,10,124.40246,113.0145
106,11,50.44668,62.61966666666667
106,12,48.99742,48.30383333333334
106,13,69.3405,61.23133333333333
106,14,57.21269,54.594
106,15,44.17346,52.68516666666667
106,16,155.63619,119.86149999999999
106,17,48.933879999999995,47.42933333333334
106,18,46.1499,46.387166666666666
106,19,37.40284,40.809
106,20,5.56463,8.926833333333333
106,21,9.23775,11.330833333333334
106,22,83.84857000000001,72.68666666666667
106,23,30.85276,34.670833333333334
106,24,62.48718,55.70933333333333
106,25,7.853350000000001,10.759833333333335
106,26,76.78569999999999,67.87366666666667
106,27,28.85871,33.26733333333333
106,28,61.62652,52.503
106,29,147.75883,112.08733333333333
106,30,21.44995,26.933666666666667
106,31,33.14357,39.35666666666667
106,32,33.091449999999995,35.144999999999996
106,33,64.27472,54.77433333333333
106,34,78.03778999999999,74.00450000000001
106,35,52.98387,59.25383333333333
106,36,54.36886,59.55983333333334
106,37,44.558620000000005,50.39533333333333
106,38,107.26591,97.91916666666665
106,39,79.42302000000001,71.02683333333333
106,40,132.51511,104.95733333333332
106,41,98.6017,80.88783333333335
106,42,48.24764,47.56066666666666
106,43,81.7585,63.923
106,44,43.50907,44.09583333333333
106,45,133.73169000000001,99.11666666666666
106,46,59.47676,53.974666666666664
106,47,44.037589999999994,41.27383333333333
106,48,38.22027,41.28516666666667
106,49,32.095259999999996,36.73566666666667
106,50,130.41867,97.41966666666667
106,51,37.388889999999996,41.96633333333333
106,52,79.81298,87.63366666666667
106,53,19.11747,22.361833333333333
106,54,114.84605,98.48949999999999
106,55,56.58914,49.67583333333334
106,56,69.66148,76.5395
106,57,77.10328,68.43016666666668
106,58,99.28514999999999,83.523
106,59,140.84509,101.74316666666667
106,60,38.041309999999996,44.778
106,61,65.47707,53.868500000000004
106,62,72.12008999999999,73.76616666666668
106,63,30.60413,39.44283333333333
106,64,38.93941,41.527
106,65,56.630489999999995,64.60033333333334
106,66,105.12751,89.04683333333334
106,67,132.44311,100.1855
106,68,67.63964,61.92766666666667
106,69,91.66675,82.42016666666667
106,70,88.13264,74.46983333333333
106,71,76.59209,87.09316666666668
106,72,41.19218,44.413333333333334
106,73,93.63548,81.865
106,74,61.338550000000005,58.68966666666667
106,75,75.23638000000001,71.068
106,76,42.1857,46.15983333333334
106,77,57.52644,65.352
106,78,133.12019,101.05300000000001
106,79,38.296459999999996,42.67583333333334
106,80,55.033699999999996,63.592999999999996
106,81,67.92233999999999,60.106
106,82,117.75492999999999,106.202
106,83,92.48231,73.42566666666667
106,84,60.10518,72.6715
106,85,47.4774,53.29933333333334
106,86,80.86555,65.875
106,87,18.377959999999998,24.193833333333334
106,88,153.40309,107.91416666666667
106,89,51.47542,45.38483333333333
106,90,103.94967999999999,88.39416666666666
106,91,37.40243,40.242666666666665
106,92,35.45386,37.80783333333333
106,93,69.46013,74.72666666666667
106,94,51.40618,48.2065
106,95,26.9682,32.38333333333333
106,96,131.02801,103.40783333333334
106,97,20.446189999999998,24.11916666666667
106,98,34.86305,39.149
106,99,45.38845,43.76566666666667
106,100,59.61454,53.49433333333333
106,101,32.24855,40.10933333333333
106,102,75.33913000000001,67.24416666666667
106,103,109.34900999999999,96.807
106,104,44.70769,49.334500000000006
106,105,19.63774,26.749333333333333
106,106,0.0,0.0
106,107,30.948,40.506499999999996
106,108,28.83907,35.95333333333333
106,109,25.723779999999998,28.839333333333332
106,110,30.37494,35.7605
106,111,30.495720000000002,38.18283333333333
106,112,32.08354,38.867666666666665
106,113,31.10839,35.830000000000005
106,114,29.958779999999997,33.48083333333333
106,115,24.35554,26.739833333333333
106,116,27.28194,32.147
106,117,37.12069,46.43816666666667
106,118,238.89448000000002,170.60516666666666
106,119,139.37266,103.4555
106,120,274.85125,190.025
106,121,131.14184,93.8305
106,122,118.64912,84.5005
107,0,37.68624,39.074
107,1,35.80691,44.55983333333334
107,2,20.57535,31.171499999999998
107,3,82.14179,61.68683333333333
107,4,101.84555999999999,117.67116666666668
107,5,56.0443,54.693
107,6,17.533360000000002,25.089
107,7,41.87473000000001,43.683166666666665
107,8,30.2375,40.86116666666667
107,9,38.17207,41.445166666666665
107,10,84.79709,84.6105
107,11,99.3683,85.071
107,12,57.43851,56.099666666666664
107,13,29.73513,32.827333333333335
107,14,65.65378,62.38966666666667
107,15,70.59157,70.83633333333334
107,16,116.03082,91.45733333333332
107,17,57.37498,55.225166666666674
107,18,54.59099,54.183
107,19,45.84394,48.60466666666667
107,20,26.69937,38.03966666666667
107,21,48.91091,51.93383333333334
107,22,76.10035,62.766333333333336
107,23,39.29385,42.46666666666667
107,24,46.54686,41.802
107,25,34.84501,46.01733333333333
107,26,60.84537,53.96633333333333
107,27,12.082180000000001,16.4805
107,28,70.06761,60.29883333333333
107,29,108.15344999999999,83.68333333333334
107,30,60.81598,67.1255
107,31,41.584669999999996,47.1525
107,32,41.53254,42.94083333333333
107,33,72.71581,62.57
107,34,104.45591,92.15566666666668
107,35,81.29282,96.31316666666666
107,36,66.31531,76.38883333333334
107,37,48.685379999999995,56.916333333333334
107,38,67.66054,69.51516666666666
107,39,43.58392,54.205000000000005
107,40,92.90973,76.55333333333333
107,41,90.85347999999999,70.96766666666667
107,42,32.70296,35.279833333333336
107,43,65.81817,50.01566666666667
107,44,51.950160000000004,51.891666666666666
107,45,94.12632,70.7125
107,46,43.53643,40.06733333333333
107,47,70.4557,59.425
107,48,46.66136,49.081
107,49,58.51337,54.886833333333335
107,50,90.8133,69.01566666666666
107,51,45.829989999999995,49.762166666666666
107,52,102.86974000000001,117.96166666666666
107,53,53.274660000000004,49.82083333333333
107,54,102.55005,75.279
107,55,65.03023,57.47166666666667
107,56,78.10257,84.33533333333334
107,57,61.162949999999995,54.52283333333333
107,58,91.53693,73.60266666666666
107,59,101.23973,73.33916666666667
107,60,37.88245,45.9295
107,61,49.53675,39.961
107,62,98.5382,91.91733333333333
107,63,4.403569999999999,12.285166666666667
107,64,47.3805,49.32283333333333
107,65,45.94733,47.221333333333334
107,66,89.18718,75.1395
107,67,92.83774000000001,71.78150000000001
107,68,52.09497,49.64683333333333
107,69,56.13465,67.82283333333334
107,70,48.527269999999994,46.06583333333333
107,71,85.08189999999999,103.24033333333334
107,72,61.54134,59.56916666666667
107,73,71.46213,55.96033333333333
107,74,53.59034,48.76933333333333
107,75,59.69171,58.787166666666664
107,76,50.62679,53.955666666666666
107,77,36.48565,37.38533333333333
107,78,93.51481,72.64899999999999
107,79,66.60541,79.735
107,80,54.935199999999995,63.50266666666666
107,81,76.36343,67.90183333333333
107,82,78.14956,77.798
107,83,52.876940000000005,45.02166666666667
107,84,61.82011,74.40533333333333
107,85,55.91849,61.095166666666664
107,86,107.28366,84.02616666666667
107,87,36.512980000000006,35.660333333333334
107,88,113.79773,79.51016666666666
107,89,77.89353,63.535999999999994
107,90,93.12013,70.40866666666668
107,91,57.75158999999999,55.3985
107,92,43.894949999999994,45.60366666666666
107,93,81.40659,91.55566666666667
107,94,59.847269999999995,56.00233333333333
107,95,40.795339999999996,41.83566666666666
107,96,91.42264,75.00383333333333
107,97,28.45979,39.72866666666666
107,98,43.30414,46.94466666666666
107,99,53.82954,51.5615
107,100,44.06987,41.213499999999996
107,101,45.2307,48.7885
107,102,83.78021000000001,75.03999999999999
107,103,69.74363000000001,68.40283333333333
107,104,55.3994,57.175333333333334
107,105,38.00483,51.883
107,106,31.08764,42.17366666666667
107,107,0.0,0.0
107,108,35.316739999999996,42.44133333333333
107,109,30.966369999999998,34.566833333333335
107,110,32.00765,35.1885
107,111,29.035400000000003,33.944
107,112,30.72024,38.185500000000005
107,113,35.288410000000006,42.91616666666666
107,114,27.790470000000003,29.884999999999998
107,115,29.29934,30.3085
107,116,29.715400000000002,30.929
107,117,36.43896,41.21133333333333
107,118,199.28911,142.20116666666667
107,119,131.62444,93.53516666666665
107,120,235.24589,161.621
107,121,115.20152,79.923
107,122,127.09021000000001,92.29616666666668
108,0,18.0295,23.273666666666667
108,1,6.71925,15.2395
108,2,20.71776,34.385666666666665
108,3,101.60206,74.10516666666668
108,4,107.38508999999999,120.61666666666666
108,5,18.85071,22.188333333333333
108,6,19.74884,31.369333333333334
108,7,17.998369999999998,24.232166666666668
108,8,54.024010000000004,55.857
108,9,10.06851,17.961666666666666
108,10,104.25737,97.02866666666667
108,11,67.81341,58.07783333333334
108,12,20.244919999999997,23.595000000000002
108,13,49.19541,45.2455
108,14,28.460189999999997,29.884999999999998
108,15,39.03668,43.84316666666667
108,16,135.49108999999999,103.87566666666666
108,17,20.18138,22.7205
108,18,17.3974,21.678333333333335
108,19,8.65035,16.100166666666667
108,20,24.736729999999998,30.402833333333334
108,21,25.03454,32.48283333333333
108,22,56.44361,46.966
108,23,6.9368,13.824833333333334
108,24,70.06646,55.56933333333333
108,25,35.132349999999995,42.23166666666667
108,26,84.36498,67.7335
108,27,36.368050000000004,33.47383333333333
108,28,32.874019999999994,27.79416666666667
108,29,127.61372999999999,96.1015
108,30,36.93961,47.67466666666667
108,31,7.07053,16.600166666666667
108,32,4.39753,10.152
108,33,35.522220000000004,30.0655
108,34,72.90102,65.1625
108,35,81.58016,92.52733333333335
108,36,89.05181,89.82633333333334
108,37,15.90418,25.794333333333334
108,38,87.12082000000001,81.93333333333334
108,39,53.10859,53.83266666666667
108,40,112.37001,88.9715
108,41,71.19673,55.16733333333333
108,42,17.82243,28.994666666666667
108,43,89.33778,63.783
108,44,14.75657,19.387
108,45,113.58659,83.13083333333334
108,46,67.05604,53.834500000000006
108,47,38.90082,32.432
108,48,9.56583,16.684166666666666
108,49,26.958479999999998,27.893666666666665
108,50,110.27358,81.43383333333333
108,51,8.6364,17.2575
108,52,108.40927,120.90716666666667
108,53,21.71977,22.82766666666667
108,54,122.01033,87.69716666666666
108,55,27.83664,24.967
108,56,41.00704,51.9385
108,57,84.68256,68.29016666666666
108,58,71.8802,57.8025
108,59,120.7,85.75733333333332
108,60,60.61895,59.36716666666667
108,61,73.05636,53.72833333333333
108,62,66.98331,64.92416666666666
108,63,27.793830000000003,36.61016666666667
108,64,10.28497,16.926
108,65,65.40761,59.63966666666667
108,66,116.30681,88.4285
108,67,112.29802000000001,84.19966666666666
108,68,41.325199999999995,44.733666666666664
108,69,65.35231,65.226
108,70,67.98754,58.484
108,71,107.8184,116.67800000000001
108,72,22.01313,29.21516666666667
108,73,90.9224,68.3785
108,74,33.9336,32.969166666666666
108,75,51.06118,49.61416666666666
108,76,13.53126,21.558833333333332
108,77,55.94593,49.8035
108,78,112.97509,85.06716666666667
108,79,66.89276,75.94933333333333
108,80,77.6717,76.94033333333333
108,81,39.16983999999999,35.397166666666664
108,82,97.60983999999999,90.21616666666667
108,83,72.33722,57.43983333333333
108,84,84.5566,87.843
108,85,18.82296,28.698333333333334
108,86,75.72877,57.033
108,87,12.636610000000001,16.209333333333333
108,88,133.258,91.92833333333333
108,89,46.33864,36.542833333333334
108,90,112.5804,82.82683333333333
108,91,12.44958,25.329
108,92,6.7994200000000005,13.206833333333332
108,93,104.14309,104.99333333333334
108,94,22.65368,23.497666666666664
108,95,9.240450000000001,14.8425
108,96,110.88291000000001,87.422
108,97,40.142309999999995,46.409
108,98,6.11055,14.440166666666666
108,99,16.63595,19.056833333333334
108,100,33.3001,36.300333333333334
108,101,9.190940000000001,19.53166666666667
108,102,46.58662,42.535333333333334
108,103,89.20391000000001,80.821
108,104,18.20581,24.670666666666666
108,105,45.759730000000005,57.4445
108,106,29.125,34.536833333333334
108,107,34.00598,39.281333333333336
108,108,0.0,0.0
108,109,3.83921,9.036333333333333
108,110,5.2683,12.2105
108,111,7.64242,16.970833333333335
108,112,5.0051000000000005,12.07
108,113,3.02839,8.8165
108,114,11.64154,20.09733333333333
108,115,7.078270000000001,13.964833333333333
108,116,5.5539,11.951666666666666
108,117,9.64084,19.122
108,118,218.74939,154.61933333333334
108,119,111.9677,77.735
108,120,254.70617000000001,174.03916666666666
108,121,138.72113000000002,93.69033333333333
108,122,89.89662,59.791666666666664
109,0,19.26865,24.942833333333333
109,1,9.2553,17.951166666666666
109,2,21.4112,30.9725
109,3,99.25837,69.18366666666667
109,4,104.04377000000001,115.0115
109,5,23.69874,24.523333333333333
109,6,17.405150000000003,26.44783333333333
109,7,14.65704,18.627166666666668
109,8,51.79715,50.07816666666667
109,9,7.88826,13.206166666666666
109,10,101.91367,92.10716666666667
109,11,67.02274,54.90133333333333
109,12,25.092950000000002,25.93
109,13,46.85171,40.324
109,14,33.30822,32.220166666666664
109,15,38.246,40.666666666666664
109,16,133.14741,98.95416666666667
109,17,25.02941,25.0555
109,18,22.24543,24.013333333333332
109,19,13.498370000000001,18.435166666666664
109,20,21.39541,24.797666666666665
109,21,21.69322,26.877833333333335
109,22,57.68276,48.63516666666667
109,23,6.94828,12.297
109,24,67.83961000000001,49.790333333333336
109,25,31.79103,36.6265
109,26,82.13813,61.95466666666667
109,27,34.1412,27.694833333333335
109,28,37.72205,30.129166666666666
109,29,125.27003,91.18
109,30,33.59829,42.0695
109,31,9.2391,16.982833333333335
109,32,9.186969999999999,12.771166666666666
109,33,40.37025,32.4005
109,34,72.11034,61.98616666666667
109,35,78.23884,86.92216666666667
109,36,86.82495,84.0475
109,37,20.65415,28.0215
109,38,84.77713,77.01183333333333
109,39,53.68001,52.45366666666666
109,40,110.02632000000001,84.05
109,41,72.43589,56.8365
109,42,17.65307,29.862833333333334
109,43,87.11093,58.004
109,44,19.604599999999998,21.721999999999998
109,45,111.24291000000001,78.20933333333333
109,46,64.82919,48.05566666666667
109,47,38.11014,29.255499999999998
109,48,14.3158,18.911333333333335
109,49,26.1678,24.717166666666667
109,50,107.92988000000001,76.51233333333333
109,51,13.48442,19.592499999999998
109,52,105.06795,115.30216666666666
109,53,20.92909,19.651166666666665
109,54,119.66663,82.77566666666667
109,55,32.68467,27.302
109,56,45.757,54.16583333333333
109,57,82.45571000000001,62.51116666666667
109,58,73.11934,59.4715
109,59,118.35631,80.83583333333333
109,60,58.392089999999996,53.58833333333334
109,61,70.82951,47.94949999999999
109,62,66.19263000000001,61.74766666666667
109,63,25.45014,31.688666666666666
109,64,15.03494,19.153166666666667
109,65,63.06391000000001,54.71816666666667
109,66,110.47994,83.12783333333333
109,67,109.95432000000001,79.27816666666666
109,68,41.896620000000006,43.35466666666667
109,69,65.92372999999999,63.847
109,70,65.64385,53.5625
109,71,105.59155,110.89899999999999
109,72,29.19578,29.3995
109,73,88.5787,63.457166666666666
109,74,35.17275,34.638333333333335
109,75,52.30034,51.28333333333333
109,76,18.28123,23.786
109,77,53.602230000000006,44.88216666666666
109,78,110.6314,80.14566666666666
109,79,63.55143,70.34416666666667
109,80,75.44484,71.16149999999999
109,81,44.01787,37.732166666666664
109,82,95.26615,85.29466666666667
109,83,69.99352,52.51833333333333
109,84,82.32975,82.06400000000001
109,85,23.57293,30.9255
109,86,74.93809,53.8565
109,87,9.295290000000001,10.604333333333333
109,88,130.91431,87.00683333333333
109,89,45.547959999999996,33.36633333333334
109,90,110.2367,77.9055
109,91,25.40602,25.228833333333334
109,92,11.549389999999999,15.434
109,93,101.91623,99.21433333333333
109,94,27.50171,25.832666666666668
109,95,8.449770000000001,11.666166666666667
109,96,108.53922,82.5005
109,97,36.80099,40.803999999999995
109,98,10.95858,16.775166666666667
109,99,21.483970000000003,21.391833333333334
109,100,33.87152,34.92133333333334
109,101,12.88514,18.618833333333335
109,102,51.434650000000005,44.87033333333333
109,103,86.86022,75.89966666666666
109,104,23.05383,27.005666666666666
109,105,42.41841,51.8395
109,106,25.78368,28.931833333333334
109,107,31.77912,33.502500000000005
109,108,4.10999,10.382666666666667
109,109,0.0,0.0
109,110,4.98119,9.258000000000001
109,111,5.8617799999999995,12.580666666666668
109,112,6.68979,12.365333333333332
109,113,5.56445,11.528166666666667
109,114,8.63608,13.975166666666667
109,115,4.07281,7.842666666666667
109,116,2.648,6.544666666666667
109,117,11.72694,19.935833333333335
109,118,216.40570000000002,149.69783333333334
109,119,113.20686,79.404
109,120,252.36247,169.11766666666665
109,121,136.49427,87.91133333333333
109,122,94.74465,62.126666666666665
110,0,15.97066,17.836000000000002
110,1,6.1079,10.966000000000001
110,2,17.051669999999998,25.044833333333333
110,3,97.05597,63.5535
110,4,105.56402,120.45616666666666
110,5,22.80569,27.453833333333332
110,6,15.20275,20.817666666666664
110,7,18.45177,24.471999999999998
110,8,51.08697,48.339666666666666
110,9,11.982899999999999,19.758333333333333
110,10,99.71127,86.47716666666666
110,11,71.11738000000001,61.4535
110,12,19.10559,28.690333333333335
110,13,44.64931,34.693999999999996
110,14,32.415169999999996,35.1505
110,15,42.34064,47.218833333333336
110,16,130.945,93.324
110,17,24.13636,27.985833333333336
110,18,21.35238,26.943666666666665
110,19,12.605319999999999,21.3655
110,20,25.19013,30.642666666666667
110,21,25.48794,32.72266666666666
110,22,54.384769999999996,41.52833333333333
110,23,11.04292,18.849
110,24,67.12943,48.051833333333335
110,25,33.31129,42.07116666666666
110,26,81.42795,60.216166666666666
110,27,33.43102,25.956500000000002
110,28,36.829,33.059666666666665
110,29,123.06763000000001,85.55
110,30,37.393010000000004,47.91433333333334
110,31,11.02551,21.865666666666666
110,32,9.218200000000001,15.358333333333333
110,33,39.477199999999996,35.33083333333333
110,34,76.20497999999999,68.53816666666667
110,35,79.75909,92.36683333333333
110,36,86.11477000000001,82.309
110,37,17.49773,26.871166666666667
110,38,82.57473,71.38183333333333
110,39,49.44249,44.49166666666667
110,40,107.82391,78.42
110,41,69.13789999999999,49.72966666666667
110,42,14.56883,22.062166666666666
110,43,86.40074,56.265499999999996
110,44,18.71155,24.6525
110,45,109.0405,72.57916666666667
110,46,64.11901,46.31716666666667
110,47,42.20478,35.8075
110,48,11.159379999999999,17.761000000000003
110,49,30.262439999999998,31.269166666666667
110,50,105.72748,70.88233333333332
110,51,12.591370000000001,22.523000000000003
110,52,106.58821,120.74666666666667
110,53,25.02373,26.203166666666668
110,54,117.46423,77.14566666666666
110,55,31.791619999999998,30.2325
110,56,42.60059,53.01533333333334
110,57,81.74553,60.772666666666666
110,58,69.82135000000001,52.36466666666667
110,59,116.15391000000001,75.20566666666667
110,60,57.68191,51.84983333333333
110,61,70.11933,46.211
110,62,70.28727,68.29983333333332
110,63,23.24774,26.058666666666667
110,64,11.87852,18.002833333333335
110,65,60.86151,49.088
110,66,111.76072,77.87683333333332
110,67,107.75192,73.648
110,68,37.65911,35.39266666666666
110,69,61.68621,55.885
110,70,63.441449999999996,47.93233333333333
110,71,104.88136999999999,109.16066666666667
110,72,25.96811,34.4805
110,73,86.3763,57.827
110,74,31.87476,27.5315
110,75,49.00234,44.17633333333333
110,76,15.12481,22.63566666666667
110,77,51.39984,39.251999999999995
110,78,108.42899,74.5155
110,79,65.07169999999999,75.78883333333333
110,80,74.73466,69.423
110,81,43.12482,40.6625
110,82,93.06374000000001,79.6645
110,83,67.79113000000001,46.888333333333335
110,84,81.61957000000001,80.32549999999999
110,85,20.41651,29.775166666666667
110,86,79.03273,60.40866666666667
110,87,13.09001,16.449166666666667
110,88,128.71191000000002,81.37666666666668
110,89,49.6426,39.91833333333333
110,90,108.0343,72.27533333333334
110,91,16.40455,30.594333333333335
110,92,8.957379999999999,14.391
110,93,101.20605,97.47583333333334
110,94,26.60866,28.762999999999998
110,95,12.54441,18.218166666666665
110,96,106.33682,76.87049999999999
110,97,43.84355,42.89483333333333
110,98,9.25597,16.158666666666665
110,99,20.590919999999997,24.322166666666664
110,100,29.63401,26.959333333333333
110,101,13.14591,24.797
110,102,50.541599999999995,47.80083333333334
110,103,84.65782,70.26950000000001
110,104,22.16078,29.936
110,105,43.938669999999995,57.284
110,106,29.578400000000002,34.776666666666664
110,107,28.184150000000002,31.192166666666665
110,108,5.27187,12.579666666666666
110,109,4.3375900000000005,7.840999999999999
110,110,0.0,0.0
110,111,2.50332,5.388333333333334
110,112,3.3918000000000004,5.2585
110,113,4.91368,10.711333333333332
110,114,5.63753,11.359666666666667
110,115,6.8325,12.187333333333333
110,116,2.04499,3.656
110,117,8.42895,12.828833333333334
110,118,214.20329999999998,144.06766666666667
110,119,109.90886,72.29716666666667
110,120,250.16008,163.4875
110,121,135.78409,86.173
110,122,93.85159,65.057
111,0,15.39998,16.034
111,1,10.18666,15.785666666666666
111,2,15.82836,22.514499999999998
111,3,95.85663000000001,62.19233333333333
111,4,107.83778,122.12216666666667
111,5,26.20616,32.7225
111,6,14.00341,19.456500000000002
111,7,21.65645,28.182333333333336
111,8,52.230779999999996,48.5585
111,9,13.46135,24.375666666666667
111,10,98.51192999999999,85.11583333333333
111,11,72.59582,66.07083333333334
111,12,20.615099999999998,33.5665
111,13,43.44997,33.33266666666667
111,14,35.81563,40.419333333333334
111,15,43.819089999999996,51.83633333333333
111,16,129.74566000000002,91.96283333333334
111,17,27.536830000000002,33.254666666666665
111,18,24.75284,32.2125
111,19,13.87232,26.4255
111,20,28.39481,34.35316666666667
111,21,28.692619999999998,36.433166666666665
111,22,53.81408999999999,39.72633333333333
111,23,12.521370000000001,23.4665
111,24,68.27323,48.270833333333336
111,25,35.58504,43.73716666666667
111,26,82.57175,60.434999999999995
111,27,34.57482,26.175333333333334
111,28,40.229459999999996,38.32833333333333
111,29,121.8683,84.18866666666666
111,30,40.59769,51.62483333333333
111,31,12.95241,27.136333333333333
111,32,10.727709999999998,20.2345
111,33,42.877660000000006,40.599666666666664
111,34,77.68342,73.1555
111,35,82.03285000000001,94.03283333333334
111,36,87.25858,82.528
111,37,19.007240000000003,31.747333333333334
111,38,81.37538,70.0205
111,39,48.21918,41.9615
111,40,106.62458000000001,77.05866666666667
111,41,68.56721,47.92766666666667
111,42,13.34551,19.531833333333335
111,43,87.54455,56.484500000000004
111,44,22.112009999999998,29.921333333333333
111,45,107.84116,71.218
111,46,65.26281,46.535999999999994
111,47,43.68323,40.425
111,48,12.66889,22.637166666666666
111,49,31.74088,35.88666666666666
111,50,104.52814,69.521
111,51,15.99184,27.791666666666668
111,52,108.86197,122.41283333333334
111,53,26.50218,30.820666666666668
111,54,116.26489,75.78433333333334
111,55,35.192080000000004,35.50116666666667
111,56,44.110099999999996,57.891666666666666
111,57,82.88933999999999,60.99166666666667
111,58,69.25066000000001,50.56266666666667
111,59,114.95457,73.8445
111,60,58.825720000000004,52.068666666666665
111,61,71.26313,46.429833333333335
111,62,71.76572,72.91716666666666
111,63,22.0484,24.697333333333333
111,64,13.38803,22.879
111,65,59.662169999999996,47.72683333333334
111,66,110.56138,76.51566666666666
111,67,106.55259,72.28683333333333
111,68,36.435790000000004,32.86233333333333
111,69,60.462900000000005,53.35483333333333
111,70,62.242110000000004,46.57116666666666
111,71,106.02517,109.37950000000001
111,72,29.36857,39.74933333333333
111,73,85.17697,56.46583333333333
111,74,31.30407,25.729499999999998
111,75,44.03254,42.002500000000005
111,76,16.63432,27.511833333333335
111,77,50.2005,37.89083333333333
111,78,107.22966000000001,73.15433333333334
111,79,67.34545,77.45483333333333
111,80,75.87847000000001,69.64183333333334
111,81,46.52528,45.931333333333335
111,82,91.86441,78.30333333333333
111,83,66.59178999999999,45.527166666666666
111,84,82.76338,80.5445
111,85,21.92602,34.65133333333333
111,86,80.51116999999999,65.026
111,87,16.29469,20.159499999999998
111,88,127.51257000000001,80.0155
111,89,51.121050000000004,44.535833333333336
111,90,106.83497,70.91416666666667
111,91,18.33145,35.86516666666667
111,92,10.46689,19.267166666666665
111,93,102.34986,97.69483333333332
111,94,30.00912,34.03183333333333
111,95,14.022860000000001,22.83566666666667
111,96,105.13748,75.50916666666667
111,97,44.98735,43.11366666666667
111,98,10.76549,21.03483333333333
111,99,23.99139,29.591
111,100,28.41069,24.429
111,101,18.45822,29.788333333333334
111,102,53.94206,53.0695
111,103,83.45848,68.90833333333333
111,104,25.56125,35.20483333333333
111,105,54.23726,58.769666666666666
111,106,32.78308,38.48716666666667
111,107,26.984810000000003,29.831
111,108,7.198770000000001,17.85033333333333
111,109,5.81604,12.458499999999999
111,110,2.69923,6.507499999999999
111,111,0.0,0.0
111,112,4.50019,7.913833333333333
111,113,7.51334,15.803500000000001
111,114,6.17413,10.402999999999999
111,115,9.08105,14.807833333333333
111,116,3.3599099999999997,6.7685
111,117,7.83191,12.709333333333332
111,118,213.00395,142.70649999999998
111,119,109.33818,70.49516666666666
111,120,248.96073,162.12633333333332
111,121,136.92789000000002,86.39183333333334
111,122,97.25206,70.32583333333334
112,0,12.46575,12.698833333333333
112,1,4.66502,8.651166666666667
112,2,16.393240000000002,23.523333333333333
112,3,98.91678999999999,67.35233333333333
112,4,108.07395,124.19149999999999
112,5,23.25377,25.53166666666667
112,6,16.44278,22.62
112,7,20.961689999999997,28.207333333333334
112,8,54.23646,53.42033333333333
112,9,14.49282,23.493666666666666
112,10,101.57209,90.27600000000001
112,11,72.18902,61.357
112,12,17.66271,26.3755
112,13,46.51013,38.492666666666665
112,14,32.86324,33.22833333333333
112,15,43.412279999999996,47.12233333333334
112,16,132.80583,97.12283333333333
112,17,24.584439999999997,26.063666666666666
112,18,21.80045,25.0215
112,19,10.91993,19.2345
112,20,27.70006,34.378
112,21,27.99786,36.458
112,22,50.87986,36.39116666666666
112,23,11.31241,17.104
112,24,70.27892,53.1325
112,25,35.82121,45.8065
112,26,84.57744,65.29683333333334
112,27,36.580510000000004,31.037
112,28,37.27707,31.137333333333334
112,29,124.92845,89.34883333333333
112,30,39.90293,51.649833333333326
112,31,10.79857,20.050833333333333
112,32,7.77532,13.0435
112,33,39.92527,33.40866666666667
112,34,77.27662,68.44166666666666
112,35,82.26902,96.10216666666666
112,36,89.26427000000001,87.38966666666667
112,37,16.054850000000002,24.556333333333335
112,38,75.82752,72.25483333333334
112,39,48.78406,42.97033333333333
112,40,109.68473,82.21883333333334
112,41,65.63297999999999,44.592333333333336
112,42,10.963299999999998,17.4975
112,43,89.55024,61.34616666666667
112,44,19.15962,22.73033333333333
112,45,110.90132000000001,76.378
112,46,67.2685,51.39783333333333
112,47,43.27642,35.71116666666667
112,48,9.7165,15.446166666666667
112,49,31.33408,31.172833333333333
112,50,107.5883,74.68116666666667
112,51,13.03945,20.600833333333334
112,52,153.20002,124.37166666666667
112,53,26.09537,26.106833333333334
112,54,119.32505,80.9445
112,55,32.239689999999996,28.310333333333332
112,56,41.15771,50.70066666666666
112,57,84.89502,65.85333333333332
112,58,66.31644,47.2275
112,59,118.01473,79.00450000000001
112,60,60.831410000000005,56.9305
112,61,73.26882,51.291666666666664
112,62,71.35891000000001,68.20333333333333
112,63,25.10856,29.8575
112,64,10.43564,15.687999999999999
112,65,62.72233,52.886833333333335
112,66,113.62152999999999,81.67566666666667
112,67,109.61274,77.44683333333334
112,68,37.00068,33.87116666666667
112,69,61.02779,54.36366666666667
112,70,65.30227,51.73116666666667
112,71,108.03086,114.24116666666667
112,72,26.41618,32.55833333333333
112,73,88.23713000000001,61.62583333333334
112,74,28.36984,22.394166666666667
112,75,45.49743,39.03916666666667
112,76,13.68193,20.320833333333333
112,77,53.26066,43.05083333333334
112,78,110.28981,78.31433333333332
112,79,67.58162,79.52416666666666
112,80,77.88416000000001,74.50366666666667
112,81,43.57289,38.74033333333333
112,82,94.92456,83.46333333333334
112,83,69.65195,50.68716666666667
112,84,84.76906,85.40616666666666
112,85,18.97363,27.460500000000003
112,86,80.10436999999999,60.31216666666667
112,87,15.59994,20.1845
112,88,130.57273,85.1755
112,89,50.71424,39.822
112,90,109.89513000000001,76.07416666666667
112,91,16.17762,28.779666666666667
112,92,7.5145,12.076166666666667
112,93,104.35555000000001,102.5565
112,94,27.056729999999998,26.840833333333332
112,95,13.61605,18.12183333333333
112,96,108.19763999999999,80.66916666666665
112,97,46.99304,47.975500000000004
112,98,7.8131,13.844
112,99,21.039,22.4
112,100,28.97558,25.437833333333334
112,101,12.91897,22.982333333333333
112,102,50.98967,45.8785
112,103,86.51863,74.06833333333334
112,104,22.60886,28.01383333333333
112,105,46.448589999999996,61.0195
112,106,32.08832,38.51199999999999
112,107,30.044970000000003,34.991
112,108,4.6221000000000005,11.082166666666666
112,109,6.84752,11.576500000000001
112,110,3.1495,5.080666666666667
112,111,4.41822,7.942333333333334
112,112,0.0,0.0
112,113,4.56095,8.6125
112,114,8.10459,15.533
112,115,9.34243,15.922666666666666
112,116,5.1944799999999995,8.736666666666668
112,117,5.48427,8.769666666666666
112,118,216.06413,147.8665
112,119,106.40395,67.16
112,120,252.02089,167.28633333333335
112,121,138.93357999999998,91.2535
112,122,94.29966999999999,63.13483333333333
113,0,16.43131,19.957833333333333
113,1,5.47179,10.577166666666667
113,2,19.96866,30.821
113,3,101.41352,72.08449999999999
113,4,109.29798,121.50399999999999
113,5,18.69827,20.537666666666667
113,6,19.560299999999998,29.348666666666666
113,7,19.91126,25.119500000000002
113,8,55.16953,56.32866666666666
113,9,14.150319999999999,18.7465
113,10,104.06882,95.00816666666667
113,11,67.66097,56.42716666666667
113,12,20.09248,21.944166666666668
113,13,49.00686,43.225
113,14,28.30775,28.234333333333332
113,15,38.88424,42.1925
113,16,135.30255,101.855
113,17,20.02894,21.069833333333335
113,18,17.24496,20.0275
113,19,8.4979,14.449333333333334
113,20,26.649630000000002,31.290166666666668
113,21,31.45129,32.807
113,22,54.84542,43.65016666666667
113,23,6.7843599999999995,12.174166666666668
113,24,71.21198,56.04083333333333
113,25,37.04524,43.119
113,26,85.5105,68.20516666666667
113,27,37.51357,33.94533333333333
113,28,32.72158,26.1435
113,29,127.42518,94.08099999999999
113,30,43.35636,47.99883333333333
113,31,6.91809,14.9495
113,32,4.24509,8.501333333333333
113,33,35.36978,28.41466666666667
113,34,72.74857,63.511833333333335
113,35,83.49305,93.41466666666666
113,36,90.19733000000001,90.298
113,37,14.13997,23.3245
113,38,79.40295,79.5525
113,39,52.359480000000005,50.268
113,40,112.18147,86.95100000000001
113,41,69.59855,51.8515
113,42,14.98243,25.35216666666667
113,43,90.4833,64.2545
113,44,14.60413,17.736333333333334
113,45,113.39805,81.11016666666666
113,46,68.20156,54.30616666666666
113,47,38.74838,30.781166666666664
113,48,7.80162,14.214333333333334
113,49,26.80604,26.242833333333333
113,50,110.08503,79.41333333333334
113,51,8.48396,15.606833333333332
113,52,148.67197,119.44166666666666
113,53,21.567330000000002,21.17683333333333
113,54,121.82178,85.67666666666668
113,55,27.6842,23.316333333333333
113,56,39.242830000000005,49.468833333333336
113,57,85.82808,68.76166666666667
113,58,70.282,54.486666666666665
113,59,120.51146,83.73683333333334
113,60,61.76447,59.83883333333333
113,61,74.20188,54.2
113,62,66.83086999999999,63.2735
113,63,27.60529,34.589666666666666
113,64,8.520760000000001,14.456166666666666
113,65,65.21906,57.619
113,66,116.11827000000001,86.40783333333334
113,67,112.10947,82.17916666666666
113,68,40.5761,41.16883333333333
113,69,64.60321,61.66133333333333
113,70,67.799,56.46333333333334
113,71,108.96392,117.14966666666666
113,72,21.860689999999998,27.56433333333333
113,73,90.73385,66.358
113,74,32.33541,29.653333333333332
113,75,49.46299,46.29833333333333
113,76,11.76705,19.089
113,77,55.75738,47.783
113,78,112.78655,83.0465
113,79,68.80565,76.83666666666666
113,80,78.81722,77.412
113,81,39.0174,33.7465
113,82,97.4213,88.1955
113,83,72.14867,55.419333333333334
113,84,85.70213000000001,88.3145
113,85,17.05875,26.2285
113,86,75.57632000000001,55.382333333333335
113,87,14.54951,17.096666666666668
113,88,133.06945000000002,89.90766666666667
113,89,46.1862,34.892
113,90,112.39185,80.80633333333334
113,91,12.297139999999999,23.678166666666666
113,92,5.59962,10.844333333333333
113,93,105.2886,105.46483333333335
113,94,22.501240000000003,21.846833333333333
113,95,9.08801,13.191833333333333
113,96,110.69436999999999,85.4015
113,97,42.05521,47.2965
113,98,5.89822,12.612
113,99,16.48351,17.406166666666664
113,100,32.551,32.7355
113,101,9.03849,17.880999999999997
113,102,46.43418,40.88466666666667
113,103,89.01536999999999,78.8005
113,104,18.053369999999997,23.019833333333334
113,105,47.67263,58.332
113,106,31.03789,35.424166666666665
113,107,32.5417,39.723333333333336
113,108,2.07478,7.3275
113,109,5.24716,10.727833333333333
113,110,4.5192,8.645666666666667
113,111,6.89332,13.406166666666667
113,112,4.2538599999999995,7.898833333333333
113,113,0.0,0.0
113,114,9.99508,19.890666666666668
113,115,10.421059999999999,15.354000000000001
113,116,6.12754,11.645000000000001
113,117,8.8896,14.950833333333332
113,118,218.56083999999998,152.59866666666667
113,119,110.36952000000001,74.41916666666665
113,120,254.51763,172.0186666666667
113,121,139.86664000000002,94.16183333333333
113,122,89.74418,58.14083333333333
114,0,20.77254,23.255166666666664
114,1,12.33631,22.7135
114,2,16.83554,22.741833333333332
114,3,94.6827,60.952999999999996
114,4,102.95211,116.49733333333333
114,5,33.49418,34.77033333333333
114,6,12.82948,18.217166666666667
114,7,19.3246,23.7605
114,8,47.36906,44.920833333333334
114,9,15.62195,21.522499999999997
114,10,97.338,83.87650000000001
114,11,76.81817,65.14833333333334
114,12,34.88838,36.176833333333335
114,13,42.27604,32.093333333333334
114,14,43.10365,42.467
114,15,48.04144,50.91366666666667
114,16,128.57173,90.7235
114,17,34.82485,35.3025
114,18,32.04086,34.26033333333333
114,19,23.29381,28.682000000000002
114,20,26.06297,29.931166666666666
114,21,26.36078,32.01116666666667
114,22,59.18665,46.9475
114,23,16.74372,22.544
114,24,63.411519999999996,44.63316666666666
114,25,30.69937,38.11233333333333
114,26,77.71003,56.797333333333334
114,27,29.713099999999997,22.537666666666667
114,28,47.517480000000006,40.37616666666667
114,29,120.69436999999999,82.9495
114,30,38.26585,47.20283333333334
114,31,19.03454,27.229833333333332
114,32,18.98241,23.018166666666666
114,33,50.16568,42.647333333333336
114,34,81.90577,72.23299999999999
114,35,77.14717999999999,88.40799999999999
114,36,82.39686999999999,78.89033333333333
114,37,30.44958,38.2685
114,38,80.20145,68.78133333333334
114,39,52.55861,45.19233333333333
114,40,105.45065,75.8195
114,41,73.93977000000001,55.14883333333333
114,42,21.38323,21.726166666666664
114,43,82.68284,52.84683333333333
114,44,29.400029999999997,31.969
114,45,106.66722999999999,69.97866666666667
114,46,60.401089999999996,42.89833333333333
114,47,47.90558,39.502500000000005
114,48,24.11123,29.158333333333335
114,49,35.96324,34.964166666666664
114,50,103.35422,68.28183333333332
114,51,23.27986,29.839499999999997
114,52,103.97630000000001,116.78783333333334
114,53,30.724529999999998,29.89816666666667
114,54,115.09097,74.54516666666667
114,55,42.4801,37.549
114,56,55.552440000000004,64.41266666666667
114,57,78.02762,57.354
114,58,74.62322999999999,57.783833333333334
114,59,113.78064,72.60516666666668
114,60,53.964,48.431000000000004
114,61,66.40141,42.79216666666667
114,62,75.98807000000001,71.99466666666667
114,63,20.874470000000002,23.458166666666667
114,64,24.83037,29.400166666666667
114,65,58.48825,46.4875
114,66,109.38745,75.27633333333333
114,67,105.37866,71.0475
114,68,40.77523,36.093333333333334
114,69,64.80234,56.58566666666666
114,70,61.06818,45.33183333333333
114,71,101.16345,105.74183333333333
114,72,38.99121,39.646499999999996
114,73,84.00304,55.2265
114,74,36.67664,32.95066666666666
114,75,48.371970000000005,45.23350000000001
114,76,28.07666,34.033
114,77,49.02657,36.651500000000006
114,78,106.05573,71.91499999999999
114,79,62.45978,71.83
114,80,71.01675999999999,66.00416666666666
114,81,53.813300000000005,47.979166666666664
114,82,90.69048,77.06400000000001
114,83,65.41786,44.28783333333333
114,84,77.90166,76.90683333333332
114,85,33.36836,41.1725
114,86,84.73352,64.1035
114,87,13.96285,15.737666666666666
114,88,126.33864,78.77616666666667
114,89,55.3434,43.61333333333334
114,90,105.66104,69.67483333333332
114,91,35.20146,35.475833333333334
114,92,21.34482,25.680999999999997
114,93,97.48814,94.057
114,94,37.29714,36.07966666666667
114,95,18.24521,21.913
114,96,103.96355,74.26983333333332
114,97,40.125629999999994,39.476
114,98,20.754009999999997,27.022
114,99,31.27941,31.63883333333333
114,100,32.75013,27.66
114,101,22.68057,28.865833333333335
114,102,61.23009,55.117333333333335
114,103,82.28455,67.669
114,104,32.84927,37.25266666666666
114,105,41.32675,53.32516666666667
114,106,30.451240000000002,34.06516666666667
114,107,27.351029999999998,28.345166666666668
114,108,10.758629999999998,21.525
114,109,7.2998199999999995,13.978666666666667
114,110,6.9721,13.043666666666667
114,111,6.78982,11.304833333333333
114,112,9.03351,16.297666666666668
114,113,10.67296,21.998833333333334
114,114,0.0,0.0
114,115,6.74921,10.385833333333332
114,116,4.684189999999999,9.163333333333332
114,117,13.20448,19.9305
114,118,211.83003,141.46716666666669
114,119,114.71074,77.71633333333332
114,120,247.7868,160.887
114,121,132.06619,82.75416666666666
114,122,104.54008,72.37366666666667
115,0,24.90516,27.108833333333333
115,1,14.460469999999999,21.631500000000003
115,2,24.43707,31.2095
115,3,102.28423,69.42066666666666
115,4,99.31306,110.598
115,5,27.020049999999998,26.761000000000003
115,6,20.431009999999997,26.684833333333334
115,7,12.85048,15.751166666666668
115,8,49.24423,45.5785
115,9,9.14783,13.513333333333332
115,10,104.93953,92.34416666666667
115,11,70.34405000000001,57.139
115,12,28.41426,28.167666666666666
115,13,49.87757,40.561
115,14,36.629529999999995,34.45783333333333
115,15,41.56732,42.904333333333334
115,16,136.17327,99.19116666666667
115,17,28.350720000000003,27.293166666666664
115,18,25.566740000000003,26.250999999999998
115,19,16.819689999999998,20.672833333333333
115,20,19.588849999999997,21.921833333333332
115,21,19.886650000000003,24.00183333333333
115,22,63.319269999999996,50.80116666666667
115,23,10.2696,14.534666666666668
115,24,65.28668,45.29066666666667
115,25,27.06032,32.213
115,26,79.5852,57.455000000000005
115,27,31.58827,23.195333333333334
115,28,41.04336,32.36683333333333
115,29,128.2959,91.417
115,30,31.79172,39.193666666666665
115,31,12.56042,19.2205
115,32,12.50829,15.008833333333333
115,33,43.691559999999996,34.63816666666666
115,34,75.43164999999999,64.22366666666667
115,35,73.50813000000001,82.50866666666667
115,36,84.27203,79.54783333333333
115,37,23.975459999999998,30.259166666666665
115,38,87.80297999999999,77.249
115,39,65.27949,51.21083333333333
115,40,113.05217999999999,84.28716666666666
115,41,78.07239999999999,59.002500000000005
115,42,34.104099999999995,27.744666666666667
115,43,84.558,53.504333333333335
115,44,22.92591,23.959666666666667
115,45,114.26877,78.44633333333333
115,46,62.27626,43.556000000000004
115,47,41.43145,31.493166666666664
115,48,17.63711,21.149
115,49,29.48912,26.954833333333333
115,50,110.95575,76.74933333333334
115,51,16.80574,21.830166666666667
115,52,100.33725,110.88850000000001
115,53,24.25041,21.88883333333333
115,54,122.6925,83.01266666666668
115,55,36.00598,29.53966666666667
115,56,49.07832,56.40333333333333
115,57,79.90277999999999,58.01166666666666
115,58,78.75585000000001,61.6375
115,59,121.38217,81.07283333333334
115,60,55.83916000000001,49.08866666666667
115,61,68.27658,43.44983333333333
115,62,69.51395,63.98533333333333
115,63,28.88232,27.93933333333333
115,64,18.35625,21.390833333333333
115,65,59.380269999999996,54.55866666666667
115,66,107.92701,78.62816666666666
115,67,112.98019000000001,79.51516666666666
115,68,53.4961,42.11183333333334
115,69,77.52321,62.604166666666664
115,70,68.66971000000001,53.799499999999995
115,71,103.03862,106.3995
115,72,32.51709,31.637166666666666
115,73,91.60457000000001,63.69416666666667
115,74,40.80926,36.80416666666667
115,75,61.092839999999995,51.251999999999995
115,76,21.60254,26.023666666666667
115,77,56.628099999999996,45.119166666666665
115,78,113.65726,80.38266666666667
115,79,58.820730000000005,65.93066666666667
115,80,72.89192,66.66183333333333
115,81,47.33918,39.969833333333334
115,82,98.29200999999999,85.53166666666667
115,83,73.01939,52.7555
115,84,79.77682,77.5645
115,85,26.89424,33.16316666666667
115,86,78.25941,56.094166666666666
115,87,7.488729999999999,7.7283333333333335
115,88,133.94017000000002,87.24383333333334
115,89,48.869279999999996,35.604
115,90,106.74918,77.9755
115,91,28.72734,27.4665
115,92,14.870700000000001,17.671666666666667
115,93,99.36330000000001,94.71466666666667
115,94,30.82302,28.070333333333334
115,95,11.771090000000001,13.903666666666668
115,96,111.56509,82.7375
115,97,32.07029,36.39033333333334
115,98,14.27989,19.012833333333333
115,99,24.80529,23.6295
115,100,45.471,33.678333333333335
115,101,16.20645,20.8565
115,102,54.75596,47.108
115,103,89.88608,76.13666666666667
115,104,26.37515,29.243333333333332
115,105,37.6877,47.42583333333334
115,106,23.97712,26.055833333333332
115,107,29.226200000000002,29.002833333333335
115,108,7.51908,15.3665
115,109,4.06027,7.820333333333334
115,110,7.6662,13.233333333333333
115,111,10.922450000000001,15.1585
115,112,9.374799999999999,16.340666666666667
115,113,10.525229999999999,15.693833333333334
115,114,6.08315,9.475666666666665
115,115,0.0,0.0
115,116,4.573189999999999,9.619833333333334
115,117,17.3371,23.784166666666668
115,118,219.43156,149.93483333333333
115,119,118.84337,81.57
115,120,255.38833,169.35466666666667
115,121,133.94134,83.41183333333333
115,122,98.06596,64.36433333333333
116,0,18.030939999999998,21.882
116,1,8.16817,15.011833333333334
116,2,19.57398,25.5665
116,3,97.42115,63.77766666666666
116,4,103.21805,117.53433333333334
116,5,23.26551,28.7655
116,6,15.56793,21.041833333333333
116,7,16.105790000000002,21.550166666666666
116,8,49.081129999999995,44.79966666666667
116,9,10.10155,17.607666666666667
116,10,100.07645,86.70133333333334
116,11,69.23602000000001,59.30283333333333
116,12,24.65971,30.172
116,13,45.014489999999995,34.91816666666667
116,14,32.87498,36.46216666666667
116,15,40.45929,45.06816666666667
116,16,131.31017,93.54816666666667
116,17,24.59618,29.297666666666665
116,18,21.8122,28.255333333333333
116,19,13.06514,22.67716666666667
116,20,22.84416,27.720833333333335
116,21,23.141959999999997,29.800833333333333
116,22,56.44505,45.57416666666666
116,23,9.16157,16.698333333333334
116,24,65.12358,44.51199999999999
116,25,30.965310000000002,39.14933333333333
116,26,79.42209,56.67616666666667
116,27,31.425169999999998,22.4165
116,28,37.28881,34.37133333333334
116,29,123.43281,85.77416666666666
116,30,35.04704,44.992666666666665
116,31,11.45239,21.384166666666665
116,32,8.81232,16.729166666666668
116,33,39.93701,36.642500000000005
116,34,74.32363000000001,66.3875
116,35,77.41313000000001,89.44516666666667
116,36,84.10892999999999,78.76916666666666
116,37,18.741139999999998,30.509666666666664
116,38,82.9399,71.606
116,39,55.297059999999995,48.017
116,40,108.18909,78.64416666666666
116,41,71.19817,53.7755
116,42,24.121669999999998,24.550833333333333
116,43,84.39489999999999,52.72566666666667
116,44,19.17137,25.964166666666664
116,45,109.40567999999999,72.80333333333333
116,46,62.11316,42.77733333333333
116,47,40.32343,33.65683333333333
116,48,12.402790000000001,21.3995
116,49,28.38109,29.118499999999997
116,50,106.09266000000001,71.10650000000001
116,51,13.05119,23.834666666666667
116,52,104.24224000000001,117.825
116,53,23.14238,24.052500000000002
116,54,117.82941000000001,77.36983333333333
116,55,32.25143,31.54416666666667
116,56,43.844,56.65383333333333
116,57,79.73967999999999,57.23283333333333
116,58,71.88163,56.410666666666664
116,59,116.51908999999999,75.42983333333333
116,60,55.67607,48.30983333333334
116,61,68.11348,42.67100000000001
116,62,68.40592,66.14916666666666
116,63,23.61292,26.282833333333333
116,64,13.12193,21.641333333333332
116,65,61.226690000000005,49.31216666666667
116,66,107.76391000000001,77.84933333333333
116,67,108.11710000000001,73.87233333333333
116,68,43.51367,38.918
116,69,67.54078,59.410333333333334
116,70,63.80663,48.1565
116,71,102.87552000000001,105.62066666666666
116,72,31.40906,33.801
116,73,86.74148,58.05116666666667
116,74,33.93504,31.577333333333335
116,75,51.11041,48.058166666666665
116,76,16.36822,26.274166666666666
116,77,51.765010000000004,39.47616666666667
116,78,108.79417,74.73966666666666
116,79,62.72572,72.867
116,80,72.72882000000001,65.883
116,81,43.58463,41.974333333333334
116,82,93.42892,79.88866666666667
116,83,68.1563,47.1125
116,84,79.61372999999999,76.78566666666667
116,85,21.65992,33.413666666666664
116,86,77.15138,58.258
116,87,10.74404,13.527333333333333
116,88,129.07709,81.60100000000001
116,89,47.76125,37.76766666666666
116,90,108.39948,72.4995
116,91,27.619310000000002,29.630333333333333
116,92,10.200790000000001,18.0295
116,93,99.2002,93.93599999999999
116,94,27.06847,30.074833333333334
116,95,10.66306,16.0675
116,96,106.702,77.09466666666667
116,97,41.8377,39.35483333333333
116,98,10.499379999999999,19.797166666666666
116,99,21.05074,25.634
116,100,35.48857,30.484666666666666
116,101,15.09842,23.020333333333333
116,102,51.00141000000001,49.1125
116,103,85.02299000000001,70.49366666666667
116,104,22.6206,31.247666666666664
116,105,41.592699999999994,54.36233333333333
116,106,27.23243,31.854833333333332
116,107,29.0631,28.22416666666667
116,108,5.988729999999999,14.248166666666666
116,109,2.4562399999999998,5.690333333333333
116,110,2.80396,5.341833333333333
116,111,4.03414,7.1258333333333335
116,112,5.45208,9.304333333333334
116,113,6.08472,13.0695
116,114,4.693149999999999,8.788333333333332
116,115,4.48653,9.2655
116,116,0.0,0.0
116,117,10.48922,16.874833333333335
116,118,214.56847,144.29183333333333
116,119,111.96914,76.34316666666668
116,120,250.52525,163.71183333333332
116,121,133.77825,82.633
116,122,94.31141000000001,66.36866666666667
117,0,6.847060000000001,12.249833333333333
117,1,8.54017,14.194333333333333
117,2,17.83107,25.272333333333332
117,3,102.44378999999999,70.25833333333334
117,4,113.91114,130.171
117,5,27.76992,31.9545
117,6,17.88061,24.369000000000003
117,7,26.116139999999998,36.05
117,8,58.30414,56.60733333333334
117,9,23.19452,30.099333333333334
117,10,105.09908999999999,93.182
117,11,76.70517,67.78
117,12,22.17887,32.798500000000004
117,13,50.03713,41.39883333333333
117,14,37.379400000000004,39.65116666666667
117,15,47.92844,53.54533333333333
117,16,136.33283,100.02883333333332
117,17,29.10059,32.486666666666665
117,18,26.31661,31.4445
117,19,15.43608,25.657333333333334
117,20,32.8545,42.220666666666666
117,21,40.49549,44.15983333333334
117,22,52.18104,38.85116666666667
117,23,15.82856,23.526999999999997
117,24,74.34658999999999,56.31966666666666
117,25,41.6584,51.785999999999994
117,26,88.64511,68.48383333333332
117,27,40.64818,34.22416666666666
117,28,41.79323,37.56033333333333
117,29,128.45544999999998,92.25483333333334
117,30,52.40057,59.35166666666667
117,31,15.20238,26.5645
117,32,12.29148,19.466333333333335
117,33,44.44143,39.8315
117,34,81.79277,74.86466666666666
117,35,88.10621,102.08166666666666
117,36,93.33194,90.57683333333333
117,37,10.63852,26.076833333333333
117,38,77.26535000000001,74.00383333333333
117,39,50.22189,44.71933333333333
117,40,113.21173,85.12483333333333
117,41,66.93416,47.0525
117,42,9.17176,14.535
117,43,93.61791000000001,64.53333333333333
117,44,23.67578,29.153166666666667
117,45,114.42832000000001,79.284
117,46,71.33617,54.584833333333336
117,47,47.79258,42.134
117,48,14.23266,21.86916666666667
117,49,35.85024,37.595666666666666
117,50,111.1153,77.58716666666666
117,51,17.5556,27.023666666666667
117,52,114.93533000000001,130.46166666666667
117,53,30.61153,32.529666666666664
117,54,122.85205,83.8505
117,55,36.755849999999995,34.73316666666666
117,56,34.93928,54.09166666666667
117,57,88.9627,69.04050000000001
117,58,67.61762,49.6875
117,59,121.54173,81.91066666666667
117,60,64.89908,60.1175
117,61,77.33649000000001,54.47866666666666
117,62,75.87507000000001,74.62633333333333
117,63,28.63556,32.7635
117,64,14.951799999999999,22.111
117,65,66.24933999999999,55.792833333333334
117,66,117.14853,84.58166666666666
117,67,113.13974,80.35300000000001
117,68,38.4385,35.62016666666667
117,69,62.46561,56.1125
117,70,68.82927000000001,54.63733333333333
117,71,112.09853,117.42833333333333
117,72,30.93234,38.98133333333333
117,73,91.76413000000001,64.53183333333332
117,74,29.67103,24.854333333333333
117,75,46.798610000000004,41.49933333333333
117,76,18.19809,26.743833333333335
117,77,56.78766,45.95683333333333
117,78,113.81681,81.22033333333334
117,79,73.41881,85.50366666666667
117,80,81.95183999999999,77.69066666666666
117,81,48.08905,45.163333333333334
117,82,98.45156,86.36933333333333
117,83,73.17895,53.59316666666667
117,84,88.83673,88.59333333333333
117,85,12.75521,30.851333333333333
117,86,84.62052,66.73516666666667
117,87,20.75439,28.02716666666667
117,88,134.09973000000002,88.08166666666666
117,89,55.2304,46.245
117,90,113.42213000000001,78.98016666666668
117,91,23.16215,35.283
117,92,12.03066,18.499166666666667
117,93,108.42322,105.74366666666667
117,94,31.57289,33.26383333333333
117,95,18.13221,24.544666666666668
117,96,111.72464,83.57533333333335
117,97,51.06071,51.1625
117,98,12.32925,20.266833333333334
117,99,25.55515,28.823
117,100,30.413400000000003,27.186833333333333
117,101,17.322779999999998,29.495833333333334
117,102,55.50583,52.301500000000004
117,103,90.04563,76.97433333333333
117,104,27.12501,34.43683333333333
117,105,60.31062,66.8185
117,106,37.24277,46.35466666666667
117,107,33.57197,37.897166666666664
117,108,9.48847,18.488166666666665
117,109,12.00197,19.41916666666667
117,110,8.30395,12.923333333333334
117,111,8.126479999999999,13.533833333333332
117,112,5.478680000000001,8.798333333333334
117,113,8.96476,15.126166666666668
117,114,12.247489999999999,18.451833333333333
117,115,15.15441,22.85666666666667
117,116,10.348930000000001,16.579166666666666
117,117,0.0,0.0
117,118,219.59113,150.77266666666668
117,119,107.70513000000001,69.61999999999999
117,120,255.54789000000002,170.1925
117,121,143.00125,94.44066666666666
117,122,98.81583,69.55766666666666
118,0,222.994,144.98250000000002
118,1,221.11467000000002,150.46833333333333
118,2,204.10110999999998,136.54933333333332
118,3,118.112,79.753
118,4,258.5193,221.207
118,5,236.87838,167.35883333333334
118,6,201.05910999999998,130.46683333333334
118,7,230.15464,158.7275
118,8,213.22973000000002,162.7925
118,9,223.77147,156.14600000000002
118,10,88.94760000000001,87.88883333333334
118,11,283.87294,198.11466666666666
118,12,238.27257999999998,168.76533333333333
118,13,171.51738,111.46783333333333
118,14,246.48784,175.0555
118,15,255.0962,183.88
118,16,101.72607,81.33933333333333
118,17,238.20905,167.89083333333335
118,18,235.42506,166.84866666666667
118,19,226.678,161.2705
118,20,234.00379999999998,159.47233333333332
118,21,237.19081,166.97816666666668
118,22,223.56075,163.1115
118,23,223.79848,155.51033333333334
118,24,179.78576999999999,132.0165
118,25,242.14944,167.45016666666666
118,26,157.52454999999998,133.55566666666667
118,27,189.70638,138.73733333333334
118,28,250.90167000000002,172.96466666666666
118,29,102.75014,77.40033333333334
118,30,249.09589000000003,182.17000000000002
118,31,226.08929999999998,160.19616666666667
118,32,222.42519000000001,155.32250000000002
118,33,253.54988,175.23583333333332
118,34,288.96053,205.19933333333333
118,35,243.24664,203.11533333333333
118,36,222.98905,179.92483333333334
118,37,233.99313,162.82483333333332
118,38,130.42402,136.05683333333334
118,39,185.25775,136.185
118,40,85.24061999999999,88.81383333333333
118,41,243.52673000000001,157.42083333333332
118,42,218.01072,141.18833333333333
118,43,143.93406,114.93433333333334
118,44,232.78423,164.5575
118,45,106.14657000000001,75.63799999999999
118,46,165.41442,115.29533333333333
118,47,254.96034,172.46883333333332
118,48,225.7012,158.12616666666665
118,49,243.018,167.9305
118,50,101.07024,77.56566666666666
118,51,226.66406,162.428
118,52,259.54348,221.49766666666667
118,53,237.77928,162.86450000000002
118,54,112.08772,77.8985
118,55,245.8643,170.1375
118,56,258.29389000000003,190.83966666666666
118,57,147.12359,100.17883333333333
118,58,252.99933,168.107
118,59,100.31411999999999,70.45483333333333
118,60,194.55619000000002,149.4655
118,61,157.60159,123.47316666666667
118,62,283.04284,204.96099999999998
118,63,196.84005,130.46
118,64,226.42034,158.368
118,65,168.30194,114.28166666666667
118,66,118.35205,87.2565
118,67,80.5097,78.9825
118,68,201.61794,142.19583333333333
118,69,189.13777,138.49583333333334
118,70,168.84325,115.14733333333334
118,71,212.14223,193.64849999999998
118,72,246.04597,172.61283333333333
118,73,129.47683,87.16533333333334
118,74,209.89519,151.65533333333332
118,75,209.31316,151.88950000000003
118,76,229.66663,163.00083333333333
118,77,167.22613,109.38550000000001
118,78,98.91472999999999,74.81400000000001
118,79,235.9615,193.89566666666667
118,80,179.93897,153.863
118,81,257.1975,180.5675
118,82,104.81223,103.77216666666666
118,83,148.80982999999998,97.8045
118,84,190.36053,167.1218333333333
118,85,236.10981,167.5993333333333
118,86,291.78828000000004,197.06983333333335
118,87,224.79289,150.70466666666667
118,88,88.07516,62.74183333333334
118,89,262.39815999999996,176.57966666666667
118,90,118.84416,87.12566666666666
118,91,242.25622,168.44216666666668
118,92,223.4992,154.75616666666667
118,93,238.08031,195.09166666666667
118,94,240.68134,168.668
118,95,225.29997,154.87933333333334
118,96,85.79288000000001,83.6985
118,97,216.13064000000003,162.44616666666667
118,98,223.7978,156.524
118,99,234.66360999999998,164.22716666666665
118,100,198.8502,138.2275
118,101,229.73532999999998,161.83216666666667
118,102,264.61428,187.70583333333335
118,103,104.01774,104.25916666666667
118,104,236.23347,169.84099999999998
118,105,220.99705,173.81433333333334
118,106,238.39208,163.6063333333333
118,107,198.95048,134.98566666666667
118,108,219.34455,152.48466666666667
118,109,216.65359,145.46716666666669
118,110,215.2855,141.66116666666667
118,111,214.34316,139.8525
118,112,216.02798,144.094
118,113,218.98636,150.61633333333333
118,114,212.15547,137.03416666666666
118,115,217.57925,145.35283333333334
118,116,214.19747,139.77700000000002
118,117,221.74672,147.12
118,118,0.0,0.0
118,119,228.24860999999999,151.38816666666668
118,120,137.18506,99.40933333333334
118,121,163.47681,108.06916666666666
118,122,307.92428,204.962
119,0,97.93665,63.18716666666667
119,1,109.17232000000001,74.11616666666667
119,2,103.35796,76.35583333333334
119,3,198.91377,123.4385
119,4,227.90039000000002,185.1705
119,5,128.40208,91.87650000000001
119,6,103.4075,75.45266666666666
119,7,129.97588000000002,96.65633333333334
119,8,157.34232999999998,109.91883333333334
119,9,123.82668,90.02133333333333
119,10,137.54389,120.7925
119,11,177.33732999999998,127.702
119,12,115.01088,88.92233333333334
119,13,146.50710999999998,94.579
119,14,138.01155,99.57316666666667
119,15,148.56059,113.46733333333333
119,16,232.8028,153.209
119,17,129.73274,92.40866666666668
119,18,126.94877000000001,91.36633333333333
119,19,116.06823,85.57933333333334
119,20,142.12398000000002,100.53850000000001
119,21,141.12764,104.08183333333334
119,22,62.29304,45.175333333333334
119,23,116.46071,83.449
119,24,173.38479999999998,109.631
119,25,150.26963,108.51616666666668
119,26,187.68329999999997,121.79533333333333
119,27,139.68638,87.5355
119,28,142.42538000000002,97.48233333333333
119,29,224.92542,145.435
119,30,153.03272,119.27366666666667
119,31,116.5188,87.16683333333334
119,32,112.92363,79.38833333333334
119,33,145.07358,99.7535
119,34,182.42492000000001,134.78666666666666
119,35,196.71744,158.8118333333333
119,36,192.37014000000002,143.88816666666668
119,37,108.93578,81.02950000000001
119,38,110.82773,97.36083333333333
119,39,110.47191000000001,80.54333333333334
119,40,209.68172,138.30499999999998
119,41,36.45992,27.352333333333334
119,42,94.50706,62.8295
119,43,192.65610999999998,117.84466666666667
119,44,124.30793,89.07516666666668
119,45,210.89829999999998,132.46416666666667
119,46,170.37436,107.89633333333333
119,47,148.42473,102.056
119,48,114.86480999999999,81.791
119,49,136.48239,97.51766666666667
119,50,207.58528,130.76733333333334
119,51,118.18776,86.94566666666667
119,52,228.92455999999999,185.46099999999998
119,53,131.24369000000002,92.45166666666667
119,54,219.32203,137.03066666666666
119,55,137.388,94.65516666666667
119,56,133.23655,109.04433333333333
119,57,188.00089000000003,122.35183333333333
119,58,45.93252,38.038333333333334
119,59,218.01170000000002,135.09083333333334
119,60,163.93726999999998,113.429
119,61,176.37469000000002,107.78999999999999
119,62,176.50722,134.54833333333332
119,63,125.10553,85.94366666666666
119,64,115.58395,82.03299999999999
119,65,162.71931,108.973
119,66,213.61852,137.76183333333333
119,67,209.60972,133.53316666666666
119,68,98.68852000000001,71.44433333333333
119,69,96.8489,79.63550000000001
119,70,116.49579,100.24733333333333
119,71,211.13672,170.73966666666666
119,72,131.5645,98.90333333333334
119,73,188.23409,117.712
119,74,82.88734,55.35366666666666
119,75,71.11195,57.791333333333334
119,76,113.96836,86.38933333333333
119,77,153.25763,99.137
119,78,210.2868,134.40066666666667
119,79,182.03003,142.23383333333334
119,80,180.99003,131.00216666666668
119,81,148.7212,105.08533333333334
119,82,124.26329,104.568
119,83,169.64892,106.77333333333333
119,84,187.87494,141.90466666666669
119,85,111.05246000000001,85.80416666666666
119,86,185.25267000000002,126.65716666666667
119,87,124.61413,88.6335
119,88,230.5697,141.26183333333333
119,89,155.86255,106.16683333333334
119,90,209.89209,132.16033333333334
119,91,123.7943,95.205
119,92,112.6628,78.42116666666668
119,93,207.46141,159.05499999999998
119,94,132.20505,93.18583333333332
119,95,118.76436,84.46666666666667
119,96,146.22739,131.68366666666668
119,97,150.09891,104.47399999999999
119,98,112.96141,80.18883333333333
119,99,126.18730000000001,88.74499999999999
119,100,89.35615,60.85133333333333
119,101,121.25872,89.42049999999999
119,102,156.13798,112.2235
119,103,141.46772,122.70166666666667
119,104,127.75716,94.35866666666668
119,105,159.34881,120.13000000000001
119,106,146.51225,104.6725
119,107,130.04194999999999,91.07733333333334
119,108,111.65961999999999,80.5895
119,109,114.17311,81.5205
119,110,110.47509,75.02466666666666
119,111,110.37255,73.95883333333333
119,112,107.14335000000001,69.99483333333333
119,113,111.18789,77.152
119,114,114.49355,78.87683333333332
119,115,117.40048,83.28166666666667
119,116,112.52008000000001,78.6805
119,117,107.58436999999999,70.8195
119,118,229.51606,151.28433333333334
119,119,0.0,0.0
119,120,352.01788,223.37266666666667
119,121,242.03945000000002,147.752
119,122,199.44798,129.47966666666667
120,0,255.29148,171.29983333333334
120,1,253.41216,176.78566666666666
120,2,236.39858999999998,162.86666666666667
120,3,150.4095,106.07033333333334
120,4,290.81678000000005,247.52433333333332
120,5,269.17588,193.67616666666666
120,6,233.35661,156.78416666666666
120,7,262.45213,185.04483333333334
120,8,245.52722,189.10983333333334
120,9,256.06897,182.4633333333333
120,10,151.69913,134.36016666666666
120,11,316.17044,224.432
120,12,270.57006,195.08266666666665
120,13,203.81488000000002,137.78516666666667
120,14,278.78534,201.37283333333335
120,15,287.39369,210.19733333333335
120,16,134.22747,109.52033333333334
120,17,270.50653000000005,194.20816666666667
120,18,267.72256,193.166
120,19,258.9755,187.58783333333335
120,20,266.30128,185.78966666666665
120,21,269.48831,193.2955
120,22,255.85825,189.42883333333333
120,23,256.09597,181.82766666666666
120,24,212.08327,158.33383333333333
120,25,274.44694,193.76749999999998
120,26,189.82203,159.873
120,27,222.00385999999997,165.0546666666667
120,28,283.19919,199.282
120,29,135.04764,103.71766666666667
120,30,281.39338,208.48733333333334
120,31,258.3868,186.5135
120,32,254.72267000000002,181.6398333333333
120,33,285.84738,201.55316666666667
120,34,321.25803,231.51666666666668
120,35,275.54413,229.43266666666665
120,36,255.28653,206.2421666666667
120,37,266.29063,189.14216666666667
120,38,220.27403,164.91416666666666
120,39,217.55523000000002,162.50233333333333
120,40,145.70334,120.3725
120,41,279.39453000000003,201.1055
120,42,250.30822,167.50566666666666
120,43,176.23156,141.2515
120,44,265.08171999999996,190.87483333333333
120,45,138.44406,101.95533333333333
120,46,197.71192000000002,141.61266666666668
120,47,287.25784000000004,198.78616666666667
120,48,257.99869,184.4435
120,49,275.3155,194.24783333333335
120,50,133.36773000000002,103.883
120,51,258.96155,188.74533333333332
120,52,291.84096999999997,247.815
120,53,270.07678000000004,189.18183333333334
120,54,144.38522,104.21583333333334
120,55,278.16178,196.45483333333334
120,56,290.59138,217.157
120,57,179.42109,126.49616666666667
120,58,280.07797,203.7405
120,59,132.61160999999998,96.77199999999999
120,60,226.85367000000002,175.78283333333331
120,61,189.89908,149.7905
120,62,315.34031,231.27833333333334
120,63,229.13754999999998,156.77733333333333
120,64,258.71783,184.68533333333335
120,65,200.59942,140.59900000000002
120,66,150.64954999999998,113.57383333333334
120,67,141.01744,111.27416666666666
120,68,233.91544,168.51316666666668
120,69,221.43527,164.8131666666667
120,70,201.14075,141.46466666666666
120,71,244.43972,219.96583333333334
120,72,278.34346999999997,198.93016666666665
120,73,161.77433,113.48266666666667
120,74,242.19269,177.97266666666667
120,75,241.61066,178.20683333333332
120,76,261.96413,189.31816666666666
120,77,199.52363,135.70283333333333
120,78,131.21222,101.13133333333333
120,79,268.259,220.21300000000002
120,80,212.23645000000002,180.18033333333332
120,81,289.495,206.88483333333335
120,82,167.56375,150.24366666666668
120,83,181.10733,124.12183333333334
120,84,222.65803,193.43916666666667
120,85,268.40731,193.91666666666666
120,86,324.08578,223.38716666666667
120,87,257.09039,177.022
120,88,120.37265,89.05916666666667
120,89,294.69566,202.897
120,90,151.14166,113.443
120,91,274.55372,194.7595
120,92,255.79669,181.0735
120,93,270.37781,221.40900000000002
120,94,272.97884000000005,194.98533333333336
120,95,257.59747,181.19666666666666
120,96,154.93832999999998,128.22733333333335
120,97,248.42814,188.7635
120,98,256.09528,182.84116666666665
120,99,266.96109,190.5445
120,100,231.14769,164.54483333333334
120,101,262.03283,188.1495
120,102,296.91178,214.023
120,103,207.15778,145.61533333333333
120,104,268.53096999999997,196.15833333333333
120,105,253.29455,200.13166666666666
120,106,270.68956,189.92366666666666
120,107,231.24797,161.303
120,108,251.64204999999998,178.80200000000002
120,109,248.95108,171.7845
120,110,247.583,167.9785
120,111,246.64064000000002,166.16983333333334
120,112,248.32548,170.41133333333335
120,113,251.28385999999998,176.93366666666668
120,114,244.45295000000002,163.35150000000002
120,115,249.87675,171.67016666666666
120,116,246.49495000000002,166.09433333333334
120,117,254.04422,173.43716666666666
120,118,134.02081,106.9715
120,119,320.1655,223.67299999999997
120,120,0.0,0.0
120,121,168.66514,133.5175
120,122,340.22178,231.27933333333334
121,0,148.53598000000002,93.199
121,1,141.43552,95.71316666666667
121,2,142.33728,93.42399999999999
121,3,95.06446000000001,73.94266666666667
121,4,144.1173,126.53783333333334
121,5,160.10795000000002,105.54766666666666
121,6,136.83413000000002,89.3215
121,7,145.93838,94.53766666666667
121,8,119.41827,84.88116666666666
121,9,142.23572000000001,92.29983333333332
121,10,116.13786999999999,100.7715
121,11,203.43194,135.92566666666667
121,12,161.50216,106.95416666666667
121,13,106.56505,88.45833333333333
121,14,169.71742,113.24433333333333
121,15,174.6552,121.691
121,16,84.10938,68.38583333333332
121,17,161.43860999999998,106.07966666666667
121,18,158.65464,105.0375
121,19,149.90758,99.45933333333333
121,20,125.85905,87.07483333333333
121,21,139.48505,102.53966666666666
121,22,186.95009,116.89133333333332
121,23,143.35748,93.32116666666667
121,24,86.37827,57.05733333333333
121,25,134.00469,95.0525
121,26,66.19896,54.54333333333333
121,27,102.91117,62.035666666666664
121,28,174.13125,111.1535
121,29,81.85217,70.77116666666667
121,30,164.87963,117.98016666666668
121,31,145.64831,98.007
121,32,145.59617,93.79533333333333
121,33,176.77945000000003,113.42466666666665
121,34,208.51954999999998,143.01033333333334
121,35,149.83913,128.156
121,36,129.58154,104.9655
121,37,157.06333999999998,109.04583333333333
121,38,134.42295000000001,122.32783333333333
121,39,174.72809,112.87100000000001
121,40,107.18726,92.7675
121,41,201.70322,125.09266666666667
121,42,143.55270000000002,89.40483333333333
121,43,50.05309,35.945
121,44,156.01381,102.74633333333333
121,45,85.48777,71.60300000000001
121,46,84.5813,56.98683333333334
121,47,174.51934,110.27966666666666
121,48,150.725,99.9355
121,49,162.57701999999998,105.74133333333333
121,50,91.94048,77.1805
121,51,149.89363,100.61683333333333
121,52,153.19359,136.6688333333333
121,53,157.33829999999998,100.67533333333334
121,54,76.10788000000001,60.830666666666666
121,55,169.09388,108.32633333333334
121,56,182.1662,135.19
121,57,79.39609,65.63683333333333
121,58,202.38667,127.72766666666666
121,59,88.1862,71.53233333333333
121,60,101.14867,74.50633333333333
121,61,65.50951,42.11
121,62,202.60184,142.772
121,63,125.91373,81.94733333333333
121,64,151.44414,100.17733333333334
121,65,90.62791,75.18483333333333
121,66,76.40313,61.940333333333335
121,67,107.11525999999999,87.99549999999999
121,68,162.94472,103.77199999999999
121,69,135.58419,122.22683333333333
121,70,115.28967,98.87833333333333
121,71,84.30103,100.12366666666667
121,72,165.60498,110.42366666666666
121,73,85.24884,66.9375
121,74,164.44008,102.89450000000001
121,75,170.54145,112.91216666666666
121,76,154.69044,104.81033333333333
121,77,99.78533,84.27283333333334
121,78,94.43431,80.21566666666666
121,79,142.554,118.9365
121,80,69.03205,66.907
121,81,180.42708,118.75633333333333
121,82,140.98558,114.46333333333334
121,83,104.85547,81.54233333333333
121,84,79.45362,80.16583333333332
121,85,159.98214000000002,111.94983333333333
121,86,211.3473,134.88083333333333
121,87,140.57663,86.51483333333334
121,88,100.74419999999999,77.70333333333333
121,89,181.95717000000002,114.3905
121,90,75.2253,61.287666666666674
121,91,161.81523,106.25316666666666
121,92,147.95859,96.45833333333333
121,93,144.67281,120.13233333333332
121,94,163.91092,106.85683333333333
121,95,144.85898,92.69033333333333
121,96,107.44778,90.94149999999999
121,97,122.31919,84.53483333333334
121,98,147.36778,97.79933333333334
121,99,157.89317000000003,102.416
121,100,154.91960999999998,95.33866666666667
121,101,149.29434,99.643
121,102,187.84385999999998,125.89466666666667
121,103,130.90592,103.03583333333333
121,104,159.46304999999998,108.02983333333333
121,105,127.18558999999999,95.90283333333333
121,106,130.24732,91.20883333333333
121,107,115.18769999999999,77.86183333333334
121,108,139.38038,93.29583333333333
121,109,135.03001999999998,85.4215
121,110,136.07129999999998,86.04316666666666
121,111,136.51208,85.20783333333334
121,112,138.9105,89.9975
121,113,139.35205,93.77066666666666
121,114,131.85411,80.73966666666666
121,115,133.36298000000002,81.163
121,116,133.77903,81.78366666666668
121,117,142.92672,93.8335
121,118,163.45288,114.78500000000001
121,119,242.47419,147.66016666666667
121,120,169.18773000000002,134.3275
121,121,0.0,0.0
121,122,231.15385999999998,143.1508333333333
122,0,103.83631,70.27533333333334
122,1,93.44547999999999,63.04883333333333
122,2,111.1762,83.4315
122,3,190.29188,126.9855
122,4,195.76842000000002,171.10183333333333
122,5,75.48389999999999,48.14816666666666
122,6,111.22574,82.52833333333334
122,7,106.3817,74.71733333333333
122,8,145.65581,107.79566666666666
122,9,98.81123,66.28633333333333
122,10,192.94717,149.90916666666666
122,11,152.32188,103.96700000000001
122,12,87.03662,53.8895
122,13,137.88522,98.126
122,14,78.45183999999999,51.67916666666667
122,15,85.49969999999999,63.845
122,16,224.18091,156.756
122,17,71.58978,44.87916666666667
122,18,77.84539,49.135999999999996
122,19,82.27537,49.352666666666664
122,20,113.12006,80.88799999999999
122,21,116.1122,80.34683333333334
122,22,142.25042000000002,93.96766666666667
122,23,88.78763000000001,57.72816666666667
122,24,161.69826999999998,107.50783333333334
122,25,123.51567999999999,92.71666666666667
122,26,175.99678,119.67216666666667
122,27,127.99985000000001,85.4125
122,28,60.33688,38.22933333333334
122,29,216.30353,148.982
122,30,128.01727,95.53866666666666
122,31,86.65682000000001,55.57866666666666
122,32,86.67691,52.277
122,33,62.98508,40.5005
122,34,107.88489999999999,100.76583333333333
122,35,169.9635,143.0125
122,36,180.68361,141.765
122,37,94.94595,61.68566666666666
122,38,170.61048000000002,132.16299999999998
122,39,143.56701999999999,102.8785
122,40,201.05982999999998,141.852
122,41,157.00355,102.16900000000001
122,42,103.62924000000001,75.99633333333333
122,43,180.96957999999998,115.7215
122,44,80.78655,51.282666666666664
122,45,202.27641,136.01116666666667
122,46,158.68784,105.77316666666667
122,47,123.40928,78.321
122,48,90.44671000000001,59.975833333333334
122,49,94.06255,71.74183333333333
122,50,198.96339,134.31433333333334
122,51,85.20828,55.1965
122,52,233.33288000000002,166.98166666666665
122,53,106.22823,68.71666666666667
122,54,210.70014,140.57766666666666
122,55,63.98796,39.417500000000004
122,56,89.07484,83.65333333333334
122,57,176.31436,120.22883333333333
122,58,157.687,104.80416666666666
122,59,209.38981,138.63783333333333
122,60,152.25075,111.30583333333334
122,61,164.68816,105.667
122,62,98.9877,93.98716666666665
122,63,116.48364,89.49066666666666
122,64,84.89967,54.842999999999996
122,65,154.09742,112.52016666666667
122,66,204.33859,140.84533333333331
122,67,200.98782999999997,137.08016666666666
122,68,131.78364000000002,93.77933333333334
122,69,155.81075,114.27183333333333
122,70,156.67736,111.36449999999999
122,71,199.45020000000002,168.61666666666667
122,72,78.95647,53.04833333333333
122,73,179.6122,121.259
122,74,119.74041,79.97083333333333
122,75,136.868,96.61583333333333
122,76,90.01671,58.616
122,77,144.63573000000002,102.684
122,78,201.66491,137.94766666666666
122,79,155.27609,126.43433333333334
122,80,169.3035,128.879
122,81,66.237,45.10916666666667
122,82,186.29966000000002,143.09650000000002
122,83,161.02703,110.32033333333334
122,84,176.18841,139.7815
122,85,94.26778,63.23466666666666
122,86,160.23723,102.92216666666667
122,87,101.01995,66.6945
122,88,221.94781,144.80883333333335
122,89,130.8471,82.432
122,90,201.27020000000002,135.70733333333334
122,91,83.24503999999999,59.21633333333333
122,92,88.40802000000001,56.443666666666665
122,93,195.77489000000003,156.93183333333334
122,94,73.31747999999999,46.8935
122,95,93.74891000000001,60.73166666666667
122,96,199.57272,140.30249999999998
122,97,128.52564999999998,96.89416666666666
122,98,85.85798,53.1305
122,99,74.74046000000001,46.278666666666666
122,100,123.75854,85.346
122,101,88.27924,57.67133333333334
122,102,67.27505000000001,47.99583333333333
122,103,177.89372,133.7015
122,104,81.86650999999999,55.08883333333333
122,105,134.14306,107.92966666666666
122,106,117.50833999999999,85.02199999999999
122,107,125.63777999999999,91.22
122,108,90.04133999999999,59.32666666666667
122,109,92.52902,61.91683333333334
122,110,93.25419000000001,63.55533333333334
122,111,95.6283,68.31566666666666
122,112,93.69874,62.13
122,113,89.68769,57.27916666666667
122,114,102.49472999999999,71.69283333333333
122,115,96.8915,64.95183333333334
122,116,94.2437,64.83216666666667
122,117,97.85508999999999,67.98583333333333
122,118,307.43919,207.49983333333333
122,119,197.77452,124.73666666666666
122,120,343.39597,226.91966666666667
122,121,230.35292,145.629
122,122,0.0,0.0
